prefix,variable,n_vars,description
g,g_ef4,328,Lieferart
g,g_ef5a,328,Festsetzungs- oder Zerlegungssatz
g,g_ef7,328,Bundeseinheitliche Finanzamtsnummer
g,g_ef8,328,Steuernummer
g,g_ef9,328,Bundeseinheitliche Finanzamtsnummer alt
g,g_ef10,328,Steuernummer alt
g,g_fef14,328,Zerlegungsfall
g,g_fef17,328,Betriebsgrößenklasse
g,g_fef19,328,Wechsel der Rechtsform
g,g_fef20,328,Art der Ertragsteuerpflicht
g,g_fef21,328,Organschaft / Organträger
g,g_fef22,328,Bundeseinheitliche Finanzamtsnummer des Organträgers
g,g_fef23,328,Steuernummer des Organträgers
g,g_fef26,328,Anzahl Anlagen ÖHG
g,g_fef27,328,Abweichendes Wirtschaftsjahr
g,g_fef28,328,Tarif zur Festsetzung des Steuermessbetrags
g,g_fef29,328,Handelsregisternummer (Registerkennung und Registernummer)
g,g_fef30,328,Postleitzahl des Orts der Eintragung in das Handels- u. Genossenschaftsregister
g,g_fef31,328,Ort der Eintragung in das Handels- u. Genossenschaftsregister
g,g_fef32,328,Steuernummer des anderen Steuerschuldners bei Rechtsformwechsel
g,g_fef33,328,Dauer der persönlichen Steuerpflicht in Monaten bei einem Rechtsformwechsel (Einzelgewerbetreibende und Personengesellschaften)
g,g_fef299,328,Steuernummer der verknüpften Zerlegung
g,g_fef301,328,Anzahl der Zerlegungsgemeinden
g,g_fef303,328,"Rechtsform, aktualisiert"
g,g_fef304u1,328,"Wirtschaftszweig 2008, aktualisiert"
g,g_fef304u2,328,Wirtschaftszweig 2008 (Zusatzschlüssel)
g,g_fef307,328,"amtlicher Gemeindeschlüssel (AGS), aktualisiert"
g,g_fef310,328,Summe Zerlegungsanteile in Euro
g,g_fef311,328,Gewerbesteuerhebesatz
g,g_fef311_round,328,Gewerbesteuerhebesatz gerundet
g,g_fef313,328,Steuernummer des verknüpften Organträgers
g,g_fef314,328,Anzahl der Organgesellschaften
g,g_fef315,328,Summe Hinzurechnungen
g,g_fef316,328,Summe Kürzungen
g,g_k20101,328,"Summe der Korrekturbeträge zum Gewerbeertrag der Organgesellschaften §§ 20, 21 InvStG"
g,g_k20102,328,Summe Korrekturbeträge zum Gewerbeertrag der Organgesellschaften § 45 Abs. 1 Satz 2 InvStG
g,g_k20103,328,"Korrekturbetrag §§ 20, 21 InvStG, wenn der Organträger eine natürliche Person ist"
g,g_k20104,328,"Korrekturbetrag §§ 20, 21 InvStG, wenn der Organträger eine Körperschaft ist"
g,g_k20105,328,"Korrekturbetrag §§ 20, 21 InvStG, wenn der Organträger eine Personengesellschaft ist"
g,g_k20106,328,"Korrekturbetrag § 45 Abs. 1 InvStG, wenn der Organträger eine Körperschaft ist"
g,g_k20107,328,Stille Reserven zum Zeitpunkt des schädlichen Beteiligungserwerbs nach § 8c Abs. 1 KStG
g,g_k2012,328,Bei Mehrbetriebsunternehmen: nicht abziehbare Verluste § 10a Satz 10 GewStG (Vorjahr)
g,g_k2013,328,Bei Mehrbetriebsunternehmen:nicht abziehbare Verluste § 10a Satz 10 GewStG (lfd. Jahr)
g,g_k2018,328,In K 22.48 enthaltene vororganschaftl. Verluste
g,g_k2030,328,Erweiterte Kürzung bei Grundstücksunternehmen § 9 Nr. 1 Sätze 2 u. 3 GewStG
g,g_k2031,328,Anteile am Gewinn von Personengesellschaften § 9 Nr. 2 GewStG
g,g_k2035,328,Im Erhebungszeitraum sind Ereignisse i.S. des § 8d Abs. 2 KStG eingetreten
g,g_k2038,328,Aufgrund einer beantragten Feststellung eines fortführungsgebundenen Körperschaftssteuer-Verlustvortrages ist § 8d KStG sinngemäß auf die Gewerbesteuerfehlbeträge anzuwenden (§ 10a Satz 10 GewStG)
g,g_k2043,328,Bei Mehrbetriebsunternehmen: Verlustanteil ausgeschiedener Gesellschafter (Betrag) Vorjahr
g,g_k2049,328,Weggefallener Verlust lfd. Jahr bei Übertragung § 8c KStG
g,g_k2051,328,Einheitswert für Grundbesitz in Betriebsvermögen (ggf. 140 %)
g,g_k2053,328,Dem Gewerbeertrag einer KGaA hinzugerechnete Gewinnanteile § 9 Nr. 2b GewStG
g,g_k2057,328,"Summe Umsätze und Löhne für Zuwendungen ungerundet, in vollen Euro"
g,g_k2073,328,Zuwendungsvortrag zum 31.12. des Vorjahres ab 2007 (K 22.73 oder K 65.532 aus dem Vorjahr)
g,g_k2082,328,Auflösungs-/Veräußerungs-Gewinn nach § 18 Abs. 3 UmwStG
g,g_k2110,328,Gewinn aus Gewerbebetrieb
g,g_k2114,328,Gewinnanteile der persönlich haftenden Gesellschafter einer KGaA § 8 Nr. 4 GewStG
g,g_k2116,328,Anteil am Verlust von Personengesellschaften § 8 Nr. 8 GewStG (positiv)
g,g_k2117,328,Negativer Teil des Gewerbeertrags ausländischer Betriebsstätten § 9 Nr. 3 GewStG (positiv)
g,g_k2118,328,Nur bei Personengesellschaften: Nach § 7 Satz 4 GewStG abzuziehende steuerfreie Einnahmen nach § 3 Nr. 40 EStG und § 8b KStG bzw. hinzurechnende Beträge nach § 3c Abs. 2 EStG und § 8b KStG
g,g_k2119,328,Gewinnminderung bei Beteiligungsbesitz § 8 Nr. 10 GewStG
g,g_k2120,328,abzuziehende Kapitalertragssteuer nach § 36 a Abs. 1 EStG; nur für Personengesellschaften zugelassen
g,g_k2121,328,Korrekturbetrag negative Hinzurechnung i.S.d. H 7.1. GewStH
g,g_k2122,328,Ausländische Steuern § 8 Nr. 12 GewStG
g,g_k2123,328,"Nach §§ 20, 42 und 43 InvStG abzuziehende steuerfreie Erträge bzw. hinzuzurechnende Beträge nach §§ 21, 44 InvStG - nur bei Personengesellschaften"
g,g_k2126,328,"Kz. 21.26 gilt nur für Körperschaften, Kz. 21.69 für natürliche Personen, für PersG und Organschaften sind beide Kz. Zulässig"
g,g_k2127,328,Gewinne i.S.d. § 5a Abs. 4 EStG
g,g_k2128,328,Sonderbetriebseinnahmen § 5a Abs. 4a EStG
g,g_k2131,328,Entgelte für Schulden gem. § 8 Nr.1a GewStG (100%)
g,g_k2132,328,Renten und dauernde Lasten gem. § 8 Nr. 1b GewStG (100%)
g,g_k2133,328,Gewinnanteile des stillen Gesellschafters gem. § 8 Nr. 1c GewStG (100%)
g,g_k2134,328,Miete/Pachtzinsen für bewegliche WG gem. § 8 Nr. 1d GewStG (100 %)
g,g_k2135,328,Miete/Pachtzinsen für unbewegliche WG gem. § 8 Nr. 1e GewStG (100%)
g,g_k2136,328,Aufwendungen für Konzessionen/Lizenzen gem. § 8 Nr. 1 f GewStG (100%)
g,g_k2137,328,Aufwendungen für Konzessionen/Lizenzen gem. § 8 Nr. 1 f GewStG an Empfänger i.S.d. § 50a Abs. 1 Nr. 3 EStG
g,g_k2141,328,Entgelte für Schulden gem. § 8 Nr.1a GewStG (100%) für das 2. WJ im KJ
g,g_k2142,328,Renten und dauernde Lasten gem. § 8 Nr. 1b GewStG (100%) für das 2. WJ im KJ
g,g_k2143,328,Gewinnanteile des stillen Gesellschafters gem. § 8 Nr. 1c GewStG (100%) für das 2. WJ im KJ
g,g_k2144,328,Miete/Pachtzinsen für bewegliche WG gem. § 8 Nr. 1d GewStG (100 %) für das 2. WJ im KJ
g,g_k2145,328,Miete/Pachtzinsen für unbewegliche WG gem. § 8 Nr. 1e GewStG (100%) für das 2. WJ im KJ
g,g_k2146,328,Aufwendungen für Konzessionen/Lizenzen gem. § 8 Nr. 1f GewStG (100%) für das 2. WJ im KJ
g,g_k2147,328,Aufwendungen für Konzessionen/Lizenzen gem. § 8 Nr. 1 f GewStG an Empfänger i.S.d. § 50a Abs. 1 Nr. 3 EStG für das 2. WJ im KJ
g,g_k2150,328,Zuwendungen i.S.d. § 9 Abs. 1 KStG - § 8 Nr. 9 GewStG (K 21.50 bzw. K 65.579)
g,g_k2151,328,"Der Gewerbebetrieb ist nach § 3 Nr. xx GewStG partiell von der Gewerbesteuer befreit. (Hier wird die Nummer der Steuerbefreiungsvorschrift des § 3 GewStG eingetragen, gesetzliche Grundlage für Kz 21."
g,g_k2152,328,Von der Gewerbesteuer befreiter Anteil am Gewinn aus Gewerbebetrieb (Kz 21.10)
g,g_k2153,328,"Gesamtbetrag der bei der Ermittlung des Gewinns aus Gewerbebetrieb vorgenommenen Teilfreistellungen nach §§ 20, 21 InvStG (ggf. i.V. mit § 43 Abs. 3 und § 44 InvStG)"
g,g_k2154,328,Korrekturbetrag nach § 45 Abs. 1 InvStG für die Ermittlung des Gewerbeertrags beim Anleger
g,g_k2155,328,Der nach § 13 GewStDV von der Steuer befreite Anteil am Gewinn
g,g_k2163,328,Steuerfreie Beträge nach § 8b Abs. 1 und 4 KStG bzw. nach § 3 Nr. 41a EStG oder nach DBA
g,g_k2164,328,Steuerfreie Einkünfte nach § 3 Nr. 40 EStG i.V. mit § 3c Abs. 2 EStG - positive Beträge -
g,g_k2165,328,"Kürzung des Hinzurechnungsbetrages nach § 8 Nr. 1 GewStG aufgrund des § 9 Nr. 2a Satz 3 zweiter Halbsatz GewStG, § 9 Nr. 7 Satz 2 bzw. § 9 Nr. 8 Satz 2 GewStG für das 1. und 2.WJ"
g,g_k2166,328,"Kürzung des Hinzurechnungsbetrages nach § 8 Nr. 1 GewStG aufgrund des § 9 Nr. 2a Satz 3 zweiter Halbsatz GewStG, § 9 Nr. 7 Satz 2 bzw. § 9 Nr. 8 Satz 2 GewStG für das 1. und 2.WJ"
g,g_k2167,328,Steuerfreie Beträge nach § 3 Nr. 41a EStG oder nach DBA freizustellende Bezüge
g,g_k2168,328,Steuerfreie Einkünfte nach § 3 Nr. 40 EStG i.V. mit § 3c Abs. 2 EStG - negative Beträge -
g,g_k2169,328,"Hinzurechnungsbetrag nach § 8 Nr. 5 GewSt, soweit auf natürliche Personen entfallend"
g,g_k2201,328,Verbleibender geminderter Sanierungsertrag i.S. des § 7b Abs. 2 Satz 1 GewStG i.V. mit § 3a Abs. 3 Satz 1 EStG
g,g_k2202,328,"Kürzung nach § 9 Nr. 2a, 7 und 8 GewStG vor Anwendung des Teileinkünfteverfahrens"
g,g_k2207,328,festgesetzter einheitlich ermittelter Gewerbesteuermessbetrag bei Rechtsformwechsel
g,g_k2208,328,Auf den Steuerschuldner (Einzelunternehmen) entfallender Gewerbeertrag einschließlich Hinzurechnungen und Kürzungen bei Rechtsformwechsel
g,g_k2209,328,Auf den Steuerschuldner (Personengesellschaft) entfallender Gewerbeertrag einschließlich Hinzurechnungen und Kürzungen bei Rechtsformwechsel
g,g_k2210,328,Nicht abziehbarer Verlust der Vorjahre in %
g,g_k2214,328,Bei Mehrbetriebsunternehmen: nicht abziehbare Verluste § 10a Satz 10 GewStG (lfd. Jahr) in % (K 22.14 bzw. K 37.13)
g,g_k2215,328,Bei Mehrbetriebsunternehmen: nicht abziehbare Verluste § 10a Satz 10 GewStG (Vorjahr) in %
g,g_k2216,328,Verlustanteil ausgeschiedener Teilbetrieb (Vorjahr)
g,g_k2217,328,Weggefallener Verlust der Vorjahre bei Übertragung in %
g,g_k2220,328,Bei Betrieben gew. Art: zu übernehmender vortragsfähiger Verlust
g,g_k2221,328,Übernehmer: Positiver Gewerbeertrag in Fällen des § 2 Abs. 4 UmwStG
g,g_k2222,328,OT Übernehmer: Positiver Gewerbeertrag in Fällen des § 2 Abs. 4 UmwStG
g,g_k2223,328,Gewerbeertrag aus dem Betrieb von Handelsschiffen § 7 S. 2 GewStG
g,g_k2224,328,negative Einkünfte nach § 2 Abs. 5 UmwStG
g,g_k2225,328,Gewerbeertrag bei öffentlich-rechtlichen Rundfunkanstalten
g,g_k2226,328,"Kürzung nach § 9 Nr. 2a, 7 und 8 GewStG"
g,g_k2227,328,Korrekturbetrag Organträger Personenges.
g,g_k2228,328,Korrekturbetrag Organträger nat. Person
g,g_k2229,328,Korrekturbetrag Organträger Kapitalges.
g,g_k2232,328,Gewinn aus Anteilen an nicht steuerbefreiten inländ Kapitalgesell § 9 Nr 2a GewStG
g,g_k2233,328,Positiver Teil des Gewerbeertrags ausl. Betriebsstätten § 9 Nr. 3 GewStG
g,g_k2236,328,Auflösung von Pensionsrückstellungen bei Körperschaften
g,g_k2237,328,Gewinn aus Anteilen ausländischer Kapitalgesellschaften § 9 Nr 7 u 8 GewStG
g,g_k2240,328,Gewerbeverlust zum 31.12. des Vorjahres
g,g_k2241,328,Bei Mehrbetriebsunternehmen: Gewerbeertrag neu eingetretener Gesellschafter (Betrag)
g,g_k2242,328,Bei Mehrbetriebsunternehmen: Gewerbeertrag neu eingetretener Gesellschafter (in %)
g,g_k2244,328,Nicht abziehbarer Gewerbeverlust aus vorangegangenen Erhebungszeiträumen gem. § 10a S. 10 GewStG i. V. m. § 8c KStG
g,g_k2245,328,Bei RF-Wechsel übernommener Verlust
g,g_k2246,328,Bei der übertragenden Körperschaft im Fall der Abspaltung wegfallender Gewerbeverlust aus dem lfd. EHZ (%)
g,g_k2247,328,Verlustanteil übertragenes Vermögen Vorjahr
g,g_k2248,328,Verlustanteil auf übernommenes Vermögen
g,g_k2250,328,Wegfall. Verlust lfd. Jahr bei Übertragung in % § 8c KStG
g,g_k2252,328,Erhalt des vortragsfähigen fortführungsgebundenen Gewerbeverlustes nach § 10a Satz 10 GewStG i.V. mit § 8d Abs. 2 Satz 1 2. Halbsatz KStG durch entsprechende Anwendung des § 8c Abs. 1 Satz 6 bis 9 KSt bezogen auf die zum Schluss des vorangegangenen Erhebungszeitraums vorhandenen stillen Reserven
g,g_k2255,328,PersGes: Verlustabzug § 10a S. 1 GewStG
g,g_k2260,328,Gewerbeertrag der Organgesellschaften
g,g_k2261,328,Spartensummen (Summe der positiven Gewerbeerträge laut Anlage ÖHG)
g,g_k2262,328,von OG zu verst. Übertragungsgewinn
g,g_k2263,328,Großspendenvortrag von Spendern an Stiftungen
g,g_k2271,328,Zuwendungen zur Förderung steuerbegünstigter Zwecke i. S. d. §§ 52 - 54 AO ohne Stiftungszuwendungen
g,g_k2272,328,Zuwendungen in den Vermögensstock einer Stiftung ab 2007
g,g_k2274,328,Bei Mehrbetriebsunternehmen: Vorweg-Million-Kürzung (K 2274 bzw K 3774)
g,g_k2275,328,Bei Mehrbetriebsunternehmen: Verlustanteil ausgeschiedener Gesellschafter (Betrag) lfd Jahr (K 2275 bzw K 3775)
g,g_k2276,328,Bei Mehrbetriebsunternehmen: Verlustanteil ausgeschiedener Gesellschafter (%) lfd. Jahr
g,g_k2277,328,Großspendenvortrag vorangegangener Jahre
g,g_k2278,328,Im Fall der Abspaltung wegfallender Gewerbeverlust (lfd. Jahr)
g,g_k2279,328,"Gewerbeertrag der Organgesellschaften, hier Korrekturbeträge wegen § 8b KStG"
g,g_k2281,328,tatsächlich beschränkt abziehbare Verluste
g,g_k2284,328,Von einem anderen übernommener Zuwendungsvortrag gem. § 9 Nr. 5 S. 2 GewStG
g,g_k2285,328,Auf einen anderen übertragener Zuwendungsvortrag gem. § 9 Nr. 5 S. 2 GewStG (%)
g,g_k2286,328,Verlustant ausgesch Teilbetrieb (lfd Jahr)
g,g_k2287,328,Gewerbeertrag /-verlust lfd EHZ laut Anlage EMehrbetriebsunternehmen
g,g_k2288,328,Verlustabzug in Sanierungsfällen
g,g_k2289,328,Im Falle einer Abspaltung oder Teilübertragung: Übertragene Zuwendungsvorträge (Betrag)
g,g_k6510,328,Summe Gewinn und Hinzurechnungen
g,g_k65104,328,abzuziehender Betrag aus K 20.16 oder K 37.16 oder K17.16 (AKZ2016)
g,g_k65105,328,abzuziehender Betrag aus K 20.86 oder K 37.86 oder K17.86 (AKZ2086)
g,g_k65106,328,Zwischenwert für Zuwendungsberechnung aus K 20.57 gerundet auf volle 1000 €
g,g_k65107,328,Merker steuerfreier Verlust
g,g_k6511,328,Verbleibender Betrag nach Abzug der Kürzungen
g,g_k65113,328,Maschinell errechneter Gewerbeertrag/-verlust der Gesellschaft laut Anlage EMehrbetriebsunternehmen
g,g_k65114,328,Zwischensumme Gewerbeertrag für Berechnung des nichtabziehbaren Verlusts im Rückwirkungszeitraum
g,g_k65115,328,K 65.114 abzüglich K 20.21 und K 20.22
g,g_k65116,328,Gewerbeertrag nach Berücksichtigung der K 20.21 und K 20.22 (Nicht ausgleichsfähiger Verlust des übernehmenden Rechtsträgers § 2 Abs. 4 Satz 3 und 4 UmwStG )
g,g_k65117,328,Ertrag nach Berücks. von K 65.115 (Zwischensumme für Verlustberechnung)
g,g_k65119,328,Hundertsatz (StMesszahl) Gewerbeertrag mit NK
g,g_k65120,328,Merker MEINTRITT (für Verlustberechnung bei Pers.G.)
g,g_k65121,328,Merker MAUSTRITT (für Verlustberechnung bei Pers.G.)
g,g_k65122,328,Merker QUOTE-ANDERS (für Verlustberechnung bei Pers.G.)
g,g_k65123,328,"Kürzung des Hinzurechnungsbetrages nach § 8 Nr. 1 GewStG aufgrund des § 9 Nr. 2a S. 3 2. Halbsatz GewStG, § 9 Nr. 7 S. 2 bzw. § 9 Nr. 8 S. 2 GewStG, soweit sie auf das erste Wirtschaftsjahr entfällt"
g,g_k65129,328,"Kürzung des Hinzurechnungsbetrages nach § 8 Nr. 1 GewStG aufgrund des § 9 Nr. 2a Satz 3, 2. Halbsatz GewStG (1. WJ) Kz 21.65 minus Kz 21.75"
g,g_k65130,328,"Kürzung des Hinzurechnungsbetrages nach § 8 Nr. 1 GewStG aufgrund des § 9 Nr. 2a Satz 3, 2. Halbsatz GewStG, § 9 Nr. 7 Satz 2 bzw. § 9 Nr. 8 Satz 2 GewStG (1. WJ) (Kz 21.66 minus Kz 21.76) * 60 %"
g,g_k65132,328,"Kürzungsbetrag nach § 9 Nr. 2a, 7 und 8 GewStG"
g,g_k65134,328,KZ 21.63 * 95 %
g,g_k65135,328,Kz 21.64 * 40 %
g,g_k65136,328,VJ1-KZ65277 (fortführungsgebundene Verluste aus dem Vorjahr)
g,g_k65139,328,Summe Kz. 20.26 und 20.02
g,g_k6514,328,"Einheitswert des Grundbesitzes (ggf. 140 v.H.), davon 1,2 v.H. § 9 Nr. 1 S. 1 GewStG"
g,g_k65140,328,Summe Kz. (21.64 und 21.68) x 40%
g,g_k65141,328,Summe Kz. 21.64 und 21.68
g,g_k65142,328,Dem Organträger zuzurechnender Gewerbeertrag
g,g_k65143,328,Summe Gewerbeerträge (Kz 20.08 + Kz 20.09 bzw. Kz 20.08 + Kz 20.09)
g,g_k6515,328,"Gewerbeertrag vor Organgesellschaften nach Berücksichtigung von Werten für Hinzurechnungen, Kürzungen und Zuwendungen"
g,g_k65153,328,50% von K 21.53
g,g_k6516,328,Gewerbeertrag vor Anrechnung der Gewerbeverluste (einschl. Gewerbeertrag der Organgesellschaften)
g,g_k6517,328,Angerechnete Gewerbeverluste (Verlustverbrauch § 10a GewStG) (K 65.17 bzw. K 37.17)
g,g_k65171,328,abzuziehender Betrag aus K20.003 (AKZ 20003)
g,g_k6520,328,Abgerundeter Gewerbeertrag (auf volle 100 €)
g,g_k6522,328,Freibetrag für den Gewerbeertrag nach § 11 Abs. 1 GewStG
g,g_k6524,328,Verbleibender Betrag nach Abzug des Freibetrags
g,g_k65250,328,Gewerbeertrag vor Minderung nach § 7b Abs. 2 Satz 1 Nr. 1 GewStG (Sanierung)
g,g_k65251,328,Minderung des negativen Gewerbeertrags des Sanierungsjahres bei unternehmensbezogener Sanierung nach § 7b Abs. 2 Satz 1 Nr. 1 GewStG ggf. i.V. mit Abs. 3 Satz 2 GewStG
g,g_k65252,328,Verbleibender geminderter Sanierungsertrag nach Abzug Kz 65.251
g,g_k65253,328,Zwischensumme verbleibender Verlust vor Sanierung Minderung nach § 7b Abs. 1 Nr. 2 oder 3 GewStG
g,g_k65254,328,Minderung bei unternehmensbezogener Sanierung nach § 7b Abs. 2 Satz 1 Nr. 3 GewStG
g,g_k65255,328,"Verbleibender geminderter Sanierungsertrag, ggf. zur Weitergabe an andere Unternehmen i.S. des § 7b Abs. 2 Satz 2 GewStG bzw. an den Organträger"
g,g_k65256,328,Minderung Verlustanrechnung nach § 7b Abs. 2 Satz 1 Nr. 3 zweiter HS GewStG in Sanierungsfällen
g,g_k6526,328,"Anteil des Steuermessbetrags nach dem Gewerbeertrag, der nicht auf Schifffahrt entfällt"
g,g_k65277,328,auf den 31.12 des Vorjahres festgestellter vortragsfähiger fortführungsgebundener Verlust
g,g_k6528,328,StMB nach dem Gewerbeertrag § 11 Abs. 2 und 3 GewStG
g,g_k65282,328,auf den 31.12 des EHZ festgestellter fortführungsgebundener Verlust
g,g_k65290,328,"Erhalt des vortragsfähigen fortführungsgebundenen Gewerbeverlustes, ggf. beschränkt"
g,g_k65291,328,Aufgrund eines schädlichen Ereignisses wegfallender fortführungsgebundener Verlust
g,g_k65375,328,"Zwischensumme vor Verrechnung des positiven Gewerbeertrages mit dem Gewerbeverlust aus der Anwachsung einer Personengesellschaft, der sich nach dem rechtswirksamen Abschluss des Gewinnabführungsvertra"
g,g_k6541,328,Anteile nicht zum Verlustabzug berechtigter Gesellschafter
g,g_k6543,328,Nicht abziehbarer Verlust
g,g_k6546,328,Maximal beschränkter Verlustabzug
g,g_k6550,328,einheitlicher Steuermessbetrag
g,g_k6551,328,Der rechnerische Gewerbesteuermessbetrag bei Anwendung des § 177 AO
g,g_k65510,328,Abziehbare Zuwendungen § 9 Nr. 5 GewStG (tatsächlicher Wert)
g,g_k65512,328,Zuwendungshöchstbetrag bis 2006
g,g_k6552,328,Maximal unbeschränkter Verlustabzug
g,g_k65528,328,Zuwendungshöchstbetrag ab 2007
g,g_k65529,328,Verbleibender Zuwendungshöchstbetrag ab 2007
g,g_k6553,328,Tatsächlicher unbeschränkter Verlustabzug
g,g_k65531,328,Abziehbare Zuwendungen (neues Recht ab 2007)
g,g_k65532,328,Vortragsfähige Zuwendungen zum 31.12. des Erhebungszeitraumes
g,g_k65533,328,Zuwendungshöchstbetrag (Begrenzung auf 20 % des Gewinns) ab 2007
g,g_k65534,328,Zuwendungshöchstbetrag nach der 4 ‰ Berechnung
g,g_k65536,328,"Summe K 21.10 + 21.50 ab 2007 plus/minus Korrekturbeträge (ab 2018: 21.18, 21.23, 21.53, 21.54) K 21.10 = Gewinn aus Gewerbebetrieb K 21.50 = Zuwendungen i.S.d. § 9 Abs. 1 KStG - § 8 Nr 9 GewStG K 21."
g,g_k65537,328,Abgezogene Stiftungszuwendungen (neues Recht ab 2007)
g,g_k65539,328,Sonstige Zuwendungen ab 2007
g,g_k6554,328,Tatsächlicher beschränkter Verlustabzug
g,g_k65542,328,Maßgeblicher Zuwendungshöchstbetrag ab 2007
g,g_k65543,328,Anteil des Verlustes der auf ausgeschiedene Gesellschafter entfällt
g,g_k65544,328,Der nach § 35 EStG teilweise begünstigte Messbetrag
g,g_k65545,328,nicht abzugsfähiger Gewerbeverlust wg. Mantelkauf bzw. nach § 10a S. 10 GewStG i.V.m. § 8c KStG bzw. § 10a S.8 GewStG2007 i.V.m. § 8 Abs. 4 KStG2006 und § 36 Abs.9 S. 2GewStG nicht ausgleichsfähige Verluste des lfd. EHZ
g,g_k65546,328,Zwischensumme zur Berechnung des Maximalbetrags der Zuwendungen i. S. d. § 9 Nr. 5 Satz 3 GewStG
g,g_k65547,328,Zuwendungen ab 2007
g,g_k65548,328,Zwischensumme Zuwendungen laufendes Jahr
g,g_k65549,328,Zwischensumme Zuwendungsvortrag
g,g_k65550,328,Festgesetzter vortragsfähiger Verlust zum 31.12. (K 65.550 bzw. K 37.65)
g,g_k65554,328,Abgezogene Zuwendungen an Stiftungen
g,g_k65555,328,Abgezogene Großspenden an Stiftungen aus den Vorjahren
g,g_k65556,328,Vortragsfähige Großspenden an Stiftungen aus den Vorjahren
g,g_k65557,328,Zwischenwert vortragsfähiger Großspendenvortrag Vorjahr K 22.63 - K 65.561 unter Berücksichtigung des Maximalbetrags der Zuwendungen i. S. d. § 9 Nr. 5 Satz 3 GewStG
g,g_k6556,328,Zwischenwert: Verlust minus K 65.53
g,g_k65561,328,Im Rahmen vom Maximalbetrag der Zuwendungen i. S. d. § 9 Nr. 5 Satz 3 GewStG abgezogene Beträge aus K 22.63
g,g_k65564,328,Summe der Stiftungszuwendungen vor Begrenzung auf den Maximalbetrag der Zuwendungen i. S. d. § 9 Nr. 5 Satz 3 GewStG
g,g_k65566,328,Vortragsfähige Großspenden aus dem lfd. Jahr
g,g_k65569,328,Im Rahmen der ?alten? Zuwendungen bereits berücksichtigter Betrag
g,g_k6557,328,"Verbleibender Gewerbeertrag nach Abzug des nach § 10a Satz 1 GewStG direkt abzugsfähigen Verlustes (bis max. 1.000.000 EUR), jedoch vor dem Abzug des nach § 10a Satz 2 GewStG beschränkt abzugsfähigen"
g,g_k65571,328,"Verlust, der zur Verrechnung zur Verfügung steht K 65.574 = Festgestellter Verlust aus dem Vorjahr K 20.43 = bei Mehrbetriebsunternehmen: Verlustanteil ausgeschiedener Gesellschafter (Betrag) Vorjahr K 20.44 = nicht abzie"
g,g_k65572,328,Um Gewinnanteile neu eingetretener Gesellschafter verminderter Gewerbeertrag
g,g_k65573,328,"Verlust nach Verrechnung K 65.575 = Verlustverbrauch durch Ausscheiden von Gesellschaftern im laufenden Jahr aus K 20.75 oder K 20.76 nicht auswertbar, da von RT 2014-2016 nicht geliefert"
g,g_k65574,328,Festgestellter Verlust aus dem Vorjahr
g,g_k65575,328,Verlustverbrauch durch Ausscheiden von Gesellschaftern im laufenden Jahr aus K 20.75 K 20.75 = bei Mehrbetriebsunternehmen: Verlustanteil ausgeschiedener Gesellschafter (Betrag) lfd. Jahr
g,g_k65576,328,Verlustverbrauch durch Vermögensübertragung
g,g_k65577,328,Angerechnete Großspenden aus den Vorjahren
g,g_k65578,328,Vortragsfähige Großspenden aus Vorjahren
g,g_k65579,328,aus KSt übernommene Zuwendungen
g,g_k6558,328,Zwischenwert: Ertrag minus 1 Million
g,g_k65580,328,aus KSt übern. Gewinn aus Gewerbebetrieb
g,g_k6559,328,Merker Verlustbegrenzung ab 2004
g,g_k65610,328,Zähler Berechnung § 8 Nr. 1 GewStG 1. WJ
g,g_k65611,328,Nenner Berechnung § 8 Nr. 1 GewStG 1.WJ
g,g_k65612,328,Zähler Berechnung § 8 Nr. 1d) GewStG 1.WJ
g,g_k65613,328,Nenner Berechnung § 8 Nr. 1d) GewStG 1.WJ
g,g_k65614,328,Zähler Berechnung § 8 Nr. 1e) GewStG 1. WJ
g,g_k65615,328,Nenner Berechnung § 8 Nr. 1e) GewStG 1.WJ
g,g_k65616,328,Zähler Berechnung § 8 Nr. 1f) GewStG 1.WJ
g,g_k65617,328,Nenner Berechnung § 8 Nr. 1f) GewStG 1.WJ
g,g_k65618,328,Summe Hinzurechnungen § 8 Nr. 1 GewStG vor Abzug des Freibetrages ab 2008
g,g_k65619,328,Berücksichtigter Freibetrag nach § 8 Nr. 1 GewStG ab 2008
g,g_k65620,328,Zwischensumme Hinzurechnungen § 8 Nr. 1 GewStG nach Abzug des Freibetrags ab 2008
g,g_k65621,328,Summe Hinzur. nach § 8 Nr. 1 GewStG ab 2008
g,g_k65633,328,tatsächlich hinzugerechnete Zuwendungen (ZKZ 21.50)
g,g_k65634,328,Berücksichtigter Anteil der Miet-/ Pachtzinsen für bewegliche Wirtschaftsgüter ab 2008
g,g_k65635,328,Berücksichtigter Anteil der Miet-/ Pachtzinsen für unbewegliche Wirtschaftsgüter ab 2008
g,g_k65636,328,Berücksichtigter Anteil der Aufwendungen für Konzessionen/Lizenzen ab 2008
g,g_k65644,328,Berücksichtigter Anteil der Miet-/ Pachtzinsen für bewegliche Wirtschaftsgüter für das 2. WJ ab 2008
g,g_k65645,328,Berücksichtigter Anteil der Miet-/ Pachtzinsen für unbewegliche Wirtschaftsgüter für das 2. WJ ab 2008
g,g_k65646,328,Berücksichtigter Anteil der Aufwendungen für Konzessionen/Lizenzen für das 2. WJ ab 2008
g,g_k65650,328,Zähler Berechnung § 8 Nr. 1 GewStG 2.WJ
g,g_k65651,328,Nenner Berechnung § 8 Nr. 1 GewStG 2.WJ
g,g_k65652,328,Zähler Berechnung § 8 Nr. 1d) GewStG 2.WJ
g,g_k65653,328,Nenner Berechnung § 8 Nr. 1d) GewStG 2.WJ
g,g_k65654,328,Zähler Berechnung § 8 Nr. 1e) GewStG 2.WJ
g,g_k65655,328,Nenner Berechnung § 8 Nr. 1e) GewStG 2.WJ
g,g_k65656,328,Zähler Berechnung § 8 Nr. 1f) GewStG 2.WJ
g,g_k65657,328,Nenner Berechnung § 8 Nr. 1f) GewStG 2.WJ
g,g_k65658,328,Summe Hinzurechnung § 8 Nr. 1 GewStG vor Abzug des Freibetrages 2. WJ ab 2008
g,g_k65659,328,Berechnung des Freibetrages § 8 Nr. 1 GewStG 2. WJ ab 2008
g,g_k6566,328,Begrenzung des Zuwendungenabzugs
g,g_k65660,328,Zwischensumme Hinzurechnungen § 8 Nr. 1 GewStG nach Abzug des Freibetrages für das 2. WJ ab 2008
g,g_k65661,328,Summe Hinzurechnung nach § 8 Nr. 1 GewStG 2. WJ ab 2008
g,g_k65662,328,Verlustvortrag nach Eröhungen durch übernommene Verluste K 20.45 = Bei RF-Wechsel übernommener Verlust K 20.48 = Verlustanteil auf übernommenes Vermögen K 20.20 = bei Betrieben gew. Art: zu übernehme
g,g_k65666,328,"K 65.662 abzüglich Minderungen K 65.662 = festgestellter Gewerbeverlust aus dem Vorjahr erhöht um K 20.45, K 20.48 und K 20.20 K 65.95 = berücksichtigter Wert der K 20.47 K 65.664 ="
g,g_k65669,328,Lfd. Ertrag ab 2008
g,g_k6567,328,Zuwendungenhöchstbetrag v. T.
g,g_k65670,328,Gekürzter lfd. Ertrag ab 2008
g,g_k65671,328,Merker Organträger eines Spartenbetriebes
g,g_k65674,328,Zwischenfeld für Verlustberechnung
g,g_k65675,328,Abgezogener Wert aus K 20.78 ab 2008 einschl. K 65.516 K 20.78 = Verlustanteil übertragenes Vermögen (lfd. Jahr)
g,g_k65676,328,Abgezogener Wert aus K 2275 bzw 2276 ab 2008
g,g_k6568,328,Zuwendungenhöchstbetrag v. H.
g,g_k65680,328,abgezogener innerorganschaftlicher Verlust der Organgesellschaft
g,g_k65681,328,tatsächlicher beschränkter Verlustabzug
g,g_k65682,328,festgestellter innerorganschaftlicher Verlust
g,g_k65685,328,Tatsächlich berücksichtigter Zuwendungsvortrag aus dem Vorjahr ab 2008
g,g_k65686,328,Berücksichtigte Zuwendungen in den Vermögensstock einer Stiftung ab 2008
g,g_k65687,328,Übernommene Zuwendungsvorträge ab 2008
g,g_k65688,328,Übertragene Zuwendungsvorträge ab 2008
g,g_k65689,328,Zwischenwert für Zuwendungsvortrag ab 2007
g,g_k65693,328,Korrigierter innerorganschaftlicher Verlustvortrag
g,g_k65694,328,Abs. abziehbarer innerorg. Verlust (max. 1 Mill.)
g,g_k65695,328,Beschränkt abziehbarer innerorg. Verlust (60% des noch zur Verfügung stehenden Gewerbeertrages)
g,g_k65698,328,übernommener Verlust aus Anwachsung
g,g_k6570,328,verdoppelter Höchstbetrag bei Anwendung v. H.-Satz
g,g_k6571,328,Summe Zuwendungen erweiterter Höchstbetrag
g,g_k6572,328,tatsächlich abzugsfähige Zuwendungen
g,g_k6573,328,Summe der K 2354 bis 56
g,g_k6574,328,Summe Gewinn und Zuwendungen (Höchstbetrag Ermäßigung)
g,g_k6578,328,Gewinn aus Gewerbebetrieb
g,g_k6579,328,Prozentsatz Verlustbeschränkung
g,g_k6585,328,Gewerbeertrag vor Abrundung
g,g_k6586,328,Abgezogener Wert aus K 20.13
g,g_k6589,328,Abgezogener Betrag aus K 20.12
g,g_k6593,328,Umgerechneter Betrag aus K 20.49
g,g_k6595,328,Berücksichtigter Wert der K 20.47
g,g_k6598,328,Übernommener Verlust aus Rechtsformwechsel
g,g_k7536,328,Summe K 21.10 + 21.50 ab 2007
g,g_k7550,328,Festgesetzter vortragsfähiger Verlust zum 31.12. (K 75.50 bzw. K 37.65)
g,g_k7557,328,Zwischenwert vortragsfähiger Großspendenvortrag Vorjahr K 22.63 - K 75.61 unter Berücksichtigung des Maximalbetrags der Zuwendungen i. S. d. § 9 Nr. 5 Satz 3 GewStG
g,g_k7566,328,Vortragsfähige Großspenden aus dem lfd. Jahr
g,g_k7571,328,"K 75.74 vermindert um K 22.43 und K 22.44 , erhöht um K 22.45"
g,g_k7573,328,Verbleibender Gewerbeverlust vor Abzug K 75.75
g,g_k7575,328,Verlustverbrauch durch Ausscheiden von Gesellschaftern im laufenden Jahr aus K 22.75 oder K 22.76
g,g_k7662,328,"Festgestellter Gewerbeverlust aus dem Vorjahr erhöht um K 22.45, K 22.48 und K 22.20 ab 2008"
g,g_k7664,328,Berücksichtigter Wert der K 22.44 ab 2008
g,g_k7666,328,K 76.62 - K 65.95 - K 76.64 - K 65.89
g,g_k7675,328,Abgezogener Wert aus K 22.78 ab 2008
g,g_k7676,328,Abgezogener Wert aus K 22.75 bzw. 22.76 ab 2008
k,k_ef4,1088,"Satzart
"
k,k_ef5,1088,Wirtschafts-Identifikationsnummer
k,k_ef5ot,1088,Wirtschafts-Identifikationsnummer Organträger
k,k_ef6,1088,Bundeseinheitliche Finanzamtsnummer
k,k_ef6alt,1088,Bundeseinheitliche Finanzamtsnummer alt
k,k_ef6ot,1088,Bundeseinheitliche Finanzamtsnummer Organträger
k,k_ef6otalt,1088,Bundeseinheitliche Finanzamtsnummer Organträger alt
k,k_ef7,1088,Steuernummer
k,k_ef7alt,1088,Steuernummer alt
k,k_ef7ot,1088,Steuernummer Organträger
k,k_ef7otalt,1088,Steuernummer Organträger alt
k,k_ef9,1088,"Art der Steuerpflicht
"
k,k_ef11,1088,Organschaft
k,k_ef18,1088,"amtlicher Gemeindeschlüssel (AGS), aktualisiert"
k,k_ef20,1088,"Wirtschaftszweig 2008, aktualisiert"
k,k_ef24,1088,Lieferart
k,k_ef26,1088,"Rechtsform, aktualisiert"
k,k_ef27,1088,Verknüpfung Organträger
k,k_ef28,1088,Steuernummer des verknüpften Organträgers
k,k_ef34,1088,Handelsregisternummer (Registerkennung und Registernummer)
k,k_ef35,1088,Ort des Handelsregistereintrags
k,k_ef36,1088,PLZ des Ortes des Handelsregistereintrags
k,k_c13110,1088,Steuerlicher Jahresüberschuss/-fehlbetrag
k,k_c13152,1088,Gewinn als Mitunternehmer
k,k_c13175,1088,"Einkünfte aus der Veräußerung von inl. Rechten, die den Vorschriften des bürgerl. Rechts über Grundstücke unterliegen"
k,k_c13179,1088,Einkünfte aus Beteiligungen an Mitunternehmerschaften lt. gesonderter und einheitlicher Feststellung
k,k_c13182,1088,inl. steuerfreie Bezüge nach § 8b Abs.1 KStG
k,k_c13185,1088,Gewinne i.S.d. § 8b Abs.2 KStG
k,k_c13203,1088,Erfolgsneutral übernommenes Vermögen in den Fällen des § 12 UmwStG
k,k_c13204,1088,Übernahmegewinn nach § 12 Abs. 2 Satz 2 UmwStG
k,k_c13205,1088,Übernahmegewinn/-verlust nach § 12 Abs. 2 Satz 1 UmwStG
k,k_c13217,1088,Einkünfte aus Kapitalvermögen (KSt 1 C)
k,k_c13237,1088,"Korrektur der in einem anderen Wirtschaftsjahr entstandenen Aufwendungen bzw. Erträge, die im Zusammenhang einem Übernahmegewinn/-verlust oder Einbringungsgewinn I im laufenden Wirtschaftsjahr stehen"
k,k_c13238,1088,"Im laufenden Wirtschaftsjahr entstandene Aufwendungen bzw. Erträge, die im Zusammenhang einem Übernahmegewinn/-verlust oder Einbringungsgewinn I in einem anderen Wirtschaftsjahr stehen"
k,k_c13249,1088,Einkünfte aus Gewerbebetrieb nach § 17 EStG
k,k_c13250,1088,Private Veräußerungsgeschäfte
k,k_c13265,1088,"Einkünfte aus der Veräußerung von inländischem unbeweglichem Vermögen, Sachinbegriffen oder Rechten"
k,k_c13279,1088,Im bilanziellen Ergebni.S. enthaltener Gewinn/Verlust aus Beteiligungen an Personengesellschaften
k,k_c13280,1088,Einkünfte aus der Beteiligung an vermögensverwaltenden Personengesellschaften lt. gesonderter und einheitlicher Feststellung
k,k_c13282,1088,"inländische Bezüge nach § 8b Abs. 1 KStG, für die § 8b Abs. 4 KStG gilt"
k,k_c13290,1088,"Einnahmen aus der Verwertung von Altpapier, das unentgeltlich außerhalb einer ständig dafür vorgehaltenen Verkaufsstelle erworben wurde..Die Einnahmen werden aus der Gewinnermittlung herausgerechnet u"
k,k_c13291,1088,"Einnahmen aus der Verwertung von Altmaterial (außer Altpapier), das unentgeltlich außerhalb einer ständig dafür vorgehaltenen Verkaufsstelle erworben wurde..Die Einnahmen werden aus der Gewinnermittlu"
k,k_c13292,1088,Tatsächliche Aufwendungen zu Altmaterial
k,k_c13293,1088,"Einnahmen aus Tätigkeiten nach § 64 Abs. 6 AO.Hier sind Einnahmen aus.- Werbung für Unternehmen, die im Zusammenhang mit der steuerbegünstigten Tätigkeit stattfindet (z. B. Trikot oder Bandenwerbun"
k,k_c13294,1088,Tatsächliche Aufwendungen zu Einnahmen nach § 64 Abs. 6 AO
k,k_c13295,1088,Bei Gewinnermittlung nach § 4 Abs. 3 EStG:.Vereinnahmte Umsatzsteuer auf Einnahmen aus Tätigkeiten nach § 64 Abs. 6 AO
k,k_c13296,1088,"Bei Gewinnermittlung nach § 4 Abs. 3 EStG:.Vereinnahmte Umsatzsteuer auf Einnahmen aus der Verwertung von Altpapier, das unentgeltlich außerhalb einer ständig dafür vorgehaltenen Verkaufsstelle erworb"
k,k_c13298,1088,"Bei Gewinnermittlung nach § 4 Abs. 3 EStG:.Vereinnahmte Umsatzsteuer auf Einnahmen aus der Verwertung von Altmaterial (außer Altpapier), das unentgeltlich außerhalb einer ständig dafür vorgehaltenen V"
k,k_c13300,1088,"Bezüge i S des § 20 Abs. 1 Nr. 1, 2, 9 und 10 EStG.
Die Bezüge sind unabhängig davon einzutragen, ob sie aus inländischen oder ausländischen Quellen oder aus einer mittelbaren Beteiligung über eine Personengesellschaft stammen Dieser Betrag wird mit den Kz 301 ff einer Steuerfreistellung zugeordnet Die Kennzahl 300 dient als Kontrollsumme und zur Ermittlung der Einkünfte, für die § 8b Abs. 4 KStG greift"
k,k_c13310,1088,"steuerfreie Bezüge nach § 8b Abs. 1 KStG, weil die unmittelbare Beteiligung zu Beginn des Kalenderjahres mindestens 10 % betrug und Bezüge i.S. des § 3 Nr. 41 EStG"
k,k_c13311,1088,"steuerfreie Bezüge nach § 8b Abs. 1 KStG, weil die mittelbare Beteiligung zu Beginn des Kalenderjahres mindestens 10 % betrug"
k,k_c13313,1088,"steuerfr. § 8b Abs. 1 KStG, gemäß gesonderter Feststellung nach § 14 Abs. 5 KSTG (ggf. auch über Mitunternehmerschaft)."
k,k_c13314,1088,steuerfr. Bezüge gem. § 3 Nr. 41 Buchstabe a EStG
k,k_c15010,1088,abziehbare Zuwendungen (pers. lt. Anlage SP)
k,k_c15018,1088,"Summe der Umsätze, Löhne und Gehälter"
k,k_c15028,1088,Freibetrag
k,k_c15040,1088,im Kalenderjahr geleistete Zuwendungen für steuerbegünstigte Zwecke i.S.d. §§ 52-54 AO
k,k_c15042,1088,In Kz 15.40 und Kz 15.48 enthaltene Zuwendungen an Empfänger im EU/EWR-Ausland
k,k_c15044,1088,personell ermitt.verbleib.Zuwendungsvortrag (Anlage SP)
k,k_c15045,1088,verbleibender Zuwendungsvortrag aus dem Vorjahr
k,k_c15046,1088,bei der übernehmenden Gesellschaft übergegangener Zuwendungsvortrag gem. § 9 Abs. 1 Nr. 2 KStG
k,k_c15047,1088,Verlustrücktrag aus dem Folgejahr
k,k_c15048,1088,geleistete Zuwendungen für steuerbegünstigete Zwecke i.S. der §§ 52 bi.S. 54 AO (lt. Feststellung)
k,k_c15056,1088,Tatsächliches Kassenvermögen
k,k_c15057,1088,Überdotierung i. S. des. § 6 KStG
k,k_c15059,1088,Negative Einkünfte des übernehmenden Rechtsträgers nach § 2 Abs. 5 UmwStG
k,k_c15066,1088,Abgang des verbleibenden Zuwendungsvortrags bei Abspaltung
k,k_c15067,1088,beantragter Verlustrücktrag aus dem Folgejahr
k,k_c15071,1088,Sanierungsertrag nach § 3a EStG
k,k_c15084,1088,"Summe der Umsätze, Löhne und Gehälter von Personengesellschaften lt. gesonderter und einheitlicher Feststellung"
k,k_c15088,1088,Umsatz der Organgesellschaft (für Betriebsgrößenklasse BP)
k,k_c16211,1088,"ausländische Bezüge nach § 8b Abs. 1 KStG, für die § 8b Abs. 4 KStG gilt"
k,k_c16240,1088,Ausländische Bruttoeinkünfte mit Anrechnung ausländischer Steuern - enthaltene Einkünfte nach § 8b Abs. 4 KStG - 1. Staat
k,k_c16241,1088,Ausländische Bruttoeinkünfte mit Anrechnung ausländischer Steuern - enthaltene Einkünfte nach § 8b Abs. 4 KStG - 2. Staat
k,k_c16242,1088,Ausländische Bruttoeinkünfte mit Anrechnung ausländischer Steuern - enthaltene Einkünfte nach § 8b Abs. 4 KStG - 3. Staat
k,k_c16243,1088,Ausländische Bruttoeinkünfte mit Anrechnung ausländischer Steuern - enthaltene Einkünfte nach § 8b Abs. 4 KStG - 4. Staat
k,k_c16244,1088,Ausländische Bruttoeinkünfte mit Anrechnung ausländischer Steuern - enthaltene Einkünfte nach § 8b Abs. 4 KStG - 5. Staat
k,k_c16245,1088,Ausländische Bruttoeinkünfte mit Anrechnung ausländischer Steuern - enthaltene Einkünfte nach § 8b Abs. 4 KStG - 6. Staat
k,k_c16246,1088,Ausländische Bruttoeinkünfte mit Anrechnung ausländischer Steuern - enthaltene Einkünfte nach § 8b Abs. 4 KStG - 7. Staat
k,k_c16247,1088,Ausländische Bruttoeinkünfte mit Anrechnung ausländischer Steuern - enthaltene Einkünfte nach § 8b Abs. 4 KStG - 8. Staat
k,k_c16248,1088,Ausländische Bruttoeinkünfte mit Anrechnung ausländischer Steuern - enthaltene Einkünfte nach § 8b Abs. 4 KStG - 9. Staat
k,k_c16263,1088,Summe der abzuziehenden ausländischen Steuern nach § 34c Abs. 3 EStG
k,k_c16266,1088,Ausländische Steuer nach § 34c Abs. 3 EStG Mitunternehmer - § 3 Nr. 40 EStG
k,k_c16270,1088,Einkünfte i.S.d. Art. 20 Abs. 1 Buchst. b DBA Frankreich i.V.m. § 8b Abs. 1 KStG
k,k_c16310,1088,Bezeichnung 1 Staat/Fond
k,k_c17130,1088,Vom Grundinformationsdienst abweichende Steuernummer des Organträgers
k,k_c17234,1088,Im bilanziellen Ergebni.S. berücksichtigte Ausgleichszahlung und verdeckte Gewinnausschüttungen der Organgesellschaft an außenstehende Anteilseigner
k,k_c17273,1088,"Mehrabführung, die ihre Ursache in organschaftlicher Zeit haben (§ 14 Abs. 4 KStG)"
k,k_c17274,1088,"Minderabführung, die ihre Ursache in organschaftlicher Zeit haben (§ 14 Abs. 4 KStG)"
k,k_c17275,1088,OT: Korrekturbetrag wegen Investmenterträgen der OG für Körperschaften
k,k_c17276,1088,OT: Korrekturbetrag wegen Investmenterträgen der OG für natürliche Personen
k,k_c17300,1088,1 = Ablehnung Feststellung § 14 Abs. 5 KStG
k,k_c19120,1088,Abschlagszahlung auf Liquidationserlös (Nennkapitalrückzahlung)
k,k_c19185,1088,Bescheinigte Minderung des steuerlichen Einlagekontos
k,k_c19202,1088,Berufsverband erhebt Umlagen
k,k_c19203,1088,Politische Partei/Wählervereinigung unterhält. einen wirtschaftlichen Geschäftsbetrieb
k,k_c19204,1088,Berufsverband erhebt Umlagen von allen Mitgliedern
k,k_c19205,1088,Berufsverband erhebt Umlagen nach dem gleichen Maßstab
k,k_c19206,1088,Berufsverband unterhält. einen wirtschaftlichen Geschäftsbetrieb
k,k_c19209,1088,Überschreitung der Grenzen des § 2 KStDV im VZ
k,k_c19210,1088,Änderung der Beteiligungsverhältnisse:
k,k_c19211,1088,neue oder geänderte vertragliche Vereinbarungen mit Anteilseignern oder nahestehenden Personen:
k,k_c19212,1088,Mitteilungspflichen multinationale Unternehmen gem. 138a AO
k,k_c19213,1088,Prozentsatz der Einnahmen aus nicht begünstigten Tätigkeiten i. S. des § 5 Abs. 1 Nr. 10 KStG
k,k_c19216,1088,Prozentsatz der Einnahmen aus nicht begünstigten Tätigkeiten in Fällen einer Steuerbefreiung nach § 5 Abs.1 Nr. 14 KStG
k,k_c19217,1088,Aufstellung über eine von der Höhe der Beteiligung abweichende Verteilung der Stimmrechte wird gesondert übermittelt
k,k_c19218,1088,Prozentsatz der gesamten nicht begünstigten Einnahmen i.S. des § 5 Abs.1 Nr. 10 Satz 2 ff KStG
k,k_c19219,1088,Nutzung mindestens einer Steuergestaltung nach §§ 138d ff AO
k,k_c19237,1088,Antrag nach § 8d Abs. 1 KStG
k,k_c19238,1088,Schädliches Ereigni.S. i. S. des § 8d Abs. 2 KStG im VZ eingetreten
k,k_c19239,1088,Stille Reserven zum Schluss des vorangegangenen Veranlagungszeitraumes (§ 8d Abs. 2 Satz 1 2. Halbsatz KStG)
k,k_c19244,1088,Rückgängigmachung nach § 7g Abs. 3 und 4 EStG der Investitionsabzugsbeträge aus VZTR - 4
k,k_c19245,1088,Rückgängigmachung nach § 7g Abs. 3 und 4 EStG der Investitionsabzugsbeträge aus VZTR - 3
k,k_c19246,1088,Rückgängigmachung nach § 7g Abs. 3 und 4 EStG der Investitionsabzugsbeträge aus VZTR - 2
k,k_c19247,1088,Rückgängigmachung nach § 7g Abs. 3 und 4 EStG der Investitionsabzugsbeträge aus VZTR - 1
k,k_c19264,1088,Voraussetzungen des § 8c Abs.1 S. 1 KStG sind erfüllt.
k,k_c19265,1088,Keine Anwendung des § 8c KStG wegen Erbfall
k,k_c19266,1088,Voraussetzungen Konzernklausel i.S.d. § 8c Absatz 1 Satz 4 KStG sind erfüllt.
k,k_c19267,1088,Anwendung der Stille-Reserven-Klausel § 8c Abs. 1 Satz 5 KStG
k,k_c19268,1088,Anwendung der Stille-Reserven-Klausel: Höhe der gesamten zum Zeitpunkt des schädlichen Beteiligungserwerbs vorhandenen stillen Reserven
k,k_c19269,1088,Beteiligungserwerb zum Zweck der Sanierung i. S. des § 8c Abs.1a KStG
k,k_c19270,1088,Voraussetzungen für Anwendung Sanierungsklausel weiterhin erfüllt.
k,k_c19271,1088,Bei der Körperschaft als nahestehender Person eines sanierten Unternehmens zu berücksichtigender verbleibender Sanierungsertrag nach § 3a Abs. 3 Satz 3 EStG
k,k_c19282,1088,Leistungen/Auszahlung erfolgten disquotal.
k,k_c19283,1088,Bescheinigte Minderung(en) des steuerlichen Einlagekontos für die Schlussauskehrung (als Nennkapitalrückzahlung)
k,k_c19284,1088,Bescheinigte Minderung(en) des steuerlichen Einlagekontos für die Schlussauskehrung (nicht als Nennkapitalrückzahlung)
k,k_c19285,1088,Es wurde mindestens eine Bescheinigung über die Minderung des steuerlichen Einlagekontos ausgestellt.
k,k_c19286,1088,1:keine KapESt-Anmeldung da Aussch. §43 Abs.1 Nr.1 EStG
k,k_c19287,1088,Bescheinigte Leistungen aus dem Einlagekonto nach § 27 Abs. 5 KStG für BgA ohne eigene Rechtspersönlichkeit bei als ausgeschüttet geltenden Gewinnen
k,k_c19288,1088,Bescheinigte Leistungen aus dem Einlagekonto nach § 27 Abs. 5 KStG für BgA ohne eigene Rechtspersönlichkeit bei verdeckten Gewinnausschüttungen
k,k_c19289,1088,Bescheinigte Leistungen aus dem Einlagekonto nach § 27 Abs. 5 KStG für BgA ohne eigene Rechtspersönlichkeit bei offenen Rücklagen bei Einbringung in Kapitalgesellschaft oder Formwechsel einer Personen
k,k_c19291,1088,Einnahmen des Berufsverbandes (im VZ)
k,k_c19292,1088,Einnahmen des Berufsverbandes (im VZ-1)
k,k_c19293,1088,Einnahmen des Berufsverbandes (im VZ-2)
k,k_c19294,1088,BerV: Zuwendungen an st.begünstige Körperschaften (im VZ)
k,k_c19295,1088,BerV: Zuwendungen an st.begünstige Körperschaften (im VZ-1)
k,k_c19296,1088,BerV: Zuwendungen an st.begünstige Körperschaften (im VZ-2)
k,k_c19297,1088,BerV: Zuwendungen an pol. Parteien im VZ
k,k_c20010,1088,"Gewinn aus eigener Land- und Forstwirtschaft aus dem Wj., das im Vz endet, soweit er auf den Vz entfällt"
k,k_c20012,1088,"Gewinn aus eigener Land- und Forstwirtschaft aus dem Wj., das im Vz beginnt, soweit er auf den Vz entfällt"
k,k_c20036,1088,Gewinnanteil oder gesondert festgestellter Gewinn; ab 2001: Gewinnanteil oder gesondert festgestellter Gewinn nach § 13a EStG
k,k_c20038,1088,HEV: Gewinnanteil oder gesondert festgestellter Gewinn nach § 4 Abs.1 oder 3 EStG
k,k_c20060,1088,"Veräußerungsgewinn aus allen weiteren Betrieben, Teilbetrieben und Mitunternehmeranteilen"
k,k_c20070,1088,Art der Gewinnermittlung
k,k_c20073,1088,"der nach § 13a EStG ermittelte Gewinn aus LuF; ab 2001: der nach § 13a EStG ermittelte Gewinnanteil aus dem Wirtschaftsjahr, das im Veranlagungsjahr endet"
k,k_c20074,1088,"Der nach § 13a EStG ermittelte Gewinnanteil aus dem Wj, das im Veranlagungszeitraum beginnt"
k,k_c20076,1088,"In den Kennzahlen 20.10, 12, 36, 38, 73 und 74 enthaltene Einkünfte, für die das HEV/TEV gilt"
k,k_c25101,1088,Einnahmen für Wohnungen - 1. Grundstück
k,k_c25102,1088,Einnahmen für andere Räume - 1. Grundstück
k,k_c25103,1088,Einnahmen f.an Angehörige vermiet.Wohng.- 1. Grundstück
k,k_c25104,1088,Vereinn.Umlagen f.Wohng.u.andere Räume - 1. Grundstück
k,k_c25105,1088,Vereinn.Umlagen f.an Angehör.verm.Wohng.- 1. Grundstück
k,k_c25106,1088,Mieten für frühere Jahre / auf d.Kal.Jahr entfallende Mietvorausz. aus Baukostenzuschüssen - 1. Grundstück
k,k_c25107,1088,"Mieten für Garagen, Werbefläch., Grund u.Boden f.Kiosk usw., erstattete USt - 1. Grundstück"
k,k_c25108,1088,"Öffentl.Zuschüsse, Aufwendungszusch.usw.- 1. Grundstück"
k,k_c25109,1088,vereinnahmte USt- 1. Grundstück
k,k_c25110,1088,vom FA erstattete und ggf. verrechnete USt - 1. Grundstück
k,k_c25130,1088,"AfA n.§§ 7,7b,7k EStG, § 14a,d BerlinFG - 1. Grundstück"
k,k_c25131,1088,"Erhöhte AfA nach §§ 7h, 7i EStG - 1. Grundstück"
k,k_c25133,1088,Schuldzinsen - 1. Grundstück
k,k_c25134,1088,Geldbeschaffungskosten - 1. Grundstück
k,k_c25135,1088,Renten und dauernde Lasten - 1. Grundstück
k,k_c25136,1088,Direkt zuordenbare Erhaltungsaufwendg. - 1. Grundstück
k,k_c25137,1088,Verhältnismäßig zuordenb.Erhaltungsaufw.- 1. Grundstück
k,k_c25138,1088,"Erhaltgsaufw. §§ 11a,11b EStG,82b EStDV - 1. Grundstück"
k,k_c25139,1088,"Erhaltungsaufwendungen nach §§ 11a, 11b EStG, 82b EStDV aus dem 4. Jahr vor dem VZ - 1. Grundstück"
k,k_c25140,1088,"Erhaltungsaufwendungen nach §§ 11a, 11b EStG, 82b EStDV aus dem 3. Jahr vor dem VZ - 1. Grundstück"
k,k_c25141,1088,"Erhaltungsaufwendungen nach §§ 11a, 11b EStG, 82b EStDV aus dem 2. Jahr vor dem VZ - 1. Grundstück"
k,k_c25142,1088,"Erhaltungsaufwendungen nach §§ 11a, 11b EStG, 82b EStDV aus dem 1. Jahr vor dem VZ - 1. Grundstück"
k,k_c25148,1088,Verwaltungskosten - 1. Grundstück
k,k_c25149,1088,Sonstige Werbungskosten - 1. Grundstück
k,k_c25152,1088,Summe der übrigen Werbungskosten - 1. Grundstück
k,k_c25153,1088,Datum der Veräußerung/Übertragung
k,k_c25154,1088,Gesamtwohnfläche - 1. Grundstück
k,k_c25155,1088,eigengenutzte/überlassene Wohnfläche - 1. Grundstück (von der Gesamtwohnfläche)
k,k_c25156,1088,als Ferienwohnung genutzte Wohnfläche - 1. Grundstück (von der Gesamtwohnfläche)
k,k_c25157,1088,Gesamtaufwand der zu verteil.Erhaufw. - 1. Grundstück
k,k_c25158,1088,an das FA gezahlte und ggf. verrechnete USt - 1. Grundstück
k,k_c25159,1088,nur bei umsatzsteuerpflichtiger Vermietung: in Zeile 50 enthaltene Vorsteuerbeträge - 1. Grundstück
k,k_c25160,1088,AfA für bewegliche Wirtschaftsgüter - 1. Grundstück
k,k_c25161,1088,als Ferienwohnung - 1. Grundstück
k,k_c25162,1088,an Angeh. vermietet - 1. Grundstück
k,k_c25201,1088,Einnahmen für Wohnungen - 2. Grundstück
k,k_c25202,1088,Einnahmen für andere Räume - 2. Grundstück
k,k_c25203,1088,Einnahmen f.an Angehörige vermiet.Wohng.- 2. Grundstück
k,k_c25204,1088,Vereinn.Umlagen f.Wohng.u.andere Räume - 2. Grundstück
k,k_c25205,1088,Vereinn.Umlagen f.an Angehör.verm.Wohng.- 2. Grundstück
k,k_c25206,1088,Mieten für frühere Jahre / auf d.Kal.Jahr entfallende Mietvorausz. aus Baukostenzuschüssen - 2. Grundstück
k,k_c25207,1088,"Mieten für Garagen, Werbefläch., Grund u.Boden f.Kiosk usw., erstattete USt - 2. Grundstück"
k,k_c25208,1088,"Öffentl.Zuschüsse, Aufwendungszusch.usw.- 2. Grundstück"
k,k_c25209,1088,vereinnahmte USt- 2. Grundstück
k,k_c25210,1088,vom FA erstattete und ggf. verrechnete USt - 2. Grundstück
k,k_c25220,1088,Einkünfte aus der ersten Anlage V - 2. Grundstück
k,k_c25230,1088,"AfA n.§§ 7,7b,7k EStG, § 14a,d BerlinFG - 2. Grundstück"
k,k_c25231,1088,"Erhöhte AfA nach §§ 7h, 7i EStG - 2. Grundstück"
k,k_c25233,1088,Schuldzinsen - 2. Grundstück
k,k_c25234,1088,Geldbeschaffungskosten - 2. Grundstück
k,k_c25235,1088,Renten und dauernde Lasten - 2. Grundstück
k,k_c25236,1088,Direkt zuordenbare Erhaltungsaufwendg. - 2. Grundstück
k,k_c25237,1088,Verhältnismäßig zuordenb.Erhaltungsaufw.- 2. Grundstück
k,k_c25238,1088,"Erhaltgsaufw. §§ 11a,11b EStG,82b EStDV - 2. Grundstück"
k,k_c25239,1088,"Erhaltungsaufwendungen nach §§ 11a, 11b EStG, 82b EStDV aus dem 4. Jahr vor dem VZ - 2. Grundstück"
k,k_c25240,1088,"Erhaltungsaufwendungen nach §§ 11a, 11b EStG, 82b EStDV aus dem 3. Jahr vor dem VZ - 2. Grundstück"
k,k_c25241,1088,"Erhaltungsaufwendungen nach §§ 11a, 11b EStG, 82b EStDV aus dem 2. Jahr vor dem VZ - 2. Grundstück"
k,k_c25242,1088,"Erhaltungsaufwendungen nach §§ 11a, 11b EStG, 82b EStDV aus dem 1. Jahr vor dem VZ - 2. Grundstück"
k,k_c25248,1088,Verwaltungskosten - 2. Grundstück
k,k_c25249,1088,Sonstige Werbungskosten - 2. Grundstück
k,k_c25252,1088,Summe der übrigen Werbungskosten - 2. Grundstück
k,k_c25253,1088,Datum der Veräußerung/Übertragung
k,k_c25254,1088,Gesamtwohnfläche - 2. Grundstück
k,k_c25256,1088,als Ferienwohnung genutzte Wohnfläche - 2. Grundstück (von der Gesamtwohnfläche)
k,k_c25257,1088,Gesamtaufwand der zu verteil.Erhaufw. - 2. Grundstück
k,k_c25258,1088,an das FA gezahlte und ggf. verrechnete USt - 2. Grundstück
k,k_c25259,1088,nur bei umsatzsteuerpflichtiger Vermietung: in Zeile 50 enthaltene Vorsteuerbeträge - 2. Grundstück
k,k_c25260,1088,AfA für bewegliche Wirtschaftsgüter - 2. Grundstück
k,k_c25261,1088,als Ferienwohnung - 2. Grundstück
k,k_c25262,1088,an Angeh. vermietet - 2. Grundstück
k,k_c25301,1088,Einnahmen für Wohnungen - 3. Grundstück
k,k_c25302,1088,Einnahmen für andere Räume - 3. Grundstück
k,k_c25303,1088,Einnahmen f.an Angehörige vermiet.Wohng.- 3. Grundstück
k,k_c25304,1088,Vereinn.Umlagen f.Wohng.u.andere Räume - 3. Grundstück
k,k_c25305,1088,Vereinn.Umlagen f.an Angehör.verm.Wohng.- 3. Grundstück
k,k_c25306,1088,Mieten für frühere Jahre / auf d.Kal.Jahr entfallende Mietvorausz. aus Baukostenzuschüssen - 3. Grundstück
k,k_c25307,1088,"Mieten für Garagen, Werbefläch., Grund u.Boden f.Kiosk usw., erstattete USt - 3. Grundstück"
k,k_c25308,1088,"Öffentl.Zuschüsse, Aufwendungszusch.usw.- 3. Grundstück"
k,k_c25309,1088,vereinnahmte USt- 3. Grundstück
k,k_c25310,1088,vom FA erstattete und ggf. verrechnete USt - 3. Grundstück
k,k_c25320,1088,Einkünfte aus der ersten Anlage V - 3. Grundstück
k,k_c25330,1088,"AfA n.§§ 7,7b,7k EStG, § 14a,d BerlinFG - 3. Grundstück"
k,k_c25333,1088,Schuldzinsen - 3. Grundstück
k,k_c25334,1088,Geldbeschaffungskosten - 3. Grundstück
k,k_c25335,1088,Renten und dauernde Lasten - 3. Grundstück
k,k_c25336,1088,Direkt zuordenbare Erhaltungsaufwendg. - 3. Grundstück
k,k_c25337,1088,Verhältnismäßig zuordenb.Erhaltungsaufw.- 3. Grundstück
k,k_c25338,1088,"Erhaltgsaufw. §§ 11a,11b EStG,82b EStDV - 3. Grundstück"
k,k_c25341,1088,"Erhaltungsaufwendungen nach §§ 11a, 11b EStG, 82b EStDV aus dem 2. Jahr vor dem VZ - 3. Grundstück"
k,k_c25348,1088,Verwaltungskosten - 3. Grundstück
k,k_c25349,1088,Sonstige Werbungskosten - 3. Grundstück
k,k_c25352,1088,Summe der übrigen Werbungskosten - 3. Grundstück
k,k_c25353,1088,Datum der Veräußerung/Übertragung
k,k_c25354,1088,Gesamtwohnfläche - 3. Grundstück
k,k_c25355,1088,eigengenutzte/überlassene Wohnfläche - 3. Grundstück (von der Gesamtwohnfläche)
k,k_c25357,1088,Gesamtaufwand der zu verteil.Erhaufw. - 3. Grundstück
k,k_c25358,1088,an das FA gezahlte und ggf. verrechnete USt - 3. Grundstück
k,k_c25359,1088,nur bei umsatzsteuerpflichtiger Vermietung: in Zeile 50 enthaltene Vorsteuerbeträge - 3. Grundstück
k,k_c25360,1088,AfA für bewegliche Wirtschaftsgüter - 3. Grundstück
k,k_c25361,1088,als Ferienwohnung - 3. Grundstück
k,k_c25362,1088,an Angeh. vermietet - 3. Grundstück
k,k_c25401,1088,Einnahmen für Wohnungen - 4. Grundstück
k,k_c25402,1088,Einnahmen für andere Räume - 4. Grundstück
k,k_c25403,1088,Einnahmen fan Angehörige vermietWohng- 4 Grundstück
k,k_c25404,1088,Vereinn.Umlagen f.Wohng.u.andere Räume - 4. Grundstück
k,k_c25406,1088,Mieten für frühere Jahre / auf d.Kal.Jahr entfallende Mietvorausz. aus Baukostenzuschüssen - 4. Grundstück
k,k_c25407,1088,"Mieten für Garagen, Werbefläch., Grund u.Boden f.Kiosk usw., erstattete USt - 4. Grundstück"
k,k_c25408,1088,"Öffentl.Zuschüsse, Aufwendungszusch.usw.- 4. Grundstück"
k,k_c25409,1088,vereinnahmte USt- 4. Grundstück
k,k_c25410,1088,vom FA erstattete und ggf. verrechnete USt - 4. Grundstück
k,k_c25420,1088,Einkünfte aus der ersten Anlage V - 4. Grundstück
k,k_c25430,1088,"AfA n.§§ 7,7b,7k EStG, § 14a,d BerlinFG - 4. Grundstück"
k,k_c25431,1088,"Erhöhte AfA nach §§ 7h, 7i EStG - 4. Grundstück"
k,k_c25433,1088,Schuldzinsen - 4. Grundstück
k,k_c25434,1088,Geldbeschaffungskosten - 4. Grundstück
k,k_c25435,1088,Renten und dauernde Lasten - 4 Grundstück
k,k_c25436,1088,Direkt zuordenbare Erhaltungsaufwendg. - 4. Grundstück
k,k_c25437,1088,Verhältnismäßig zuordenb.Erhaltungsaufw.- 4. Grundstück
k,k_c25448,1088,Verwaltungskosten - 4. Grundstück
k,k_c25449,1088,Sonstige Werbungskosten - 4. Grundstück
k,k_c25452,1088,Summe der übrigen Werbungskosten - 4. Grundstück
k,k_c25453,1088,Datum der Veräußerung/Übertragung
k,k_c25454,1088,Gesamtwohnfläche - 4. Grundstück
k,k_c25458,1088,an das FA gezahlte und ggf. verrechnete USt - 4. Grundstück
k,k_c25459,1088,nur bei umsatzsteuerpflichtiger Vermietung: in Zeile 50 enthaltene Vorsteuerbeträge - 4. Grundstück
k,k_c25460,1088,AfA für bewegliche Wirtschaftsgüter - 4. Grundstück
k,k_c25461,1088,als Ferienwohnung - 4. Grundstück
k,k_c25462,1088,an Angeh. vermietet - 4. Grundstück
k,k_c25501,1088,Einnahmen für Wohnungen - 5. Grundstück
k,k_c25502,1088,Einnahmen für andere Räume - 5. Grundstück
k,k_c25503,1088,Einnahmen f.an Angehörige vermiet.Wohng.- 5. Grundstück
k,k_c25504,1088,Vereinn.Umlagen f.Wohng.u.andere Räume - 5. Grundstück
k,k_c25507,1088,"Mieten für Garagen, Werbefläch., Grund u.Boden f.Kiosk usw., erstattete USt - 5. Grundstück"
k,k_c25508,1088,"Öffentl.Zuschüsse, Aufwendungszusch.usw.- 5. Grundstück"
k,k_c25509,1088,vereinnahmte USt- 5. Grundstück
k,k_c25510,1088,vom FA erstattete und ggf. verrechnete USt - 5. Grundstück
k,k_c25520,1088,Einkünfte aus der ersten Anlage V - 5. Grundstück
k,k_c25530,1088,"AfA n.§§ 7,7b,7k EStG, § 14a,d BerlinFG - 5. Grundstück"
k,k_c25533,1088,Schuldzinsen - 5. Grundstück
k,k_c25534,1088,Geldbeschaffungskosten - 5. Grundstück
k,k_c25535,1088,Renten und dauernde Lasten - 5. Grundstück
k,k_c25536,1088,Direkt zuordenbare Erhaltungsaufwendg. - 5. Grundstück
k,k_c25548,1088,Verwaltungskosten - 5. Grundstück
k,k_c25549,1088,Sonstige Werbungskosten - 5. Grundstück
k,k_c25552,1088,Summe der übrigen Werbungskosten - 5. Grundstück
k,k_c25553,1088,Datum der Veräußerung/Übertragung
k,k_c25554,1088,Gesamtwohnfläche - 5. Grundstück
k,k_c25558,1088,an das FA gezahlte und ggf. verrechnete USt - 5. Grundstück
k,k_c25559,1088,nur bei umsatzsteuerpflichtiger Vermietung: in Zeile 50 enthaltene Vorsteuerbeträge - 5. Grundstück
k,k_c25560,1088,AfA für bewegliche Wirtschaftsgüter - 5. Grundstück
k,k_c25561,1088,als Ferienwohnung - 5. Grundstück
k,k_c25562,1088,an Angeh. vermietet - 5. Grundstück
k,k_c25601,1088,Einnahmen für Wohnungen - 6. Grundstück
k,k_c25602,1088,Einnahmen für andere Räume - 6. Grundstück
k,k_c25604,1088,Vereinn.Umlagen f.Wohng.u.andere Räume - 6. Grundstück
k,k_c25607,1088,"Mieten für Garagen, Werbefläch., Grund u.Boden f.Kiosk usw., erstattete USt - 6. Grundstück"
k,k_c25609,1088,vereinnahmte USt- 6. Grundstück
k,k_c25610,1088,vom FA erstattete und ggf verrechnete USt - 6 Grundstück
k,k_c25620,1088,Einkünfte aus der ersten Anlage V - 6. Grundstück
k,k_c25630,1088,"AfA n.§§ 7,7b,7k EStG, § 14a,d BerlinFG - 6. Grundstück"
k,k_c25633,1088,Schuldzinsen - 6. Grundstück
k,k_c25634,1088,Geldbeschaffungskosten - 6. Grundstück
k,k_c25636,1088,Direkt zuordenbare Erhaltungsaufwendg. - 6. Grundstück
k,k_c25637,1088,Verhältnismäßig zuordenb.Erhaltungsaufw.- 6. Grundstück
k,k_c25648,1088,Verwaltungskosten - 6. Grundstück
k,k_c25649,1088,Sonstige Werbungskosten - 6. Grundstück
k,k_c25652,1088,Summe der übrigen Werbungskosten - 6. Grundstück
k,k_c25653,1088,Datum der Veräußerung/Übertragung
k,k_c25654,1088,Gesamtwohnfläche - 6. Grundstück
k,k_c25658,1088,an das FA gezahlte und ggf. verrechnete USt - 6. Grundstück
k,k_c25659,1088,nur bei umsatzsteuerpflichtiger Vermietung: in Zeile 50 enthaltene Vorsteuerbeträge - 6. Grundstück
k,k_c25660,1088,AfA für bewegliche Wirtschaftsgüter - 6. Grundstück
k,k_c25661,1088,als Ferienwohnung - 6. Grundstück
k,k_c25662,1088,an Angeh. vermietet - 6. Grundstück
k,k_c25701,1088,Einnahmen für Wohnungen - 7. Grundstück
k,k_c25702,1088,Einnahmen für andere Räume - 7. Grundstück
k,k_c25704,1088,Vereinn.Umlagen f.Wohng.u.andere Räume - 7. Grundstück
k,k_c25707,1088,"Mieten für Garagen, Werbefläch., Grund u.Boden f.Kiosk usw., erstattete USt - 7. Grundstück"
k,k_c25709,1088,vereinnahmte USt- 7. Grundstück
k,k_c25710,1088,vom FA erstattete und ggf verrechnete USt - 7 Grundstück
k,k_c25720,1088,Einkünfte aus der ersten Anlage V - 7. Grundstück
k,k_c25730,1088,"AfA n.§§ 7,7b,7k EStG, § 14a,d BerlinFG - 7. Grundstück"
k,k_c25733,1088,Schuldzinsen - 7. Grundstück
k,k_c25734,1088,Geldbeschaffungskosten - 7 Grundstück
k,k_c25735,1088,Renten und dauernde Lasten - 7 Grundstück
k,k_c25736,1088,Direkt zuordenbare Erhaltungsaufwendg. - 7. Grundstück
k,k_c25748,1088,Verwaltungskosten - 7. Grundstück
k,k_c25749,1088,Sonstige Werbungskosten - 7. Grundstück
k,k_c25752,1088,Summe der übrigen Werbungskosten - 7. Grundstück
k,k_c25753,1088,Datum der Veräußerung/Übertragung
k,k_c25754,1088,Gesamtwohnfläche - 7. Grundstück
k,k_c25758,1088,an das FA gezahlte und ggf. verrechnete USt - 7. Grundstück
k,k_c25759,1088,nur bei umsatzsteuerpflichtiger Vermietung: in Zeile 50 enthaltene Vorsteuerbeträge - 7. Grundstück
k,k_c25760,1088,AfA für bewegliche Wirtschaftsgüter - 7. Grundstück
k,k_c25761,1088,als Ferienwohnung - 7. Grundstück
k,k_c25762,1088,an Angeh. vermietet - 7. Grundstück
k,k_c25850,1088,Ab 1987: Einkünfte aus allen weiteren Anlagen V; Bi.S. 1986: Einkünfte aus allen bebauten Grundstücken
k,k_c25852,1088,Einkünfte aus unbebauten Grundstücken
k,k_c25854,1088,Anteile an Grundstücksgemeinschaften 3. und weitere Gemeinschaften
k,k_c25856,1088,Anteil an Einkünften aus Vermietung und Verpachtung von Grundstücksgemeinschaften - 1. Anteil
k,k_c25858,1088,Anteil an Einkünften aus Vermietung und Verpachtung von Grundstücksgemeinschaften - 2. Anteil und weitere
k,k_c25866,1088,Einkünfte aus Untervermietung von gemieteten Räume
k,k_c25874,1088,Anteil an Einkünften aus geschlossenen Immobilienfonds
k,k_c25876,1088,Anteil an Einkünften aus Bauherren-/Erwerbsgemeinschaften
k,k_c26040,1088,Einkünfte aus Kapitalvermögen nach Anwendung von § 20 Abs. 6 und 9 EStG
k,k_c26041,1088,Einkünfte aus Kapitalvermögen in denen § 8 Abs. 10 Satz 2 KStG in i.V. mit § 32 d Abs. 2 Nr. 1 oder 3 EStG erfüllt. ist.
k,k_c26063,1088,Private Veräußerungsgeschäfte § 23 EStG: Verlustvor- oder -rücktrag
k,k_c26064,1088,Stpfl. Einkünfte aus Leistungen i.S.d. § 22 Nr. 3 EStG (Einkünfte ab 256 €)
k,k_c33100,1088,"Anzahl der Betriebe, für die eine Feststellung des Zinsvortrags vorzunehmen ist"
k,k_c33102,1088,"Einzutragen ist die Verringerung des Zinsvortrages durch (bis 2016: schädlichen Beteiligungserwerb nach § 8c KStG), Teilaufgabe oder Übertragung eines Teilbetriebs (§ 4h Abs. 5 EStG), Ausscheiden einer Organgesellschaft aus dem Organkreis (§ 15 Satz 1 Nr. 3 KStG, § 8a Abs. 1 KStG i. V. mit § 4h Abs. 5 EStG) und (bis 2017: Abspaltung nach § 15 Abs. 3, § 16 UmwStG)."
k,k_c33104,1088,Steuerungskennzahl
k,k_c33105,1088,steuerliche Abschreibungen i.S.d. § 4h Abs. 1 S. 1 EStG; bei OT: einschl. der entsprechenden Beträge der OG
k,k_c33106,1088,"Vergütungen für Fremdkapital an wesentlich Beteiligte, diesen nahe stehende Personen und rückgriffsberechtigte Dritte (§ 8a Abs. 2 und 3 KStG); bei OT: einschl. der entsprechenden Beträge der OG"
k,k_c33110,1088,nicht zu berücksichtigender Zinsvortrag nach § 8c KStG
k,k_c33111,1088,Minderung des nichtabziehbaren Zinsaufwands aus Sanierungsertrag
k,k_c33150,1088,EBITDA-Vortrag zum Schluss des vorangegangenen Wirtschaftsjahres
k,k_c33170,1088,"Gesamte Verringerung des EBITDA-Vortrags aufgrund Aufgabe oder Übertragung eines Betriebs oder Teilbetriebs (§ 8a Abs. 1 KStG i.V.m. § 4 Abs. 5 EStG), Ausscheiden einer Organgesellschaft aus dem Organ"
k,k_c33171,1088,"Anteil an Kz 33.170, der auf den EBITDA-Vortrag des ersten vorangegangenen Wirtschaftsjahrs entfällt"
k,k_c33172,1088,"Anteil an Kz 33.170, der auf den EBITDA-Vortrag des zweiten vorangegangenen Wirtschaftsjahrs entfällt"
k,k_c33173,1088,"Anteil an Kz 33.170, der auf den EBITDA-Vortrag des dritten vorangegangenen Wirtschaftsjahrs entfällt"
k,k_c33174,1088,"Anteil an Kz 33.170, der auf den EBITDA-Vortrag des vierten vorangegangenen Wirtschaftsjahrs entfällt"
k,k_c33175,1088,"Anteil an Kz 33.170, der auf den EBITDA-Vortrag des fünften vorangegangenen Wirtschaftsjahrs entfällt"
k,k_c33180,1088,"Verringerung des gesamten EBITDA-Vortrags bei Abspaltung (§15 Abs. 3, § 16 UmwStG)"
k,k_c33181,1088,"Verringerung des EBITDA-Vortrags des 1. vorangegangenen Wirtschaftsjahres bei Abspaltung (§15 Abs. 3, § 16 UmwStG)"
k,k_c35010,1088,Pensionskassenvermögen am Schluß des WJ.
k,k_c35011,1088,nach § 4d EStG gezahlte Zuwendungen an rückgedeckte Unterstützungskassen
k,k_c35012,1088,Unterstützungskassenvermögen Schluß des WJ.
k,k_c35013,1088,aus der Unterstützungskasse gezahlte Renten/Beihilfen
k,k_c35014,1088,nach § 6b EStG übertragene begünstigte Gewinne
k,k_c35015,1088,nach § 6c EStG übertragene begünstigte Gewinne
k,k_c35021,1088,"AfA nach § 7h EStG, § 82g EStDV"
k,k_c35023,1088,"AfA nach § 7i EStG, § 82i EStDV"
k,k_c35033,1088,"Erhaltungsaufwand n. §§ 11a, 4 Abs.8 EStGV"
k,k_c35034,1088,"Erhaltungsaufwand n. §§ 11b, 4 Abs.8 EStG"
k,k_c35036,1088,nach § 4d EStG gezahlte Zuwendungen an nicht rückgedeckte Unterstützungskassen
k,k_c35038,1088,Erhaltungsaufwand nach § 82b EStDV verteilt
k,k_c35039,1088,Betriebsausgaben gemäß § 4 Abs.5 EStG abgezogen
k,k_c35040,1088,Investitionsabzugsbetrag nach § 7g Abs. 1 EStG
k,k_c35041,1088,Sonderabschreibung nach § 7g(5) EStG
k,k_c35044,1088,AfA nach § 7 EStG (Gebäude linear/Gewinn-Eink.)
k,k_c35045,1088,AfA nach § 7 EStG (Gebäude degressiv/Gewinn-Eink.)
k,k_c35046,1088,AfA nach § 7 EStG (bewegl.WG linear/Gewinn-Eink.)
k,k_c35047,1088,AfA nach § 7 EStG (bewegl.WG degressiv/Gewinn-Eink.)
k,k_c35049,1088,Zuführung zur Rückstellung für Pensionsverpflichtungen (§ 6a EStG)
k,k_c35054,1088,AfA nach § 7 EStG (Gebäude linear/V+V-Einkünfte)
k,k_c35055,1088,AfA nach § 7 EStG (Gebäude degressiv/V+V-Einkünfte)
k,k_c35057,1088,Rückstellung nach § 6a EStG am Schluß des WJ.
k,k_c35058,1088,Nach § 6a EStG insgesamt gezahlte Pensionen
k,k_c35059,1088,Nach § 4c EStG gezahlte Zuwendungen an Pensionskassen
k,k_c35080,1088,Gewerbekennzahl -A-
k,k_c35081,1088,Gewerbekennzahl -B-
k,k_c35088,1088,1 = Anlage ST zutreffend ohne Wert
k,k_c37010,1088,Art der Feststellung / Kennzeichnung des Bescheides
k,k_c37013,1088,"Ausschluss des Verlustrücktrages, wenn nun nicht mehr OG (nur NRW); OG in: 1 = JJ-2, 2 = JJ-1, 3 = beide Jahre"
k,k_c37018,1088,Berücksichtigter Verlustrücktrag auf das Einkommen des vorangegangenen Veranlagungszeitraums
k,k_c37021,1088,Verringerung des verbleibenden Verlustabzugs bei übertragender Körperschaft bei Abspaltung
k,k_c37026,1088,Verlustfeststellung nicht durchführen
k,k_c37038,1088,Fortführungsgebundener Verlustvortrag zum Beginn des laufenden Veranlagungszeitraums
k,k_c37045,1088,nicht ausgeglichene negative Einkünfte nach § 6 Abs. 8 InvStG aus dem Vorjahr
k,k_c37051,1088,Im Sanierungsjahr: personell ermittelter Verlustrücktrag aus dem Folgejahr bei Sanierungsgewinnen
k,k_c37053,1088,Im Verlustentstehungsjahr: Der nach Verlustvortrag verbleibende Sanierungsgewinn des vorhergehenden Veranlagungszeitraums
k,k_c37054,1088,Minderung Verlustvortrag aus Sanierungsertrag
k,k_c37055,1088,Minderung Verlustrücktrag aus Sanierungsertrag nach § 3a Abs. 3 Nr. 12 EStG
k,k_c37078,1088,"1 = kein Abgang Verlustvortrag, § 14 Abs. 3a FMStFG"
k,k_c48110,1088,Art der Feststellung / Kennzeichnung des Bescheides
k,k_c48111,1088,Hinzurechnung des steuerlichen Einlagekontos des übertragenden Rechtsträgers
k,k_c48112,1088,Minderung des steuerlichen Einlagekontos des übernehmenden Rechtsträgers im Verhältni.S. des Anteils des übertragenden Rechtsträgers am übernehmenden Rechtsträger
k,k_c48113,1088,"bei Verschmelzung, Auf- oder Abspaltung: Prozentwert, um den sich das Vermögen der Gesellschaft vermindert"
k,k_c48114,1088,gezeichnetes Kapital zum Schluss des vorangegangenen Wj
k,k_c48115,1088,Betrag der Erhöhung des Nennkapitals
k,k_c48116,1088,EK lt. Steuerbilanz zum Schluss des vorangegangenen Wj
k,k_c48117,1088,Bestand des steuerlichen Einlagekontos zum Schluss des vorangegangenen Wirtschaftsjahres
k,k_c48118,1088,Anpassung des Nennkapitals des übertragenden Rechtsträgers bei Abspaltung: Höhe des Nennkapitals nach der Übertragung
k,k_c48119,1088,sonstige im Wj geleistete Einlagen
k,k_c48120,1088,Eigenkapital lt. Steuerbilanz zum Übertragungsstichtag
k,k_c48121,1088,Von dem Betrag der Herabsetzung des Nennkapitals zur Auszahlung vorgesehen
k,k_c48122,1088,sonstiger Korrekturbetrag (Mehr- oder Minderabführungen der OG)
k,k_c48131,1088,Anpassung des Nennkapitals des übernehmenden Rechtsträgers: Betrag der Erhöhung des Nennkapitals
k,k_c48132,1088,ausstehende Einlagen in das Nennkapital zu Kz 48.136
k,k_c48133,1088,Vermögensübergang auf Personengesellschaft in Prozent
k,k_c48134,1088,"Betrag der Herabsetzung des Nennkapitals oder - bei Liquidation der Körperschaft - Abschlagszahlung, soweit diese als Nennkapitalrückzahlung zu beurteilen ist"
k,k_c48135,1088,Betrag gem. § 39 Abs.2 KStG bzw. Bestand gem. § 28 Abs.1 S.3 und 4 KStG zum Schluss des vorangegangenen Wirtschaftsjahres
k,k_c48136,1088,Herabsetzung NK: Betrag des NK am Übertragungsstichtag
k,k_c48137,1088,"Ausstehende Einlagen in das Nennkapital zu Kz 48.134 bzw. ab VZ 2017 auch zu Kz 48.284 (bei Liquidation) und nur, soweit die Einzahlungsverpflichtung des Anteilseigners entfällt."
k,k_c48139,1088,vom Betrag der Herabsetzung des Nennkapitals (Kz 48.134) wurden an die Anteilseigner ausgezahlt
k,k_c48145,1088,Fortschreibungsbetrag des Saldos aus Kapitalherabsetzung und Auszahlungsbetrag
k,k_c48146,1088,"Fortschreibungsbetrag des Abzugsbetrags beim Sonderausweis, bei Kapitalherabsetzung, vermindert um Rückzahlungen, die aus der Minderung des Sonderausweises stammen"
k,k_c48148,1088,Gewinnwirksam gebuchte Einlagen
k,k_c48150,1088,in Leistungen enthaltene Rückzahlung an ausscheidende Mitglieder
k,k_c48154,1088,Einbringung des BgA oder wGB in eine KapGes. oder Formwechsel einer PG in eine KapGes.:im Zeitpunkt der Umwandlung vorhandene Rücklagen
k,k_c48161,1088,bei Eigenbetrieben: Leistungen für die Ermittlung des ausschüttbaren Gewinns
k,k_c48162,1088,vGA des laufenden Wirtschaftsjahrs
k,k_c48163,1088,Gewinn/Verlust des laufenden Wirtschaftsjahrs vor Rücklagenbildung und vor Verlustverrechnung
k,k_c48164,1088,im laufenden Wirtschaftsjahr geleistete sonstige Einlagen
k,k_c48165,1088,Bestand der Neurücklagen zum Schluss des vorangegangenen Wirtschaftsjahrs
k,k_c48168,1088,Betrag für den Ausgleich von Fehlbeträgen aus früheren Wirtschaftsjahren
k,k_c48169,1088,in steuerlich unzulässige Rücklagen eingestellter Gewinn des laufenden Jahres
k,k_c48170,1088,Bestand des EK02 gem. § 38 Abs.1 S.3 KStG zum Schluss des vorangegangenen Wirtschaftsjahrs
k,k_c48171,1088,Zugang von EK02 durch Verschmelzung
k,k_c48175,1088,Leistungen i.S.d. § 20 Abs.1 Nr.9 u. 10a EStG
k,k_c48176,1088,Auf den angezahlten Teil des Nennkapitals entfallende Herabsetzung (maximal Betrag des Sonderausweises)
k,k_c48177,1088,"Liquidation: Anteil, der auf Leistungen i.S.d. § 38 Abs.3 KStG entfällt, in Prozent"
k,k_c48179,1088,Fiktive Herabsetzung des Nennkapitals beim Übernehmer
k,k_c48180,1088,Ausstehende Einlagen bei Anpassung des Nennkapitals bei Abspaltung
k,k_c48181,1088,Ausstehende Einlagen in das Nennkapital (zu Kz 48.79)
k,k_c48182,1088,Bei der Übernehmerin: Hinzurechnungen des steuerlichen Einlagekontos der Übertragerin
k,k_c48183,1088,Eigenkapital laut Liquidationsschlussbilanz
k,k_c48184,1088,Nennkapital zu Beginn der Liquidation
k,k_c48185,1088,"Anteil am Vermögensübergang auf eine Personengesellschaft, der auf einen Vermögensübergang i.S.d. § 40 Abs.3 S.2 i.V.m. § 38 Abs.3. KStG entfällt."
k,k_c48186,1088,Außerbilanzielle Gewinn-/Einkommenskorrekturen der Organgesellschaft
k,k_c48187,1088,Auf von der Organgesellschaft zu versteuernde Ausgleichszahlungen entfallende Körperschaftsteuer
k,k_c48188,1088,Leistungen i.S.d. § 20 Abs.1 Nr.10 a EStG
k,k_c48213,1088,"Anteil abgespaltenes EK02, das auf Körperschaft mit Antrag nach § 34 Abs.16 und/oder auf PersGes/nat.Person entfällt"
k,k_c48214,1088,Steuerung § 2 Abs. 4 Satz 3 UmwStG.
k,k_c48220,1088,Zum steuerlichen Übertragungsstichtag ausgewiesenes EK ltStBilanz bei Vermögensübertragung auf PersGes oder natPerson oder Formwechsel in eine PersGes
k,k_c48221,1088,Ausgleich des Verlusts des lfd. Wj. aus dem Haushalt. der Trägerkörperschaft bzw. aus dem sonstigen Vermögen der Körperschaft.
k,k_c48222,1088,Summe der Bestände der steuerlichen Einlagekonten bei Zusammenschluss mehrerer BgAs
k,k_c48223,1088,Summe der Bestände der Neurücklagen bei Zusammenschluss mehrerer BgAs
k,k_c48224,1088,maßgeblicher Gewinn bzw. Jahresüberschuss des laufenden Wirtschaftsjahres
k,k_c48225,1088,"Bei unterjähriger Abspaltung: Hinzurechnung zum steuerlichen Einlagekonto wegen Leistungen, die nach dem steuerlichen Übertragungsstichtag erfolgt sind oder als erfolgt gelten"
k,k_c48226,1088,"Bei unterjähriger Abspaltung: Korrektur des steuerlichen Einlagekontos um Sachverhalte, die nach dem steuerlichen Übertragungsstichtag verwirklicht wurden"
k,k_c48227,1088,Regiebetrieb od. wGB: Änderung stl. ELK wenn Grenzen des § 20 Abs. 1 Nr. 10 b EStG unterschritten
k,k_c48228,1088,Regiebetrieb od. wGB: Änderung Neurücklagen wenn Grenzen des § 20 Abs. 1 Nr. 10 b EStG unterschritten
k,k_c48230,1088,Datum des Eintritts in die unbeschränkte Steuerpflicht
k,k_c48231,1088,Betrag des Nennkapitals nach Zusammenfassung von BgA
k,k_c48232,1088,ausstehende Einlagen in das Nennkapital zu Kz 48.236
k,k_c48233,1088,der prozentuale Anteil an den Rücklagen i.S.d. § 7 UmwStG bei Vermögensübertragung auf Personengesellschaften oder natürliche Person oder Formwechsel zur Personelgesellschaft
k,k_c48234,1088,Verschmelzung/Aufspaltung: der prozentuale Anteil an den Rücklagen i.S.d. § 7 UmwStG bei Vermögensübertragung auf Personengesellschaften oder natürliche Person oder Formwechsel zur Personelgesellschaft
k,k_c48236,1088,Herabsetzung NK: Betrag des Nennkapitals bei Verschmelzung/Aufspaltung
k,k_c48237,1088,Nennkapital zum Übertragungsstichtag bei Zusammenfassung von Betrieben gewerblicher Art und bei Abspaltung
k,k_c48240,1088,Zum steuerlichen Verschmelzungs-/Aufspaltungsstichtag ausgewiesenes EK ltStBilanz bei Vermögensübertragung auf PersGes oder natPerson oder Formwechsel in eine PersGes
k,k_c48241,1088,Mehrere Übernahmen: Anpassung des steuerlichen Einlagekontos
k,k_c48242,1088,Mehrere Übernahmen: Anpassung des Sonderausweises
k,k_c48243,1088,"Bei Einbringung des gesamten BgA oder eines Teilbetriebs in eine Kapitalgesellschaft: Prozentwert, um den sich das Vermögen des Betriebs vermindert"
k,k_c48247,1088,Mittelreservierung für betriebliche Zwecke i.S.d. Tz 23 d.BMF-Schreibens v.11.09.2002 i.d.F.v.08.08.2005
k,k_c48250,1088,Über den Nennbetrag hinausgehender Teil des Kaufpreises beim Erwerb eigener Anteile
k,k_c48251,1088,Nennbetrag der erworbenen eigenen Anteile bei Erwerb über Nennbetrag
k,k_c48252,1088,Ausstehende Einlage zur Kz. 48.251
k,k_c48253,1088,Im WJ ausgezahlter Kaufprei.S. soweit er auf das Nennkapital enfällt
k,k_c48254,1088,Differenzbetrag zwischen Nennbetrag und Kaufprei.S. bei Erwerb unter Nennbetrag
k,k_c48255,1088,Ausstehende Einlage zur Kz. 48.254
k,k_c48256,1088,Differenzbetrag zwischen Nennbetrag und Veräußerungsprei.S. bei Weiterveräußerung oder Einziehung eigener Anteile über Nennbetrag
k,k_c48257,1088,Differenzbetrag zwischen Nennbetrag und Veräußerungsprei.S. bei Weiterveräußerung oder Einziehung eigener Anteile unter Nennbetrag
k,k_c48258,1088,Personell ermittelter Abgang aus dem Einlagekonto bei Erwerb eigener Anteile über Nennbetrag
k,k_c48259,1088,Fortschreibungsbetrag eigene Anteile
k,k_c48260,1088,Antrag nach § 34 Abs. 14 gestellt: Wert '1': Voraussetzungen liegen im VZTR vor; Wert '2': Voraussetzungen im VZTR weggefallen
k,k_c48261,1088,im Wirtschaftsjahr für Zwecke außerhalb des BgA bzw. des wirtschaftlichen Geschäftsbetriebs aufgelöste Rücklagen
k,k_c48262,1088,wirtschaftlicher Gschäftsbetrieb: Zuführungen aus dem steuerfreien Bereich
k,k_c48270,1088,Minderung des festgest. EK02 durch Abspaltung auf Übernehmerin ohne Antrag gem. § 34 Abs. 14 im Vorjahr
k,k_c48271,1088,Abweichungen aufgrund außerbilanzieller Korrekturen bei Beteiligungen an Personengesellschaften
k,k_c48272,1088,verrechenbare Verluste i. S. des § 15a EStG für die keine Mehrabführung zu bilden ist
k,k_c48273,1088,Verrechnung mit verrechenbaren Verlusten i. S. des § 15a EStG für die keine Mehrabführung gebildet wurde
k,k_c48280,1088,Selbst zu versteuernder Übertragungsgewinn i. S. des § 11 UmwStG gekürzt um damit im Zusammenhang stehenden Betriebsausgaben
k,k_c48284,1088,fiktive Herabsetzung des Nennkapitals bei Liquidation nach § 28 Abs. 2 KStG
k,k_c48285,1088,nach § 27 Abs.5 KStG personell zu ermittelnder Betrag der Verwendung des Einlagekontos
k,k_c48287,1088,Ausstehende Einlagen in das Nennkapital bei Auflösung der Körperschaft
k,k_c48290,1088,Eigenkapital zum Übertragungsstichtag bei Abspaltung
k,k_c48291,1088,Zähler Anteil Abspaltung auf PersG
k,k_c48292,1088,Nenner Anteil Abspaltung auf PersG
k,k_c48293,1088,Prozentsatz Anteil Abspaltung auf Personengesellschaften
k,k_c48295,1088,"Eigenkapital zum Übertragungsstichtag bei Formwechsel, Verschmelzung oder Aufspaltung"
k,k_c48296,1088,Zähler Anteil Vollübertragung auf PersG
k,k_c48297,1088,Nenner Anteil Vollübertragung auf PersG
k,k_c48298,1088,Prozentsatz Anteil Vollübertragung auf Personengesellschaften
k,k_c48341,1088,Zähler zu Abspaltungsquote
k,k_c48342,1088,Nenner zu Abspaltungsquote
k,k_c48344,1088,Nenner zu Anteil der Vermögensübertragung auf PersGes/nat. Person bzw. nach § 30 Abs. 3 Satz 2 KStG
k,k_c48345,1088,Zähler zu Anteil der Leistungen i.S.d. § 38 Abs. 3 KStG bei Schlussauskehrung des Vermögens
k,k_c48346,1088,Nenner zu Anteil der Leistungen i.S.d. § 38 Abs. 3 KStG bei Schlussauskehrung des Vermögens
k,k_c48351,1088,Zähler zu Anteil der Vermögensübertragung auf PersGes oder nat Person bzw. den Formwechsel PersGes
k,k_c48352,1088,Nenner zu Anteil der Vermögensübertragung auf PersGes oder nat Person bzw. den Formwechsel PersGes
k,k_c48353,1088,Zähler zu Anteil der 2. Vermögensübertragung auf PersGes oder nat. Person bzw. den Formwechsel PersGes
k,k_c48354,1088,Nenner zu Anteil der 2. Vermögensübertragung auf PersGes oder nat. Person bzw. den Formwechsel PersGes
k,k_c64004,1088,Merker für Antrag nach § 8d Abs. 1 KStG
k,k_c64115,1088,Fortführungsgebundener Verlustvortrag zum 31.12. des laufenden Veranlagungszeitraums
k,k_c64119,1088,Minderung des forführungsgebundenen Verlustes durch Verlustverrechnung
k,k_c64121,1088,fortführungsgebundener Zinsvortrag zum Schluss des laufenden Wirtschaftsjahres
k,k_c64122,1088,fortführungsgebundener Zinsvortrag zum Beginn des Wirtschftsjahres
k,k_c64124,1088,Verrechnung des fortführungsgebundenen Zinsvortrags
k,k_c65100,1088,Zwischensumme 1 für KSt-bescheid
k,k_c65105,1088,Zwischensumme für nicht der KSt unterliegender Vermögensmehrungen
k,k_c65106,1088,Zwischensumme 5 nach Abzug nicht der Körperschaftsteuer unterliegender Vemögensmehrungen
k,k_c65111,1088,Zwischensumme nach Berücksichtigung der Organschaftsfälle
k,k_c65112,1088,Summe der Einkünfte bei UFA 30 und 31
k,k_c65114,1088,Zwischensumme nach Kz 1551 (Zeile 63b KSt 1A (2009))
k,k_c65121,1088,Summe der Einkünfte bei bei UFA 32 und 33
k,k_c65160,1088,GewSt-Kz 300 (alt) GewSt-Kz 2310 (neu); ab 1998 GewSt-Kz 2110
k,k_c65175,1088,Verlustabzug aus Vortrag aus Jahren nach 1976
k,k_c65971,1088,Gesamtbetrag der Einkünfte (bi.S. 1989) Zwischensumme lt. Zeile 63 KSt 1 A (ab 1990)
k,k_c65977,1088,Einkommen vor Verlustabzug/-rücktrag
k,k_c66017,1088,Merker wenn PHW da
k,k_c66117,1088,"Jahr, in das der Verlust zurück getragen wird (vor allem relevant bei Liquidationszeitraum)"
k,k_c66135,1088,Minderung des festgest. EK02 durch Abspaltung auf Übernehmerin ohne Antrag gem. § 34 Abs. 14 im Vorjahr
k,k_c66137,1088,festgest. Zuwendungsvortrag zum 31.12.JJJJ-1
k,k_c66138,1088,im VZTR abziehbares Spendenvolumen
k,k_c66139,1088,festgest. Zuwendungsvortrag zum 31.12.JJJJ
k,k_c66216,1088,Zwischensumme vor Wegfall des Verlustes des laufenden Jahres bei Abspaltungsfällen
k,k_c66421,1088,Anfangsbestand EK02 Folgejahr (ab 2008)
k,k_c66423,1088,festgestellter Endbestand EK02 zum Schluss des vorangegangenen Wj
k,k_c66428,1088,bi.S. 2010: verbl. Zuwenundungsvortrag vor Abgang durch Vermög.Übertragg.
k,k_c66429,1088,Abgang Zuwendungsvortrag durch Vermögensübertragung
k,k_c66446,1088,Zwischensumme Zeile 2c KSt 1 F 38
k,k_c66449,1088,Zwischensumme Verlustvortrag vor Abspaltung (Z. 79b KSt 1 A 2009)
k,k_c66452,1088,Zwischensumme (Zinsvortrag zu Beginn zuzüglich Zinsaufwendungen des laufenden Jahres)
k,k_c66455,1088,abziehbare Zinsaufwendungen aufgrund von Escape-/Konzernklausel oder Geringfügigkeitsgrenze
k,k_c66456,1088,verrechenbares EBITDA des laufenden Wirtschaftsjahres
k,k_c66459,1088,Gesamter EBITDA-Vortrags zum Schluss des Wirtschaftsjahres
k,k_c66590,1088,Summe der kapitalertragsteuerpflichtigen Leistungen - Zeile 29 KSt 1 Fa
k,k_c66591,1088,Veränderung des steuerlichen Einlagekontos - Zeile 30 KSt 1 Fa
k,k_c66592,1088,Kapitalertragsteuerpflichtige Leistungen - Zeile 31 KSt 1 Fa
k,k_c66704,1088,"Ausländische Bezüge nach § 8b Abs.1 KStG, abzüglich pauschalierter Aufwendungen"
k,k_c66706,1088,Summe ZKZ66703 bi.S. ZKZ66705
k,k_c66713,1088,Zwischensumme Zeile 12c Anlage AE (HEV) (Kz 16.85 - Kz 16.86)
k,k_c66715,1088,positive ZKZ66719
k,k_c66716,1088,ausschüttbarer Gewinn zum Übertragungsstichtag
k,k_c66732,1088,verwendbares EK 02 bei Vermögensübertragung auf eine Personengesellschaft
k,k_c66733,1088,Erhöhung zu ZKZ66732
k,k_c66736,1088,für Ausschüttungen verwendeter Betrag (Zeile 22 KSt 1 F37 / Zeile 26 KSt 1 F 38)
k,k_c66737,1088,"Betrag von ZKZ66736 falls positiv, sonst ""0"" - Zeile 26 KSt 1 F 38"
k,k_c66738,1088,ausschüttbarer Gewinn § 27 Abs.1 S.4 KStG - Zeile 30 KSt 1 F 38
k,k_c66741,1088,Summe ZKZ66737 und ZKZ66740 - Zeile 32 KSt 1 F 38
k,k_c66746,1088,"Anteil, auf Leistungen § 38 Abs.3 KStG - Zeile 22 KSt 1 F 38"
k,k_c66780,1088,nicht abziehbare Ausgaben i.S.d. § 8b Abs.5 KStG
k,k_c66781,1088,"Gutschrift beim steuerlichen Einlagekonto (Verschmelzung, Auf- oder Abspaltung) - Zeile 45 KSt 1 F 27/28"
k,k_c66782,1088,Zwischensumme Einlagekonto - Zeile 46 KSt 1 F 27/28
k,k_c66789,1088,Bestand/fortgeschriebener Bestand EK 02 zum Schluss des vorangegangenen Wj. - Zeile 4 KSt 1 F 38
k,k_c66794,1088,"Abzug vom Einlagekonto (Betrag der ZKZ66863, höchstens ZKZ66860 bzw. der Wert der Kz 19.85) - Zeile 6 KSt 1 F 27/28"
k,k_c66827,1088,frei
k,k_c66829,1088,frei
k,k_c66839,1088,Ergebniswert zu Kz 1954 ab StSenkG - Zeile 6 KSt 1 F 38
k,k_c66861,1088,im Wirtschaftsjahr erbrachte Leistungen - Zeile 2 KSt 1 F 38
k,k_c66862,1088,ausschüttbarer Gewinn - Zeile 13 KSt 1 F
k,k_c66863,1088,Ergebni.S. (ZKZ66872 - ZKZ66862) - Zeile 5 KSt 1 F 27/28
k,k_c66878,1088,nicht abziehbare Ausgaben zu Kz 13.85 (§ 8b Abs.3 S.2 KStG)
k,k_c66880,1088,Zwischensumme nach Verringerung des festgestellten EK 02 durch Abspaltung auf Übernehmerin ohne Antrag gem. § 34 Abs16 KStG - Zeile 1b KSt 1 F 38
k,k_c66882,1088,Zwischensumme Vorspalte - Zeile 7 KSt 1 F 38
k,k_c66883,1088,"positive ZKZ66882, maximal 7/10 von ZKZ66885 - Zeile 13 KSt 1 F 38"
k,k_c66885,1088,Zwischensumme (ZKZ66880 - ZKZ66839) - Zeile 7 KSt 1 F 38
k,k_c66886,1088,Zwischensumme - Zeile 12 KSt 1 F 38
k,k_c66890,1088,Zwischensumme Vorspalte - Zeile 5 KSt 1 F 38
k,k_c66894,1088,nicht abziehbare Ausgaben i.S.d. § 8b Abs.3 KStG
k,k_c66916,1088,Einkünfte des Antielseigners i.S.d. § 20 Abs.1 Nr.2 EStG
k,k_c66942,1088,Liquidation: Einkünfte des Anteilseigners i.S.d. § 20 Abs.1 Nr.2 EStG - Zeile 69 KSt 1 F 27/28
k,k_c66947,1088,Bezüge des Anteilseigners i.S.d. § 20 Abs.1 Nr.1 EStG
k,k_c66969,1088,Aufspaltung/Verschmelzung: Bezüge des Anteilseigners i.S.d. § 20 Abs.1 Nr.1 EStG
k,k_k13111,1088,Jahresüberschuß/-fehlbetrag
k,k_k13150,1088,Gewinn aus 1 Gewerbebetrieb
k,k_k13165,1088,Gewinn lt. besonderer Gewinnerm bei UFA 31
k,k_k14012,1088,Aufwendungen für satzungsmäßige Zwecke
k,k_k14015,1088,KSt für den laufenden Veranlagungszeitraum
k,k_k14017,1088,Kapitalertragst. auf vereinnahmte Kapitalertr.
k,k_k14021,1088,Sonstige Personensteuern
k,k_k14025,1088,USt auf den Eigenverbrauch für den lfd. VZ
k,k_k14026,1088,Sonstige ausländische Personensteuern
k,k_k14029,1088,Nicht anzurechnende Kapitalertragsteuer
k,k_k14030,1088,Soli zur KSt
k,k_k14031,1088,steuerl. NL Erstattungen
k,k_k14032,1088,Hälfte der Aufsichtsratsvergütungen
k,k_k14033,1088,Sonstige nichtabziehbare Aufwendungen
k,k_k14035,1088,Gez. Spenden und nicht als BA abz. Beiträge
k,k_k14043,1088,Gewerbesteuer ab Erhebungszeitraum 2008
k,k_k14044,1088,Zinsaufw. i.S.d. § 4h Abs. 3 Satz 2 EStG
k,k_k14045,1088,Nicht abziehbare Beitragsrückerstattungen nach § 21 KStG
k,k_k15051,1088,Nach § 8c KStG nicht zu berücksich. Verlust des lfd. VZ
k,k_k15052,1088,wegfallender Verlust aus lfd. VZ
k,k_k15053,1088,Übernommene positive Einkünfte im Rückwirkungszeitraum
k,k_k15054,1088,laut gesonderter und einheitlicher Feststellung: Übernommene positive Einkünfte im Rückwirkungszeitraum
k,k_k15055,1088,Einkommen i.S. des § 8 Abs. 1 Satz 3 KStG von inl. öff. Rundfunkanstalten
k,k_k15058,1088,Betrag nach § 6 Abs. 5a Satz 4 KStG
k,k_k15074,1088,Nach § 2 Abs. 4 Satz 3 und 4 UmwStG nicht ausgleichsfähiger Verlust bei Spartenfall
k,k_k15075,1088,Summe neg. GdE aus den einzelnen Sparten
k,k_k15076,1088,Vorzunehmender Verlustabzug i.S. des § 8 Abs. 9 KStG
k,k_k15077,1088,Verlustrücktrag in Fällen des § 8 IX KStG
k,k_k15078,1088,Minderung laufender Verlust aus Sanierungsertrag
k,k_k15080,1088,Zuwendungen an politische Parteien
k,k_k15081,1088,besonderer Steuersatz
k,k_k15082,1088,Anteil des zvE für den der besondere Steuersatz gilt
k,k_k15089,1088,Vorläufiger Verlustrücktrag nach § 111 EStG
k,k_k16121,1088,Hinzurechnung nach § 2 Abs. 1 Satz 3 AIG
k,k_k17110,1088,Vom OG an OT abgeführter Gewinn
k,k_k17111,1088,Vom OT an OG als Ausgleich geleisteter Betrag
k,k_k17112,1088,Von OG an OT abgeführter Gewinn
k,k_k17112,1088,Von OG an OT abgeführter Gewinn
k,k_k17113,1088,Vom OT an OG als Ausgleich geleisteter Betrag
k,k_k17114,1088,Neutralisierung des Ertrages i.S. Absch. 59 KStR
k,k_k17115,1088,Neutralisierung des Aufwandes i.S. Absch. 59 KStR
k,k_k17116,1088,Vom OT an außenstehende Anteilseig.(OG) gel. Ausgleich
k,k_k17119,1088,Als Einlage zu behandelnde Minderabführung
k,k_k17120,1088,Dem OT zuzurechnendes Einkommen der OG
k,k_k17121,1088,Vom OT an außenst. Anteilseig.gel. Ausgleich
k,k_k17122,1088,Vom OT geleistete Ausgleichszahlungen
k,k_k17130,1088,Steuernummer des Organträgers
k,k_k17134,1088,An außenst. Anteilseigner gel. Ausgleich(zzgl. Belastung)
k,k_k17140,1088,Summe der Einkünfte der Organgesellschaften
k,k_k17147,1088,Einnahmen i.S.d. § 3 Nr. 40 EStG
k,k_k17148,1088,Beträge(§ 3c II EStG) im Zusammenhang mit Kz 17.47
k,k_k17149,1088,"Ausländ. Bruttoeinkünfte, die aufgrund DBA befreit sind"
k,k_k17150,1088,vGA einer OG -> Gewinnerhöhung beim OT
k,k_k17152,1088,an OT geleistete verdeckte Gewinnausschüttung
k,k_k17155,1088,im abgef. Gew. enth. Gew./Verl. Handelsschiff
k,k_k17156,1088,im gel. Betr .enth. Gew./Verl. Handelsschiff
k,k_k17160,1088,inländische Bezüge i.S.d. § 8b Abs.1 KStG
k,k_k17163,1088,stbefr. ausl. Bezüge i.S.d. § 8b Abs.1 KStG
k,k_k17165,1088,inl. Gewinne § 8b Abs.2 KStG
k,k_k17168,1088,ausl. Gewinne § 8b Abs. 2 KStG
k,k_k17173,1088,Mehrabf.wg.Gesch.vorfall vororganschaftl. Zeit
k,k_k17174,1088,Mehrabf.wg.Gesch.vorfall vororganschaftl.Zeit
k,k_k17175,1088,vom Eink.OT zu kürz. stfr.Bezüge
k,k_k17180,1088,"sonstige, von OG selbst zu versteuernde Einkommensteile"
k,k_k17183,1088,Minderabf. wg. Geschäftsvorfällen in vorvertragl. Zeit
k,k_k17188,1088,zu Kz 180: nicht abziehbare Steuern
k,k_k17210,1088,OT: abzuziehende ausländische Steuern nach § 34c Abs. 3 EStG - brutto
k,k_k17211,1088,OT: abzuziehende ausländische Steuern nach § 34c Abs. 3 EStG - § 8b KStG
k,k_k17212,1088,OT: abzuziehende ausl. Steuern nach § 34c Abs. 3 EStG - § 3 Nr. 40 EStG
k,k_k17213,1088,ausl. Steuer § 34c Abs. 3 EStG von MU
k,k_k17214,1088,ausl. St. § 34c Abs. 3 von MU soweit ESt
k,k_k17221,1088,OT: anzurechnende Kapitalertragsteuer
k,k_k17222,1088,im Einkommen der OG enthaltene übernommene Einkünfte im Rückwirkungszeitraum
k,k_k17223,1088,OT: anzurechnender SolZ.KapESt
k,k_k17224,1088,Verdeckte Gewinnausschüttung an außenstehende Anteilseigner
k,k_k17225,1088,20/17 der verdeckten Gewinnausschüttungen an außenst. Anteilseigner
k,k_k17231,1088,Kürzung Bezüge aus entliehenen Anteilen (inl)
k,k_k17233,1088,ausländische Gewinnminderungen
k,k_k17234,1088,bilanz. Ausgleichszhlg. OG an außenst. AE
k,k_k17235,1088,Anteil an einem Übernahmeverlust
k,k_k17236,1088,Dem OT zuzurechnende übernommene Einkünfte im Rückwirkungszeitraum
k,k_k17237,1088,laut gesonderter und einheitlicher Feststellung: Übernommene positive Einkünfte im Rückwirkungszeitraum
k,k_k17238,1088,OG: personell ermittelte DBA-Einkünfte für Progressionsvorbehalt
k,k_k17239,1088,inländische Gewinnminderungen
k,k_k17240,1088,OT: nach § 8b Abs. 1 KStG steuerfreie Bezüge
k,k_k17241,1088,OT: nach § 8b Abs. 2 KStG steuerfreie Gewinne
k,k_k17242,1088,OT: Steuerfreie Bezüge nach § 3 Nr. 41 Buchst. a EStG
k,k_k17243,1088,"OT: nach DBA steuerfreie Einkünfte i. S. des § 8b Abs. 1 KStG, soweit nach dieser Vorschrift steuerfrei"
k,k_k17244,1088,OT: Gewinnminderung i. S. des § 8b Abs. 3 Satz 3 bi.S. 7 KStG
k,k_k17245,1088,OT: Gewinne i. S. des § 8b Abs. 3 Satz 8 KStG
k,k_k17246,1088,"OT: Fiktive Einnahmen und/oder Bezüge i. S. des § 8b Abs. § 10 Satz 2 KStG, soweit es sich dabei um Bezüge i. S. des 8b Abs. 1 KStG, auf die § 8b Abs. 4 KStG nicht anzuwenden ist, und/oder § 8b Abs. 2"
k,k_k17247,1088,"OT: 5 % der Bezüge bzw. Gewinne i. S. des § 8b Abs. 1 und/oder Abs. 2 KStG, soweit es sich hierbei um Bezüge aus entliehenen Anteilen i. S. des § 8b Abs. 10 KStG handelt"
k,k_k17248,1088,OT: Anteil an einem Übernahmeverlust i. S. des § 4 Abs. 6 UmwStG
k,k_k17249,1088,OT: Summe der nach DBA steuerfreien Bruttoeinkünfte aller vorgelagerten Organgesellschaften
k,k_k17250,1088,OT: Einnahmen i. S. des § 3 Nr. 40 EStG einschließlich eines Anteils an einem Übernahmegewinn i. S. des § 4 Abs. 7 UmwStG und der Einnahmen i. S. des § 7 UmwStG
k,k_k17251,1088,"OT: Betriebsvermögensminderungen, Betriebsausgaben, Veräußerungskosten und weitere Beträge i. S. des § 3c Abs. 2 Satz 1 zweiter Halbsatz EStG, die mit den dem § 3 Nr. 40 EStG zugrunde liegenden Betrie"
k,k_k17252,1088,OT: Summe der zu versteuernden Einkommen aller vorgelagerten Organgesellschaften
k,k_k17253,1088,OT: Summe der berücksichtigten Zuwendungsabzüge i. S. des § 9 Abs. 1 Nr. 2 KStG aller vorgelagerten Organgesellschaften
k,k_k17254,1088,"OT: Vergütungen für Fremdkapital an wesentlich beteiligte Anteilseigner, diesen nahe stehenden Personen und rückgriffsberechtigte Dritte (§ 8a Abs. 2, 3 KStG)"
k,k_k17255,1088,OT: Zinsaufwendungen des laufenden Wirtschaftsjahres i.S. des § 4h Abs. 3 Satz 2 und 4 EStG
k,k_k17256,1088,OT: Zinserträge des laufenden Wirtschaftsjahres nach § 4h Abs. 3 Satz 3 und 4 EStG
k,k_k17257,1088,"OT: Nach § 6 Abs. 2 Satz 1, § 6 Abs. 2a Satz 2 und § 7 EStG abgesetzte Beträge (Abschreibungen)"
k,k_k17258,1088,OT: Betriebsausgaben zu § 3 Nr. 41 Buchst. a und b EStG
k,k_k17259,1088,OG: Betriebsausgaben zu § 3 Nr. 41 Buchst. a und b EStG
k,k_k17260,1088,"inländ.Bezüge gem. §8b Abs.1, für die §8b Abs.4 KStG gilt"
k,k_k17261,1088,OT: Gewinne nach § 3 Nr. 41 Buchst. b EStG
k,k_k17262,1088,OG: Einkünfte aus Mitunternehmerschaften
k,k_k17263,1088,OG: Einkünfte aus vermögensverwaltenden Personengesellschaften
k,k_k17270,1088,Einkünfte i.S.d. Art.20 Abs.1 Buchst. b DBA Frankreich i.V.m. §8b Abs.1 KStG
k,k_k17273,1088,"Mehrabf., die ihre Urs in organschaftli. Zeit haben"
k,k_k17274,1088,"Minderabf., die ihre Urs. in organschaftli. Zeit haben"
k,k_k17277,1088,Hinzurechnungsbetrag nach §10 AStG
k,k_k17278,1088,Nach §12 Abs. 1 und 3 AStG anzurechnende ausländische Steuer der Organgesellschaft
k,k_k17279,1088,"OG: n. DBA stfr. ausl. Eink., die dem § 2a EStG unterl."
k,k_k17280,1088,"OT: n. DBA stfr. ausl. Eink., die dem § 2a EStG unterl."
k,k_k17281,1088,OG: Zinserträge n. § 46 Abs. 1 S. 1 InvStG
k,k_k17282,1088,Ermittlung EBITDA Organträger: zvE eigener Organges.
k,k_k17283,1088,Ermittlung EBITDA Organträger: Zuw.abzug eigener OG
k,k_k17284,1088,Verg.für Fremdkapital an Personen
k,k_k17285,1088,Zinsaufwendungen
k,k_k17286,1088,Zinserträge i.S.d. § 8a KStG i.V.m. § 4h ESt
k,k_k17287,1088,Abschreibungen für EBITDA-Ermittlung beim OT
k,k_k17288,1088,inländische Gewinne
k,k_k17289,1088,ausländische Gewinne
k,k_k17290,1088,Verbleibender Sanierungsertrag nach § 3a Abs. 3 Satz 4 EStG
k,k_k17291,1088,Verbleibender Sanierungsertrag der OG nach § 3a Abs. 3 Satz 4 EStG
k,k_k17292,1088,OG: Anleger-Teilfreistellungsgewinn nach § 49 Abs. 1 Satz 1 Nr. 3 InvStG für natürliche Personen bei Anteilsveräußerung
k,k_k17293,1088,OG: Anleger-Teilfreistellungsgewinne nach § 34 Abs. 1 Nr. 1 und 2 InvStG für natürliche Personen
k,k_k17371,1088,OG: Korrekturbetrag i. S. des § 51a EStG von Personengesellschaften
k,k_k17375,1088,"OG: Korrekturbetrag zu den Einkünften aus Personengesellschaften, wenn der OT der KSt unterliegt"
k,k_k17376,1088,"OG: Korrekturbetrag zu den Einkünften aus Personengesellschaften, wenn der OT der ESt unterliegt"
k,k_k19250,1088,nach dem 31.12.2006 erfolgte Gewinnausschüt.
k,k_k19252,1088,andere Gewinnausschüt. und sonst. Leistungen
k,k_k37015,1088,Verbl. festgestellter Verlustvortrag Vorjahr
k,k_k37016,1088,n.z. berücksicht. Verlustabzug § 8 IV S.1 KStG
k,k_k37019,1088,Verbleibender Verlustabzug Vorjahr
k,k_k37025,1088,zu übernehmender Verlustvortrag (§ 8 VIII)
k,k_k37036,1088,nicht zu berücksichtigender Verlustabzug nach § 8c KStG
k,k_k37039,1088,Erhalt. Verlustvortrag durch stille Reserven
k,k_k37052,1088,personell ermittelter Verlustabzug aus Verlustvortrag bei Sanierungsgewinnen
k,k_k37054,1088,Minderung Verlustvortrag aus Sanierungsertrag
k,k_k37055,1088,Minderung Verlustrücktrag aus Sanierungsertrag
k,k_k64032,1088,Sondersteuer nach § 7 Abs. 1 InvStG
k,k_k64062,1088,Verrechung Verlust § 6 Abs. 8 InvStG
k,k_k64116,1088,Fortführungsgebundener Verlustvortrag zum Beginn des laufenden VZ
k,k_k64130,1088,Voraussetzungen des § 8d Abs. 2 KStG liegen vor
k,k_k64220,1088,Dem Organträger zuzurechnendes Einkommen der Organgesellschaften (bi.S. 2018: Kz 17.120)
k,k_k64221,1088,"Korrekturbetrag zum zuzurechnenden Einkommen, wenn der Organträger der KSt unterliegt (bi.S. 2018: Kz 17.275 abzgl. Kz 17.240, 17.241 bi.S. 17.248 und 17.261 zzgl. 5 % der Summe der Kz 17.240 bi.S. 17.243 u"
k,k_k64222,1088,"Korrekturbetrag zum zuzurechnenden Einkommen, wenn der Organträger der ESt unterliegt (bi.S. 2018: Kz 17.276 abzgl. Kz 17.250 zzgl. Kz 17.251 und 17.258)"
k,k_k64223,1088,Ausgleichszahlungen des Organträgers an außenstehende Anteils-eigner der Organgesellschaften (bi.S. 2018: Kz 17.121)
k,k_k64225,1088,Summe der Einkünfte der Organgesellschaften für die Höchst-betragsberechnung nach § 26 Abs. 2 KStG (bi.S. 2018: Kz 17.140)
k,k_k64226,1088,Im zuzurechnenden Einkommen enthaltene positive Einkünfte aus dem Rückwirkungszeitraum (bi.S. 2018: Kz 17.222)
k,k_k64227,1088,Verbleibender Sanierungsertrag nach § 3a Abs. 3 Satz 4 EStG (bi.S. 2018: Kz 17.291)
k,k_k64228,1088,Zinsaufwendungen (bi.S. 2018: Kz 17.255)
k,k_k64229,1088,Zinserträge (bi.S. 2018: Kz 17.256)
k,k_k64230,1088,Abschreibungen zur Ermittlung des EBITDA (bi.S. 2018: Kz 17.257)
k,k_k64231,1088,"Bei der Festsetzung der Kirchensteuer zu berücksichtigender Betrag nach § 51a Abs. 2 Satz 2 EStG, wenn der Organträger der ESt unterliegt"
k,k_k64232,1088,Zu versteuerndes Einkommen der Organgesellschaften zur Ermitt-lung des EBITDA (bi.S. 2018: Kz 17.252)
k,k_k64233,1088,Berücksichtigter Zuwendungsabzug zur Ermittlung des EBITDA (bi.S. 2018: Kz 17.253)
k,k_k64234,1088,"Nach DBA steuerfreie ausländische Einkünfte für Zwecke des Pro-gressionsvorbehalts, wenn der Organträger der ESt unterliegt (bi.S. 2018: Kz 17.249)"
k,k_k64236,1088,Hinzurechnungsbetrag nach § 10 AStG (bi.S. 2018: Kz 17.277)
k,k_k64237,1088,Ausländische Steuern nach § 12 Abs. 1 und 3 AStG (bi.S. 2018: Kz 17.278)
k,k_k64238,1088,Anzurechnende Kapitalertragsteuer (bi.S. 2018: Kz 17.221)
k,k_k64239,1088,Anzurechnender Solidaritätszuschlag (bi.S. 2018: Kz 17.223)
k,k_k64240,1088,Vergütungen für Fremdkapital i. S. des § 8a Abs. 2 und 3 KStG für Zwecke der Zinsschranken-Klauseln des § 4h Abs. 2 Satz 1 Buchst. a und b EStG (bi.S. 2018: Kz 17.254)
k,k_k65023,1088,Einjähriger Verlustrücktrag auf Antrag
k,k_k65030,1088,Bei Überträgerin bei Abspaltung: Verring. des verbl.VA
k,k_k65109,1088,Änderung Einkommen Organträger
k,k_k65110,1088,Änderung Einkommen Organgesellschaft
k,k_k65115,1088,Dem Organträger zuzurechnendes Einkommen
k,k_k65116,1088,Zwischensumme nach Berücksichtigung für Organträger
k,k_k65126,1088,Zwischensumme auf Ausgleichszahl. ohne Ausschüttungsbel.
k,k_k65140,1088,Summe der nichtabziehbaren Aufwendungen
k,k_k65141,1088,BMG für Kz 65.142
k,k_k65142,1088,KSt gem. § 23 Abs.1 KStG (56/50/45/40/25 %)
k,k_k65153,1088,Abzugsbetrag § 10g EStG
k,k_k65165,1088,Dem Organträger zuzurechnendes Einkommen
k,k_k65172,1088,abzb. Spenden nach § 9 Nr.3 KStG inkl. abzb. Großspenden
k,k_k65178,1088,Einkommen
k,k_k65180,1088,Zu versteuerndes Einkommen
k,k_k65198,1088,Zusammengefasste Einkommensteile
k,k_k65199,1088,Zwischenfeld zusammengefasste KSt vor Tarifermäßigung
k,k_k65200,1088,festgesetzte Körperschaftsteuer
k,k_k65201,1088,Anzurechnende ausländische Steuern
k,k_k65269,1088,Ausgabefeld für ZKZ3719
k,k_k65270,1088,verbleibender Verlustvortrag
k,k_k65274,1088,Festg. verbl. Verlustvortrag aus Vorjahr
k,k_k65276,1088,Berücksichtigter Verlustrücktrag aus VVZTR -1
k,k_k65277,1088,Im abgespaltenen Verlust enthaltene Verlusteaus dem Beitrittsgebiet
k,k_k65279,1088,Teil festgest.Verlustabzug für Beitrittsgebiet
k,k_k65291,1088,Festgesetzter SolZ vor Steueranrechnung
k,k_k65294,1088,Verbleibender SolZ nach Steueranrechnung
k,k_k65295,1088,Anzurechnender Solidaritätszuschlag zur Kapitalertragsteuer
k,k_k65669,1088,Steuerabzugsbetrag nach § 50a Abs. 7 EStG
k,k_k65671,1088,Besond. KSt bei Unterstützung/Förderung polit. Parteien durch Berufsverbände
k,k_k65816,1088,Einkünfte aus Land- und Forstwirtschaft
k,k_k65822,1088,"Freibetrag gemäß § 24, 25 KStG"
k,k_k65823,1088,Gesamtbetrag der Einkünfte
k,k_k65824,1088,Summe der Einkünfte
k,k_k65825,1088,Tarifliche KSt
k,k_k65829,1088,Freibetrag aus L + F (§ 13 Abs. 3 EStG)
k,k_k65837,1088,Summe der berücksichtigten Verlustvorträge
k,k_k65839,1088,verbleibende Körperschaftsteuer
k,k_k65979,1088,Anzurechnende 25%ige KapESt in vollen EUR
k,k_k66276,1088,maßgeblicher GDE i.S.d. § 8 Abs. 9 KStG
k,k_k66492,1088,Summe der Einkünfte
k,k_k66494,1088,KSt-Erhöhungsbetrag aufgrund von Ausschüttungen nach § 38 Abs. 2 KStG
k,k_k66495,1088,Steuerl. Verlust d. lfd. Jahres
k,k_k66598,1088,KSt mit besonderem Steuersatz (z.B. § 34b Abs. 3 EStG)
k,k_k66866,1088,Endbestand steuerliches Einlagekonto
k,k_k66912,1088,Ermäßigt zu besteuernder Teil des zvE
k,k_k66923,1088,Verlustvortrag maximal 1 Mio
k,k_k66926,1088,Abzug von 60%
k,k_k66995,1088,Kz 17.113 + Tonnagebesteuerung Kz 17.156
k,k_t13113,1088,Korrekturbetrag nach § 60 Abs. 2 Satz 1 EStDV
k,k_t13116,1088,Verdeckte Gewinnausschüttungen
k,k_t13130,1088,Steuerfreie Einnahmen i.S.d. § 3 und 3 a EStG
k,k_t13131,1088,Investitionszulagen
k,k_t13138,1088,Erhöhung/Kürzung n § 15 Abs4 bzw. § 15a EStG ua
k,k_t13139,1088,Gewinnzuschlag nach § 6b Abs. 6 EStG
k,k_t13140,1088,Einlagen der Gesellschafter (Nennkapital nicht erhöht)
k,k_t13148,1088,"akt., noch nicht gel. Einl. Gesellsch., NK nicht erhöht"
k,k_t13151,1088,Gewinn aus weiteren Gewerbebetrieben
k,k_t13160,1088,Einkünfte aus selbständiger Arbeit
k,k_t13161,1088,Einkünfte aus selbständiger Arbeit aus Beteiligungen
k,k_t13166,1088,Gewinnerhöhung im Zhg mit in VJ verst. vGA Kz 13.16
k,k_t13168,1088,Korrekturbetrag zu inl.Anteilen n.§ 8b Abs.8 S.4+5 KStG
k,k_t13175,1088,Einkünfte aus der VuV von inländischem unbewegl. Vermögen
k,k_t13179,1088,Einkünfte aus Beteiligungen an Mitunternehmerschaften lt. Feststellung
k,k_t13181,1088,Gewinn Betrieb Handelsschiffe b. gesond. Gewinnerm.§ 5a
k,k_t13185,1088,inl. Gewinne i.S.d. § 8b Abs.2 KStG
k,k_t13210,1088,Einkünfte während beschr. Steuerpflicht
k,k_t13211,1088,Summe der Einkünfte des 1. Wj im VZ
k,k_t13213,1088,Gewinn/Verlust nach § 4 Abs. 3 EStG
k,k_t13216,1088,nicht abziehbare genossenschaftliche Rückvergütung als vGA
k,k_t13220,1088,Gewinnerhöhung Veräußerung WG (§ 4 Abs.1 S.8 2.HS EStG)
k,k_t13221,1088,"Eink.erh. Steuerentstrickung §12 Abs.1 KStG, §4g EStG"
k,k_t13222,1088,Ertrag/Gew.mind.im Zshg mit Auszahlung des KSt-Guthaben
k,k_t13223,1088,Einnahmen i.S.d. § 7 UmwStG
k,k_t13224,1088,nicht zu berücks. Übernahmegewinn § 12 Abs.2 S.1 UmwStG
k,k_t13225,1088,Einbringungsgewinn i.S.d. § 22 Abs.1 UmwStG
k,k_t13226,1088,nicht erfolgswirksam gebuchte Einlagen (§ 8 Abs.3 KStG)
k,k_t13227,1088,nicht abziehbarer Aufwand nach § 8b Abs.10 S.1 KStG
k,k_t13228,1088,fiktive Einnahmen i.S.d. § 8b Abs.10 S.2 KStG
k,k_t13229,1088,"fiktive Einnahmen, soweit Bezüge i.S.d. § 8b Abs.1 KStG"
k,k_t13230,1088,Kürzung Bezüge aus entliehenen Anteilen
k,k_t13231,1088,Hinzurechnung negativer ausl. Einkünfte im Organkreis
k,k_t13232,1088,Gew.mind./Ertrag i.Zshg mit KSt-Erhöhungsbetrag
k,k_t13235,1088,nicht zu berücks.Übernahmeverlust (§ 4 Abs.6 UmwStG)
k,k_t13236,1088,nicht zu berücks.Übernahmeverlust (§ 12 Abs.2 UmwStG)
k,k_t13237,1088,Eink.korr. zu Übernahmegewinn/-verlust o. Einbringungsgewinn in lfd. WJ
k,k_t13238,1088,Eink.korr. zu Übernahmegewinn/-verlust o. Einbringungsgewinn in anderem WJ
k,k_t13239,1088,Investitionsabzugsbetrag nach § 7g Abs.1 EStG
k,k_t13240,1088,Hinzurechnungsbetrag nach § 7g Abs. 2 Satz 1 EStG
k,k_t13241,1088,Betrag nach § 4e Abs.3 EStG
k,k_t13242,1088,Betrag nach § 4f EStG
k,k_t13243,1088,n.abzb. Lizenzaufwand § 4j Abs. 3 EStG
k,k_t13245,1088,Hinzurechnung des Investitionsabzugsbetrags nach § 7g Abs. 2 Satz 1 EStG aus VZTR - 3
k,k_t13246,1088,Hinzurechnung des Investitionsabzugsbetrags nach § 7g Abs. 2 Satz 1 EStG aus VZTR - 2
k,k_t13247,1088,Hinzurechnung des Investitionsabzugsbetrags nach § 7g Abs. 2 Satz 1 EStG aus VZTR - 1
k,k_t13249,1088,Einkünfte aus Gewerbebetrieb n. § 17 EStG
k,k_t13251,1088,Veräußerungsprei.S. aller im Veranlagungszeitraum veräußerten Betriebe
k,k_t13252,1088,Veräußerungskosten
k,k_t13253,1088,Wert des Betriebsvermögens
k,k_t13260,1088,Antrag § 32 II 2: Einkünfte mit Steuerabzug § 50a I 1
k,k_t13267,1088,Erhöhung/Kürzung nach § 19 Abs. 4 REITG
k,k_t13279,1088,Im bil. Ergebni.S. enth. Gewinn/Verl. aus Bet. an PG
k,k_t13280,1088,Einkünfte aus verm.verw. PG lt. Feststellung
k,k_t13281,1088,tatsächlicher Gewinn oder Verlust bei Einkünften nach § 5a EStG
k,k_t13283,1088,"Abzug der in einem anderen Wirtschaftsjahr entstandenen Aufwendungen bzw. Erträge, die im Zusammenhang mit der nach § 8b Abs. 2 und 3 KStG steuerfreien Veräußerung von Anteilen an anderen Körperschaft im laufenden Wirtschaftsjahr stehen."
k,k_t13284,1088,"Hinzurechnung der im laufenden Wirtschaftsjahr entstandenen Aufwendungen bzw. Erträge, die im Zusammenhang mit der nach § 8b Abs. 2 und 3 KStG steuerfreien Veräußerung von Anteilen an anderen Körperschaft in einem anderen Wirtschaftsjahr stehen."
k,k_t13285,1088,im von der OG selbst zu versteuernden Übertagungsgewinn enthalten Gewinne i. S. des § 8b Abs. 2 KStG
k,k_t13286,1088,steuerfr. Bezüge gem. § 3 Nr. 41 Buchstabe b EStG
k,k_t13287,1088,Gewinnminderung i.S.d. § 8b Abs.3 S.3 KStG
k,k_t13288,1088,Gewinne iSd. § 8b Abs. 3 Satz 8 KStG
k,k_t13289,1088,Gewinn nach § 8b Abs. 2 KStG von PG
k,k_t13290,1088,Tats. Einnahmen aus Verwertung von Altpap.
k,k_t13291,1088,Tats. Einnahmen aus sonst. Altmaterial
k,k_t13292,1088,Tats. Aufwendungen zu Altmaterial
k,k_t13293,1088,Tats. Einnahmen aus § 64 Abs. 6 AO
k,k_t13294,1088,Tats. Aufwendungen zu Einn. nach § 64 Abs. 6 AO
k,k_t13297,1088,Gewinnminderung § 8b Abs. 3 KStG von PG
k,k_t13300,1088,Bezüge nach § 8b Abs. 1 KStG
k,k_t13301,1088,nach DBA Frankreich steuerfreie Bezüge
k,k_t13302,1088,mit Kz 301 im Zusammenhang stehende Betriebsausgaben
k,k_t13310,1088,"steuerfr. § 8b Abs. 1 KStG, unmittelbar zu Beginn > 10%"
k,k_t13311,1088,"steuerfr. § 8b Abs. 1 KStG, mittelbar zu Beginn > 10%"
k,k_t13312,1088,"steuerfr. § 8b Abs. 1 KStG, in Fällen der Anlage BE"
k,k_t13314,1088,steuerfr. Bezüge gem. § 3 Nr. 41 Buchst. a EStG
k,k_t13315,1088,nach DBA steuerfreie Bezüge
k,k_t13316,1088,mit Kz 315 im Zusammenhang stehende Betriebsausgaben
k,k_t13318,1088,Nicht ausgleichsfähige Verluste i. S. des § 19 Abs. 4 REITG
k,k_t13319,1088,Verlustverrechnung nach § 19 Abs. 4 REITG
k,k_t13320,1088,Nicht ausgleichsfähige Verluste aus gewerblicher Tierzucht/-haltung
k,k_t13321,1088,Verrechnung von Gewinnen aus gewerbl. Tierzucht/-haltung mit Verlusten
k,k_t13322,1088,Nicht ausgleichsfähige Verluste aus Termingeschäften
k,k_t13323,1088,Verrech. v. Gewinnen aus Termingeschäften d. lfd. J. mit dem Verlustvortrag
k,k_t13324,1088,Nicht ausgleichsfähige Verl. als stiller Gesellschafter i. S. d. § 15 Abs. 4 Satz 6 bi.S. 8 EStG
k,k_t13325,1088,Verrechnung von Gewinnen als stiller Gesellschafter mit dem Verlustvortrag
k,k_t13326,1088,Nicht ausgleichsfähige Verl. als stiller Gesellschafter i. S. d. § 20 Abs. 1 Nr. 4 Satz 2 EStG
k,k_t13327,1088,Verrechnung von Gewinnen als stiller Gesellschafter mit dem Verlustvortrag
k,k_t13328,1088,Nicht ausgleichsfähige Verluste i. S. des § 15b EStG
k,k_t13329,1088,Verlustverrechnung nach § 15b EStG
k,k_t13330,1088,Inl. Immobilienertrage als Investmentfonds
k,k_t13350,1088,Investmenterträge Aktienfonds
k,k_t13351,1088,Investmenterträge Aktienfonds Sonderfall
k,k_t13352,1088,Investmenterträge Mischfonds
k,k_t13353,1088,Investmenterträge Mischfonds Sonderfall
k,k_t13354,1088,Investmenterträge aus Immobilienfonds
k,k_t13355,1088,Investmenterträge Immobilienfonds (Ausland)
k,k_t13360,1088,Ausgaben zu Inv. Erträgen Aktienfonds
k,k_t13361,1088,Ausgaben zu Inv. Erträgen Aktienfonds Sonderfall
k,k_t13362,1088,Ausgaben zu Inv. Erträgen Mischfonds
k,k_t13363,1088,Ausgaben zu Inv. Erträgen Mischfonds Sonderfall
k,k_t13364,1088,Ausgaben zu Inv. Erträgen Immobilienfonds
k,k_t13365,1088,Ausgaben zu Inv. Erträgen Immobilienfonds (Ausland)
k,k_t13370,1088,Spezial-Investmenterträge Aktienfonds
k,k_t13371,1088,Spezial-Investmenterträge Aktienfonds Sonderfall
k,k_t13372,1088,Spezial-Investmenterträge Mischfonds
k,k_t13373,1088,Spezial-Investmenterträge Mischfonds Sonderfall
k,k_t13374,1088,Spezial-Investmenterträge Immobilienfonds
k,k_t13375,1088,Spezial-Investmenterträge Immo-fonds (Ausland)
k,k_t13376,1088,Bet-Einn. § 42 Abs. 4 InvStG mit Erm-Anspruch
k,k_t13377,1088,Bet-Einn. § 42 Abs. 4 InvStG ohne Erm-Anspruch
k,k_t13378,1088,Immo-Ertr. § 42 Abs. 5 InvStG mit Erm-Anspruch
k,k_t13379,1088,Immo-Ertr. § 42 Abs. 5 InvStG ohne Erm-Anspruch
k,k_t13380,1088,Ausgaben zu Spez-Invest-Ertr. Aktienfonds
k,k_t13381,1088,Ausgaben zu Spez-Invest-Ertr. Aktienfonds Sonderfall
k,k_t13382,1088,Ausgaben zu Spez-Invest-Ertr. Mischfonds
k,k_t13383,1088,Ausgaben zu Spez-Invest-Ertr. Mischfonds Sonderfall
k,k_t13384,1088,Ausgaben zu Spez-Invest-Ertr. Immobilienfonds
k,k_t13385,1088,Ausgaben zu Spez-Invest-Ertr. Immo-fonds (Ausland)
k,k_t13386,1088,Ausgaben zu Einn. § 42 Abs. 4 InvStG mit Erm-Anspruch
k,k_t13387,1088,OG: Ausgaben zu Einn. §42 Abs.4 InvStG ohne ErmAnspruch
k,k_t13388,1088,Ausgaben zu Ertr. § 42 Abs. 5 InvStG mit Erm-Anspruch
k,k_t13389,1088,OG: Ausgaben zu Ertr. §42 Abs.5 InvStG ohne ErmAnspruch
k,k_t13390,1088,Steuerfreier Anleger-Abkommensgewinn
k,k_t13391,1088,Steuerfr. Anleger-Teilfreistellungsgewinn (VG)
k,k_t13392,1088,Unterschiedsbeträge nach InvStG 2004
k,k_t13393,1088,Anleger-Teilfreistellungsgewinn nach § 49 Abs. 1 Nr. 3 InvStG in den Fällen des § 20 Abs. 1 Satz 4 InvStG bei Veräußerung
k,k_t13394,1088,laufender steuerfreier Anleger-Teilfreistellungsgewinn
k,k_t13395,1088,laufender steuerfreier Anleger-Teilfreistellungsgewinn in den Fällen des § 20 Abs. 1 Satz 4 InvStG
k,k_t15043,1088,Abzugsbetrag nach § 10g EStG
k,k_t15062,1088,Abzuziehende Kapitalertragsteuer nach § 36a Abs. 1 Satz 3 EStG
k,k_t15063,1088,InvFonds: steuerfreie Einkünfte nach §§ 8 und 10 InvStG
k,k_t15071,1088,Sanierungsertrag
k,k_t15072,1088,Sanierungskosten nach § 3c Abs. 4 EStG Sanierungs-Jahr
k,k_t15073,1088,Sanierungskosten nach § 3c Abs. 4 EStG anderes Jahr
k,k_t15078,1088,Minderung laufenden Verlust aus Sanierungsertrag
k,k_t15083,1088,Inl. Beteiligungseinnahmen und sons. Inl. Einkünfte
k,k_t16111,1088,Bruttoeink.aus ausl.Betriebsstätten einschl.ausl.Steuer
k,k_t16112,1088,"n. abz. inl. Ausgaben, bei ausl. Eink. zu Kz 16.111"
k,k_t16127,1088,Im Verlustjahr nicht ausgegl. Verlust n. § 2 a (1) EStG
k,k_t16128,1088,Verlustabzug gemäß § 2 a Abs. 1 Satz 3 EStG
k,k_t16130,1088,Ausl. Bruttoeink. mit Anrech. ausl. Steuern 1. Staat
k,k_t16131,1088,Ausl. Bruttoeink. mit Anrech. ausl. Steuern 2. Staat
k,k_t16132,1088,Ausl. Bruttoeink. mit Anrech. ausl. Steuern 3. Staat
k,k_t16133,1088,Ausl. Bruttoeink. mit Anrech. ausl. Steuern 4. Staat
k,k_t16134,1088,Ausl. Bruttoeink. mit Anrech. ausl. Steuern 5. Staat
k,k_t16135,1088,Ausl. Bruttoeink. mit Anrech. ausl. Steuern 6. Staat
k,k_t16136,1088,Ausl. Bruttoeink. mit Anrech. ausl. Steuern 7. Staat
k,k_t16137,1088,Ausl. Bruttoeink. mit Anrech. ausl. Steuern 8. Staat
k,k_t16138,1088,Ausl. Bruttoeink. mit Anrech. ausl. Steuern 9. Staat
k,k_t16140,1088,Ausländ. Steuer 1. Staat (Brutto-Eink. - anz. Steuer)
k,k_t16141,1088,Ausländ. Steuer 2. Staat (Brutto-Eink. - anz. Steuer)
k,k_t16142,1088,Ausländ. Steuer 3. Staat (Brutto-Eink. - anz. Steuer)
k,k_t16143,1088,Ausländ. Steuer 4. Staat (Brutto-Eink. - anz. Steuer)
k,k_t16144,1088,Ausländ. Steuer 5. Staat (Brutto-Eink. - anz. Steuer)
k,k_t16145,1088,Ausländ. Steuer 6. Staat (Brutto-Eink. - anz. Steuer)
k,k_t16146,1088,Ausländ. Steuer 7. Staat (Brutto-Eink. - anz. Steuer)
k,k_t16147,1088,Ausländ. Steuer 8. Staat (Brutto-Eink. - anz. Steuer)
k,k_t16148,1088,Ausländ. Steuer 9. Staat (Brutto-Eink. - anz. Steuer)
k,k_t16162,1088,Summe der abzuziehenden ausl. Steuern (siehe Langtext)
k,k_t16175,1088,Berichtigungsbetrag nach § 1 AStG
k,k_t16184,1088,steuerfrei ausländische Bezüge
k,k_t16185,1088,ausl.Gewinne i.S.d. § 8b Abs.2 KStG
k,k_t16187,1088,Hinzurechnungsbetrag nach § 10 Abs.2 S.2 AStG n.F.
k,k_t16188,1088,anzurechnende ausl. Steuer (§ 12 Abs.1 AStG n.F.)
k,k_t16227,1088,nichtabziehbare Aufwendungen (§ 8b Abs.10 S.1 KStG)
k,k_t16228,1088,fiktive Einnahmen i.S.d. § 8b Abs.10 S.2 KStG
k,k_t16229,1088,"fiktive Einn.§ 8b X S.2, sowit Bezüge § 8b I/II KStG"
k,k_t16239,1088,Inländische Einkünfte i. S. d. § 50d Abs. 10 EStG
k,k_t16249,1088,Auf Einkünfte nach § 50d Abs. 10 EStG entfallende ausländische Steuer
k,k_t16263,1088,Summe der abzuziehenden ausländischen Steuern nach § 34cAbs. 3 EStG
k,k_t16264,1088,Ausländische Steuer nach § 34c Abs. 3 EStG Mitunternehmer - brutto
k,k_t16265,1088,Ausländische Steuer nach § 34c Abs. 3 EStG Mitunternehmer - § 8b KStG
k,k_t16267,1088,Ausl. Steuer nach § 34c Abs. 3 EStG von MU
k,k_t16268,1088,Korrekturbetrag ausl. Anteile § 8b VIII S.4+5 KStG
k,k_t16269,1088,Ausl. St § 34c Abs. 3 EStG von MU soweit ESt
k,k_t16277,1088,Hinzurechnungsbetrag nach § 10 AStG
k,k_t16278,1088,Nach § 12 Abs. 1 AStG anzurechnende ausländische Steuern
k,k_t16281,1088,Gewinnminderung i.S.d. § 8b Abs.3 S.3 KStG
k,k_t16282,1088,Gewinne § 8b III S.8 KStG im Zshg mit ausl. Anteilen
k,k_t16287,1088,Hinzurechnungsbetrag nach § 10 Abs.2 AStG -OG-
k,k_t16288,1088,Nach § 12 Abs. 3 AStG anzurechnende ausländische Steuern
k,k_t19122,1088,Schlussauskehrung aus dem Nennkapital
k,k_t19123,1088,Schlussauskehrung jedoch nicht aus dem Nennkapital
k,k_t19131,1088,Anzurechnende KapSt der inl. Kapitalerträge
k,k_t19133,1088,Anzurechnender SolZ zur KapSt
k,k_t19134,1088,Steuerabzugsbetrag nach § 50a Abs.7 EStG
k,k_t19220,1088,Abschlagszahlungen auf den Liquidationserlös (nach 31.12.2006 geleistet) soweit Nennkap.rückzahlung
k,k_t19221,1088,Abschlagszahlungen auf den Liquidationserlös (nach 31.12.2006 geleistet) soweit nicht Nennkap.rückzahlung
k,k_t19231,1088,Kapitalertragsteuer laut einheitlicher und gesonderter Feststellung
k,k_t19233,1088,Solidaritätszuschlag zur Kapitalertragsteuer laut einheitlicher und gesonderter Feststellung
k,k_t19234,1088,Solidaritätszuschlag zum Steuerabzugsbetrag nach § 50a Abs. 7 EStG
k,k_t19255,1088,"in den Werten zu Kz 19.250, 252, 221 enthaltene Ausschüttungen an stbefr.Anteilseigner und jur.P.d.ö.R."
k,k_t19259,1088,in den Werten zu Kz 48.239 enthaltene Ausschüttungen an steuerbefr.Anteilseigner und jur.P.d.ö.R.
k,k_t19261,1088,"Kapitalertragsteuer, deren Anrechnung nach § 36a EStG auf 2/5tel beschränkt ist."
k,k_t19263,1088,Solidaritätszuschlag zur nach § 36a EStG beschränkt anrechenbaren Kapitalertragsteuer
k,k_t20010,1088,"Gewinn eigene LuF aus Wj., das im Vz endet, soweit Vz"
k,k_t20012,1088,"Gewinn eigene LuF aus Wj., das im Vz beginnt, soweit Vz"
k,k_t20038,1088,Eink. LuF aus Bet. an PersGes
k,k_t25120,1088,Einkünfte aus der ersten Anlage V - 1. Grundstück
k,k_t26040,1088,Einkünfte aus Kapitalvermögen
k,k_t26058,1088,Einnahmen aus wiederkehrenden Bezügen (§ 22 Nr. 1 EStG)
k,k_t26060,1088,Werbungskosten zu wiederkehrenden Bezügen
k,k_t26062,1088,Stpfl. Einkünfte aus Spekulationsgeschäften (§ 23 EStG)
k,k_t26064,1088,Stpfl. Einkünfte aus Leistungen i.S.d. § 22 Nr. 3 EStG
k,k_t33101,1088,Zinsvortrag zum Ende des vorangegangenen WJ
k,k_t33102,1088,Verringerung des Zinsvortrags (versch. Gründe)
k,k_t33103,1088,Zinserträge des lfd. WJ nach § 4h Abs. 3 Satz 3 EStG
k,k_t33105,1088,steuerliche Abschreibungen i.S.d. § 4h Abs. 1 S. 1 EStG
k,k_t33106,1088,Vergütungen Fremdkapital an betroffene Personengruppen
k,k_t33107,1088,Zinsaufwendungen des lfd. WJ nach § 4h Abs. 3 S. 2 EStG
k,k_t33108,1088,Ffg. Zinsvortrag z.Ende d.vorangegangenen Wj.
k,k_t33110,1088,nicht zu berücks. Zinsvortrag nach § 8c KStG
k,k_t33112,1088,Zinserträge nach § 46 Abs. 1 S. 1 InvStG
k,k_t33113,1088,Abgang Zinsvortrag bei Abspaltung
k,k_t33151,1088,EBITDA-Vortrag des letzten Wirtschaftsjahres
k,k_t33152,1088,EBITDA-Vortrag des vorletzten Wirtschaftsjahres
k,k_t33153,1088,EBITDA-Vortrag des drittletzten Wirtschaftsjahres
k,k_t33154,1088,EBITDA-Vortrag des viertletzten Wirtschaftsjahres
k,k_t33155,1088,EBITDA-Vortrag des fünftletzten Wirtschaftsjahres
k,k_t33161,1088,verechenbares EBITDA des laufenden Wirtschaftsjahres
k,k_t33170,1088,Gesamtabgang EBITDA-Vortrag neben Abspaltung
k,k_t33171,1088,Abgang EBITDA-Vortrag neben Abspaltung 1. Vj.
k,k_t33172,1088,Abgang EBITDA-Vortrag neben Abspaltung 2. Vj.
k,k_t33175,1088,Abgang EBITDA-Vortrag neben Abspaltung 5. Vj.
k,k_t37021,1088,Verringerung verbl.Verlustabzugs übertr.Körp.bei Absp.
k,k_t37028,1088,VR-Antrag in das Jahr ZTR - 1
k,k_t37038,1088,Ffg. Verlustvortrag zum Beginn des VZ
k,k_t48217,1088,zum Zeitpunkt d.Eintritts i.d.Steuerpflicht vorhandener Bestand der nicht in d.Nennkapital geleisteten Einlagen
k,k_t48235,1088,zum Zeitpunkt d.Eintritts i.d.Steuerpflicht vorhandener Bestand des Sonderausweises nach § 28 Abs. 1 S. 3 KStG
k,k_t64001,1088,ab 2014: Summe der n. § 8b Abs. 1 steuerfreien Bezüge (entspricht Summe der Zeilen 4 bi.S. 7 Vorspalte der Anlage B)
k,k_t64002,1088,ab 2014: steuerfreier Teil der Beteiligungserträge (entspricht Ergebni.S. der Zeilen 2 bi.S. 10 Hauptspalte der Anlage B)
k,k_t64003,1088,ab 2014: steuerpflichtiger Teil der Beteiligungserträge (entspricht Ergebni.S. der Zeilen 1 bi.S. 10 Vorspalte der Anlage B)
k,k_t64023,1088,Abzuziehende ausländische Steuer nach § 34c Abs. 2 EStG
k,k_t64024,1088,Abzuziehende ausländische Steuer nach § 34c Abs. 3 EStG
k,k_t64115,1088,ffg. Verlustvortrag zum 31.12. des lfd. VZ
k,k_t64117,1088,Minderung des forführungsgebundenen Verlustes aufgrund von § 8c KStG
k,k_t64118,1088,Abspaltung beim ffg. Verlust
k,k_t64119,1088,Verlustverrechnung des ffg. Verlustes
k,k_t64121,1088,ffg. Zinsvortrag zum Schluss des Wj.
k,k_t64122,1088,ffg. Zinsvortrag zum Beginn des Wj.
k,k_t64124,1088,Verrechnung ffg. Zinsvortrags
k,k_t65100,1088,Zwischensumme Bilanzgewinn/ -verlust
k,k_t65111,1088,Zwischensumme n. Berücksichtigung der Organschaftsfälle
k,k_t65113,1088,Zwischensumme nach Abzug ausländischer Steuern
k,k_t65118,1088,Zu versteuerndes Einkommen vor Abrundung
k,k_t65271,1088,Steuerlicher Verlust des lfd. Jahres
k,k_t65273,1088,Zwischensumme 2 bei Berechnung d.verbl.Verlustvortrags
k,k_t65684,1088,Für Ausschüttungen verwendbarer Teil d. NK - Endbestand
k,k_t65817,1088,Einkünfte aus Gewerbebetrieb
k,k_t65818,1088,Einkünfte aus selbständiger Arbeit
k,k_t65819,1088,Einkünfte aus Kapitalvermögen
k,k_t65820,1088,Einkünfte aus Vermietung und Verpachtung
k,k_t65821,1088,Sonstige Einkünfte
k,k_t65971,1088,GdE(bi.S. 1989) Zwischensumme lt.Zeile 63 KSt1A (ab 1990)
k,k_t65979,1088,Anzurechnende 25%ige KapESt in vollen EUR (bi.S. 2001:DM)
k,k_t65980,1088,"bi.S. 91: GdE §34cI S.2 EStG, ab 92: S.d.E §34cI S.2 EStG"
k,k_t66216,1088,Zwischensumme vor Wegfall des Verlustes des lfd. Jahres
k,k_t66299,1088,Zwischensumme vor Abzug nach § 10g EStG
k,k_t66300,1088,EK02 zum 31.12.2006
k,k_t66447,1088,Zinsvortrag zum Schluss des WJ
k,k_t66449,1088,Zwischensumme Verlustvortrag vor Abspaltung
k,k_t66450,1088,nach § 8 Abs. 4 KStG bzw. § 8c KStG Beitrittsverluste
k,k_t66451,1088,Zinsaufwendungen des laufenden Wirtschaftsjahres
k,k_t66453,1088,abziehbare Zinsaufwendungen aufgrund von Zinserträgen
k,k_t66454,1088,verbleibende Zinsaufwendungen
k,k_t66455,1088,abziehbare Zinsaufwendungen
k,k_t66457,1088,abzb. Zinsen aus verrechenbarem EBITDA des lfd. Wj.
k,k_t66458,1088,insgesamt abziehbare Zinsaufwendungen
k,k_t66459,1088,Gesamter EBITDA-Vortrags zum Schluss des Wj
k,k_t66583,1088,Endbestand Neurücklagen - Zeile 20 KSt 1 Fa
k,k_t66703,1088,"Bezüge nach § 8b Abs.1 KStG, abzgl. der nach § 3c EStG"
k,k_t66705,1088,"Gewinne/Gewinnminderungen nach § 8b Abs.2,3 KStG"
k,k_t66707,1088,ausl. Einkünfte / Steuern - Zeile 24 Anlage AE (HEV)
k,k_t66711,1088,Zwischensumme nach Berücksichtigung § 8b KStG 1999
k,k_t66734,1088,Erhöhung zu Gesamtabgang
k,k_t66745,1088,"KSt-Erhöhung (Verschmelzung, Auf-, Abspaltung) - Zeile 36 KSt 1 F 38"
k,k_t66833,1088,KSt-Erhöhung aufgrund Ausschüttung - Zeile 9 KSt 1 F 38
k,k_t66844,1088,nicht abziehbare Ausgaben zu Kz 13.82 (§ 8b Abs.5 KStG)
k,k_t66878,1088,nicht abziehbare Ausgaben zu § 8b Abs. 2 KStG
k,k_t66887,1088,verbleibendes EK02 - Endbestand - Zeile 14 KSt 1 F 38
k,k_t66925,1088,Zwischensumme Hauptspalte (nach Abzug 1 Mio)
k,k_t66976,1088,Gesamtverbrauch EBITDA-Vorträge durch Zinssaldo
e,e_ef4,349,Satzart-Kennung
e,e_ef9,349,Steuernummer
e,e_ef10,349,Steuernummer - alt
e,e_ef11,349,Gewerbekennzahl - WZ 2008 mit Zusatzschlüssel Kz 65.100
e,e_ef13,349,Amtlicher Gemeindeschlüssel (AGS)
e,e_ef14,349,Rechtsform
e,e_ef15,349,Betriebsgrößenklasse Klassifikation
e,e_ef16,349,Art der Ertragsteuerpflicht
e,e_ef17,349,Steuernummer
e,e_ef18,349,Abweichendes WJ Kz 65.112
e,e_ef19,349,Zuordnung zu Person und Einkunftsart Kz 15.105
e,e_ef21,349,Identifikationsnummer -A- LEER wenn nicht vorhanden
e,e_ef22,349,Identifikationsnummer -B- LEER wenn nicht vorhanden
e,e_ef23,349,Betriebsart (Kz 65110)
e,e_ef24,349,Abweichende Betriebsart laut Richtsatztabelle (Kz 65111)
e,e_ef25,349,"Steuernummer des Beteiligten nur bei EF4 = ""B"", Kz 68.032"
e,e_c13020,349,1 = keine Doppelerfassung von Betriebsausgaben
e,e_c13113,349,1 = Weinbau: unwiderruflich tatsächliche Betriebsausgaben
e,e_c13120,349,Richtbetrag in € je Hektar
e,e_c13121,349,Fläche in Hektar
e,e_c13122,349,Liter (Most)
e,e_c13123,349,Liter (Fasswein)
e,e_c13124,349,Liter (Flaschen 1 L)
e,e_c13125,349,"Liter (Flaschen 0,75 L)"
e,e_c13126,349,Summe der Richtbeträge (in Cent)
e,e_c13313,349,1 = Forstwirtschaft: Antrag pauschale Abgeltung der Betri ebsausgaben
e,e_c13320,349,Einnahmen Holz auf dem Stamm (in Cent)
e,e_c13321,349,Einnahmen eingeschlagenes Holz (in Cent)
e,e_c13322,349,Summe der pauschalen Betriebsausgaben (in Cent)
e,e_c15103,349,Einkunftsart
e,e_c15104,349,Betriebsinhaber
e,e_c15111,349,Betrieb veräußert oder übertragen
e,e_c15120,349,Grundstücke/grundstücksgleiche Rechte wurden veräußert oder aufgegeben
e,e_c15131,349,Beginn des abweichenden Wirtschaftsjahres (nur bei LuF zulässig)
e,e_c15132,349,Ende des abweichenden Wirtschaftsjahres (nur bei LuF zulässig)
e,e_c20102,349,Einnahmen aus der Veräußerung oder Entnahme von Anlagevermögen (in Cent)
e,e_c20103,349,"Umsatzsteuerfreie, nicht umsatzsteuerbare Betriebseinnahmen sowie Betriebseinnahmen, für die der Leistungsempfänger die Umsatzsteuer nach § 13b UStG schuldet (in Cent)"
e,e_c20104,349,"Betriebseinnahmen als Land- und Forstwirt, soweit die Durchschnittssatzbesteuerung nach § 24 UStG angewandt wird (in Cent)"
e,e_c20106,349,(Als Betriebseinnahmen zu berücksichtigende) private Kfz-Nutzung (in Cent)
e,e_c20108,349,"Sonstige (als Betriebseinnahmen zu berücksichtigende) Sach-, Nutzungs- und Leistungsentnahmen (in Cent)"
e,e_c20111,349,Betriebseinnahmen als umsatzsteuerlicher Kleinunternehmer (nach § 19 Abs. 1 UStG) (in Cent)
e,e_c20112,349,Umsatzsteuerpflichtige Betriebseinnahmen (in Cent)
e,e_c20119,349,In Kz 20.111 enthaltene nicht steuerbare Umsätze sowie Umsätze nach § 19 Abs. 3 Satz 1 Nr. 1 und 2 UStG (in Cent)
e,e_c20140,349,Vereinnahmte Umsatzsteuer sowie Umsatzsteuer auf unentgeltliche Wertabgaben (in Cent)
e,e_c20141,349,Vom Finanzamt erstattete und ggf. verrechnete Umsatzsteuer (in Cent)
e,e_c20159,349,Summe der Betriebseinnahmen (in Cent)
e,e_c25100,349,"Waren, Rohstoffe und Hilfsstoffe einschl. der Nebenkosten (in Cent)"
e,e_c25110,349,Bezogene Fremdleistungen (in Cent)
e,e_c25120,349,"Ausgaben für eigenes Personal (z. B. Gehälter, Löhne und Versicherungsbeiträge) (in Cent)"
e,e_c25123,349,Gewinnzuschlag nach § 6b Abs. 7 und 10 EStG (in Cent)
e,e_c25130,349,"AfA auf bewegliche Wirtschaftsgüter (z. B. Maschinen, Kfz) (in Cent)"
e,e_c25131,349,"AfA auf immaterielle Wirtschaftsgüter (z. B. erworbene Firmen-, Geschäfts- oder Praxiswerte (in Cent)"
e,e_c25132,349,Aufwendungen für geringwertige Wirtschaftsgüter nach § 6 Abs. 2 EStG (in Cent)
e,e_c25134,349,Sonderabschreibungen nach § 7g EStG (in Cent)
e,e_c25135,349,Restbuchwert der ausgeschiedenen Anlagegüter (in Cent)
e,e_c25136,349,AfA auf unbewegliche Wirtschaftsgüter (ohne AfA für das häusliche Arbeitszimmer) (in Cent)
e,e_c25137,349,Auflösung Sammelposten nach § 6 Abs. 2a EStG (in Cent)
e,e_c25138,349,Herabsetzungsbeträge nach § 7g Abs. 2 EStG (in Cent)
e,e_c25139,349,Nicht abziehbare Beträge für AfA und Restbuchwerte (in Cent)
e,e_c25142,349,Kraftfahrzeugkosten für Wege zwischen Wohnung und Betriebsstätte; Familienheimfahrten (pauschaliert oder tatsächlich) (in Cent)
e,e_c25144,349,Leasingkosten (in Cent)
e,e_c25145,349,"Steuern, Versicherungen und Maut (in Cent)"
e,e_c25146,349,"Sonstige tatsächliche Fahrtkosten ohne AfA und Zinsen (z. B. Reparaturen, Wartungen, Treibstoff, Kosten für Flugstrecken, Kosten für öffentliche Verkehrsmittel) (in Cent)"
e,e_c25147,349,Fahrtkosten für nicht zum Betriebsvermögen gehörende Fahrzeuge (Nutzungseinlage) (in Cent)
e,e_c25150,349,Miete/Pacht für Geschäftsräume und betrieblich genutzte Grundstücke (in Cent)
e,e_c25151,349,Sonstige Aufwendungen für betrieblich genutzte Grundstücke (ohne Schuldzinsen und AfA) (in Cent)
e,e_c25152,349,Miete/Aufwendungen für doppelte Haushaltsführung (in Cent)
e,e_c25162,349,Aufwendungen für ein häusliches Arbeitszimmer (einschl. AfA und Schuldzinsen) (nicht abziehbarer Teil) (in Cent)
e,e_c25164,349,Geschenke (nicht abziehbarer Teil) (in Cent)
e,e_c25165,349,Bewirtungsaufwendungen (nicht abziehbarer Teil) (in Cent)
e,e_c25168,349,Sonstige beschränkt abziehbare Betriebsausgaben (nicht abziehbarer Teil) (in Cent)
e,e_c25171,349,Verpflegungsmehraufwendungen (in Cent)
e,e_c25172,349,Aufwendungen für ein häusliches Arbeitszimmer (einschl. AfA und Schuldzinsen) (abziehbarer Teil) (in Cent)
e,e_c25174,349,Geschenke (abziehbarer Teil) (in Cent)
e,e_c25175,349,Bewirtungsaufwendungen (abziehbarer Teil) (in Cent)
e,e_c25176,349,Mindestens abziehbare Kraftfahrzeugkosten für Wege zwischen Wohnung und Betriebsstätte (Entfernungspauschale); Familienheimfahrten (in Cent)
e,e_c25177,349,Sonstige beschränkt abziehbare Betriebsausgaben (abziehbarer Teil) (in Cent)
e,e_c25180,349,Hinzurechnung der Investitionsabzugsbeträge nach § 7g Abs. 2 EStG aus EF3 -3 (in Cent)
e,e_c25181,349,Hinzurechnung der Investitionsabzugsbeträge nach § 7g Abs. 2 EStG aus EF3 -2 (in Cent)
e,e_c25182,349,Hinzurechnung der Investitionsabzugsbeträge nach § 7g Abs. 2 EStG aus EF3 -1 (in Cent)
e,e_c25183,349,Übrige unbeschränkt abziehbare Betriebsausgaben (in Cent)
e,e_c25185,349,Gezahlte Vorsteuerbeträge (in Cent)
e,e_c25186,349,An das Finanzamt gezahlte und ggf. verrechnete Umsatzsteuer (in Cent)
e,e_c25187,349,Investitionsabzugsbeträge nach § 7g Abs. 1 EStG (in Cent)
e,e_c25188,349,Hinzurechnung der Investitionsabzugsbeträge nach § 7g Abs. 2 EStG (in Cent)
e,e_c25190,349,"Betriebsausgabenpauschale für bestimmte Berufsgruppen und /oder Freibetrag nach § 3 Nr. 26, 26a und/oder 26b EStG (in Cent)"
e,e_c25191,349,Sachliche Bebauungskostenpauschale für Weinbaubetriebe/Betriebsausgabenpauschale für Forstwirte (in Cent)
e,e_c25194,349,"Rechts- und Steuerberatung, Buchführung (in Cent)"
e,e_c25195,349,Betriebsausgabenpauschale für bestimmte Berufsgruppen (in Cent)
e,e_c25199,349,Summe der Betriebsausgaben (in Cent)
e,e_c25217,349,Gewerbesteuer nicht abziehbarer Teil (in Cent)
e,e_c25218,349,Gewerbesteuer abziehbarer Teil (in Cent)
e,e_c25219,349,Steuerpflichtiger Gewinn/Verlust (in Cent)
e,e_c25221,349,Übernachtungs- und Reisenebenkosten bei Geschäftsreisen des Steuerpflichtigen (in Cent)
e,e_c25222,349,Miete/Leasing für bewegliche Wirtschaftsgüter (ohne Kraftfahrzeuge) (in Cent)
e,e_c25223,349,"Beiträge, Gebühren, Abgaben und Versicherungen (ohne solche für Gebäude und Kraftfahrzeuge) (in Cent)"
e,e_c25224,349,"Werbungskosten (z. B. Inserate, Werbespots, Plakate) (in Cent)"
e,e_c25225,349,Erhaltungsaufwendungen (in Cent)
e,e_c25226,349,Kosten für Abfallbeseitigung und Entsorgung (in Cent)
e,e_c25227,349,Kosten für Verpackung und Transport (in Cent)
e,e_c25228,349,laufende EDV-Kosten (in Cent)
e,e_c25229,349,Arbeitsmittel (in Cent)
e,e_c25232,349,Schuldzinsen zur Finanzierung von Anschaffungs- und Herstellungskosten von Wirtschaftsgütern des Anlagevermögens (ohne häusliches Arbeitszimmer) (in Cent)
e,e_c25234,349,Übrige Schuldzinsen (in Cent)
e,e_c25240,349,"steuerfreie Einnahmen nach § 3 Nr. 26, 26a, 26b EStG (in Cent)"
e,e_c25241,349,"steuerfreie Einnahmen § 3 ohne § 3 Nr. 26, 26a, 26b EStG (in Cent)"
e,e_c25242,349,steuerfreie Einnahmen nach § 3a EStG (in Cent)
e,e_c25243,349,"nicht abziehbare Betriebsausgaben nach § 3 Nr. 26, 26a, 2 6b EStG (in Cent)"
e,e_c25244,349,nicht abziehbare Betriebsausgaben nach § 3c Abs. 1 EStG ( in Cent)
e,e_c25245,349,nicht abziehbare Betriebsausgaben nach § 3c Abs. 4 EStG (in Cent)
e,e_c25250,349,Hinzurechnungen und Abrechnungen bei Wechsel der Gewinnermittlungsart (in Cent)
e,e_c25255,349,Ergebnisanteile aus Beteiligungen an Personengesellschaften (in Cent)
e,e_c25261,349,"Gesamtbetrag der bereits berücksichtigten Beträge, für die das InvStG und das Teileinkünfteverfahren bzw. § 8b KStG gilt (in Cent)"
e,e_c25262,349,"Korrekturbetrag aufgrund der berücksichtigten Beträge, für die das InvStG und das Teileinkünfteverfahren bzw. § 8b KStG gilt (in Cent)"
e,e_c25263,349,"Gesamtbetrag der bereits berücksichtigten Beträge, für die Teilfreistellungen nach InvStG gelten (in Cent)"
e,e_c25264,349,"Korrekturbetrag aufgrund der berücksichtigten Beträge, für die Teilfreistellungen nach InvStG gelten"
e,e_c25271,349,Hinzurechnungsbetrag nach § 4 Abs. 4a EStG (in Cent)
e,e_c25280,349,"Aufwendungen für Telekommunikation (z. B. Telefon, Internet) (in Cent)"
e,e_c25281,349,Fortbildungskosten (ohne Reisekosten) (in Cent)
e,e_c25290,349,Korrigierter Gewinn/Verlust (in Cent)
e,e_c25293,349,Steuerpflichtiger Gewinn/Verlust vor Anwendung des § 4 Abs. 4a EStG (in Cent)
e,e_c25671,349,"Hinzurechnungsbetrag nach § 4 Abs.4a neues Recht (SB 43 unbeachtlich, der hier eingegebene Wert geht der Kz 25.271 vor) (in Cent)"
e,e_c27120,349,"Auflösung von Rücklagen nach § 6c i. V. m. § 6b EStG, R 6.6 EStR (in Cent)"
e,e_c27124,349,Gesamtsumme Auflösung (in Cent)
e,e_c27125,349,Auflösung von Ausgleichsposten nach § 4g EStG (in Cent)
e,e_c27170,349,"Übertragung von stillen Reserven nach § 6c i. V. m. § 6b EStG, R 6.6 EStR (in Cent)"
e,e_c27180,349,"Rückgängigmachung von Investitionsabzugsbeträgen, die in 2011 abgezogen wurden ohne Auswirkung auf das aktuelle Rechenwerk, müssen sich im entsprechendem Jahr auswirken (in Cent)"
e,e_c27181,349,"Rückgängigmachung von Investitionsabzugsbeträgen, die in 2012 abgezogen wurden ohne Auswirkung auf das aktuelle Rechenwerk, müssen sich im entsprechendem Jahr auswirken (in Cent)"
e,e_c27182,349,"Rückgängigmachung von Investitionsabzugsbeträgen, die in 2013 abgezogen wurden ohne Auswirkung auf das aktuelle Rechenwerk, müssen sich im entsprechendem Jahr auswirken (in Cent)"
e,e_c27187,349,"Bildung/Übertragung von Rücklagen nach § 6c i. V. m. § 6b EStG, R 6.6 EStR (in Cent)"
e,e_c27190,349,Gesamtsumme Bildung/Übertragung (in Cent)
e,e_c27191,349,Bildung/Übertragung von Ausgleichsposten nach § 4g EStG (in Cent)
e,e_c27671,349,"Bearbeiterkennzahl, nicht im Vordruck enthalten Bestand Ausgleichsposten nach § 4g EStG zu Beginn des Wirtschaftsjahres (in Cent)"
e,e_c27687,349,"Bearbeiterkennzahl, nicht im Vordruck enthalten Bestand Rücklagen nach §6b bzw. §6c EStG zu Beginn des Wirtschaftsjahres (in Cent)"
e,e_c29122,349,"Entnahmen einschl. Sach-, Leistungs- und Nutzungsentnahmen Nur für Einzelunternehmen zulässig, wichtig für Schuldzinsenberechnung (in Cent)"
e,e_c29123,349,"Einlagen einschl. Sach-, Leistungs- und Nutzungseinlagen Nur für Einzelunternehmen zulässig, wichtig für Schuldzinsenberechnung (in Cent)"
e,e_c30111,349,1 = Betrieb ist als Liebhaberei eingestuft
e,e_c30113,349,1 = Weinbau: unwiderruflich tatsächlicher Betriebsausgabe nabzug beantragt
e,e_c30120,349,1 = Wert nicht in die ESt übernehmen
e,e_c40100,349,Anschaffungs-/Herstellungskosten oder Einlagewert für Grund und Boden (in Cent)
e,e_c40101,349,Buchwert zu Beginn des Gewinnermittlungszeitraums für Grund und Boden (in Cent)
e,e_c40102,349,Zugänge Grund und Boden (in Cent)
e,e_c40105,349,Abgänge Grund und Boden (in Cent)
e,e_c40106,349,Buchwert zum Ende des Gewinnermittlungszeitraums für Grund und Boden (in Cent)
e,e_c40110,349,Anschaffungs-/Herstellungskosten oder Einlagewert für Gebäude (in Cent)
e,e_c40111,349,Buchwert zu Beginn des Gewinnermittlungszeitraums für Gebäude (in Cent)
e,e_c40112,349,Zugänge Gebäude (in Cent)
e,e_c40113,349,Sonder-AfA § 7b EStG (in Cent)
e,e_c40114,349,AfA Gebäude (in Cent)
e,e_c40115,349,Abgänge Gebäude (in Cent)
e,e_c40116,349,Buchwert zum Ende des Gewinnermittlungszeitraums für Gebäude (in Cent)
e,e_c40120,349,Anschaffungs-/Herstellungskosten oder Einlagewert von grundstücksgleichen Rechten usw. (in Cent)
e,e_c40121,349,Buchwert zu Beginn des Gewinnermittlungszeitraums für grundstücksgleiche Rechte usw. (in Cent)
e,e_c40122,349,Zugänge grundstücksgleiche Rechte usw. (in Cent)
e,e_c40124,349,AfA grundstücksgleiche Rechte usw. (in Cent)
e,e_c40125,349,Abgänge grundstücksgleiche Rechte usw. (in Cent)
e,e_c40126,349,Buchwert zum Ende des Gewinnermittlungszeitraums für grundstücksgleiche Rechte usw. (in Cent)
e,e_c40190,349,Summe AfA Gebäude/grundstücksgleiche Rechte usw. (in Cent)
e,e_c40200,349,Anschaffungs-/Herstellungskosten oder Einlagewert häusliches Arbeitszimmer - Anteil Grund und Boden (in Cent)
e,e_c40201,349,Buchwert zu Beginn des Gewinnermittlungszeitraums für das häusliche Arbeitszimmer - Anteil Grund und Boden (in Cent)
e,e_c40202,349,Zugänge häusliches Arbeitszimmer - Anteil Grund und Boden (in Cent)
e,e_c40205,349,Abgänge häusliches Arbeitszimmer - Anteil Grund und Boden (in Cent)
e,e_c40206,349,Buchwert zum Ende des Gewinnermittlungszeitraums für das häusliche Arbeitszimmer - Anteil Grund und Boden (in Cent)
e,e_c40210,349,Anschaffungs-/Herstellungskosten oder Einlagewert häusliches Arbeitszimmer - Gebäudeteil (in Cent)
e,e_c40211,349,Buchwert zu Beginn des Gewinnermittlungszeitraums für das häusliche Arbeitszimmer - Gebäudeteil (in Cent)
e,e_c40212,349,Zugänge häusliches Arbeitszimmer - Gebäudeteil (in Cent)
e,e_c40214,349,AfA häusliches Arbeitszimmer - Gebäudeteil (in Cent)
e,e_c40215,349,Abgänge häusliches Arbeitszimmer - Gebäudeteil (in Cent)
e,e_c40216,349,Buchwert zum Ende des Gewinnermittlungszeitraums für das häusliche Arbeitszimmer - Gebäudeteil (in Cent)
e,e_c40320,349,Anschaffungs-/Herstellungskosten oder Einlagewert immaterieller Wirtschaftsgüter (in Cent)
e,e_c40321,349,Buchwert zu Beginn des Gewinnermittlungszeitraums für immaterielle Wirtschaftsgüter (in Cent)
e,e_c40322,349,Zugänge immaterieller Wirtschaftsgüter (in Cent)
e,e_c40324,349,AfA immaterielle Wirtschaftsgüter (in Cent)
e,e_c40325,349,Abgänge immaterieller Wirtschaftsgüter (in Cent)
e,e_c40326,349,Buchwert zum Ende des Gewinnermittlungszeitraums für immaterielle Wirtschaftsgüter (in Cent)
e,e_c40400,349,Anschaffungs-/Herstellungskosten oder Einlagewert Kraftfahrzeuge (in Cent)
e,e_c40401,349,Buchwert zu Beginn des Gewinnermittlungszeitraums für Kraftfahrzeuge (in Cent)
e,e_c40402,349,Zugänge Kraftfahrzeuge (in Cent)
e,e_c40403,349,Sonder-AfA nach § 7g EStG Kraftfahrzeuge (in Cent)
e,e_c40404,349,AfA Kraftfahrzeuge (in Cent)
e,e_c40405,349,Abgänge Kraftfahrzeuge (in Cent)
e,e_c40406,349,Buchwert zum Ende des Gewinnermittlungszeitraums für Kraftfahrzeuge (in Cent)
e,e_c40410,349,Anschaffungs-/Herstellungskosten oder Einlagewert Büroausstattung (in Cent)
e,e_c40411,349,Buchwert zu Beginn des Gewinnermittlungszeitraums für Büroausstattung (in Cent)
e,e_c40412,349,Zugänge Büroausstattung (in Cent)
e,e_c40413,349,Sonder-AfA nach § 7g EStG Büroausstattung (in Cent)
e,e_c40414,349,AfA Büroausstattung (in Cent)
e,e_c40415,349,Abgänge Büroausstattung (in Cent)
e,e_c40416,349,Buchwert zum Ende des Gewinnermittlungszeitraums für Büroausstattung (in Cent)
e,e_c40420,349,Anschaffungs-/Herstellungskosten oder Einlagewert andere bewegliche Wirtschaftsgüter (in Cent)
e,e_c40421,349,Buchwert zu Beginn des Gewinnermittlungszeitraums für andere ewegliche Wirtschaftsgüter (in Cent)
e,e_c40422,349,Zugänge andere bewegliche Wirtschaftsgüter (in Cent)
e,e_c40423,349,Sonder-AfA nach § 7g EStG andere bewegliche Wirtschaftsgüter (in Cent)
e,e_c40424,349,AfA andere bewegliche Wirtschaftsgüter (in Cent)
e,e_c40425,349,Abgänge andere bewegliche Wirtschaftsgüter (in Cent)
e,e_c40426,349,Buchwert zum Ende des Gewinnermittlungszeitraums für andere bewegliche Wirtschaftsgüter (in Cent)
e,e_c40432,349,Zugänge Sammelposten EF3 (in Cent)
e,e_c40434,349,Auflösungsbetrag Sammelposten EF3 (in Cent)
e,e_c40436,349,Buchwert zum Ende des Gewinnermittlungszeitraums für den Sammelposten EF3 (in Cent)
e,e_c40440,349,Anschaffungs-/Herstellungskosten oder Einlagewert Sammelposten EF3 (in Cent)
e,e_c40441,349,Buchwert zu Beginn des Gewinnermittlungszeitraums für den Sammelposten EF3 -1 (in Cent)
e,e_c40444,349,Auflösungsbetrag Sammelposten EF3 -1 (in Cent)
e,e_c40446,349,Buchwert zum Ende des Gewinnermittlungszeitraums für den Sammelposten EF3 -1 (in Cent)
e,e_c40450,349,Anschaffungs-/Herstellungskosten oder Einlagewert Sammelposten EF3 -2 (in Cent)
e,e_c40451,349,Buchwert zu Beginn des Gewinnermittlungszeitraums für den Sammelposten EF3 -2 (in Cent)
e,e_c40454,349,Auflösungsbetrag Sammelposten EF3 -2 (in Cent)
e,e_c40456,349,Buchwert zum Ende des Gewinnermittlungszeitraums für den Sammelposten EF3 -2 (in Cent)
e,e_c40460,349,Anschaffungs-/Herstellungskosten oder Einlagewert Sammelposten EF3 -3 (in Cent)
e,e_c40461,349,Buchwert zu Beginn des Gewinnermittlungszeitraums für den Sammelposten EF3 -3 (in Cent)
e,e_c40464,349,Auflösungsbetrag Sammelposten EF3 -3 (in Cent)
e,e_c40466,349,Buchwert zum Ende des Gewinnermittlungszeitraums für den Sammelposten EF3 -3 (in Cent)
e,e_c40470,349,Anschaffungs-/Herstellungskosten oder Einlagewert Sammelposten EF3 -4 (in Cent)
e,e_c40471,349,Buchwert zu Beginn des Gewinnermittlungszeitraums für den Sammelposten EF3 -4 (in Cent)
e,e_c40474,349,Auflösungsbetrag Sammelposten EF3 -4 (in Cent)
e,e_c40480,349,Summe Sonder-AfA nach § 7g EStG (in Cent)
e,e_c40490,349,Summe AfA (in Cent)
e,e_c40499,349,Summe Auflösungsbeträge Sammelposten (in Cent)
e,e_c40500,349,Anschaffungs-/Herstellungskosten oder Einlagewert von Anteilen an Unternehmen etc. (in Cent)
e,e_c40501,349,Buchwert zu Beginn des Gewinnermittlungszeitraums für Anteile an Unternehmen (in Cent)
e,e_c40502,349,Zugänge von Anteilen an Unternehmen (in Cent)
e,e_c40505,349,Abgänge von Anteilen an Unternehmen (in Cent)
e,e_c40506,349,Buchwert zum Ende des Gewinnermittlungszeitraums für Anteile an Unternehmen (in Cent)
e,e_c40510,349,Anschaffungs-/Herstellungskosten oder Einlagewert anderer Finanzanlagen (in Cent)
e,e_c40511,349,Buchwert zu Beginn des Gewinnermittlungszeitraums für andere Finanzanlagen (in Cent)
e,e_c40512,349,Zugänge anderer Finanzanlagen (in Cent)
e,e_c40515,349,Abgänge anderer Finanzanlagen (in Cent)
e,e_c40516,349,Buchwert zum Ende des Gewinnermittlungszeitraums für andere Finanzanlagen (in Cent)
e,e_c40600,349,Anschaffungs-/Herstellungskosten oder Einlagewert Umlaufvermögen (in Cent)
e,e_c40602,349,Zugänge Umlaufvermögen (in Cent)
e,e_c40605,349,Abgänge Umlaufvermögen (in Cent)
e,e_c40606,349,Buchwert zum Ende des Gewinnermittlungszeitraums für Umlaufvermögen (in Cent)
e,e_c41100,349,Entnahmen (in Cent)
e,e_c41130,349,Über-/Unterentnahme des lfd. Wirtschaftsjahres (in Cent)
e,e_c41150,349,Niedrigerer Betrag aus Kz 41.370 / 41.430 (in Cent)
e,e_c41160,349,Gewinn/Verlust (in Cent)
e,e_c41161,349,steuerfreie Gewinne (in Cent)
e,e_c41162,349,Gewinnanteil/Verlustanteile aus Mitunternehmerschaften (in Cent)
e,e_c41163,349,Veräußerungs-/Aufgabegewinn bzw. Veräußerungs-/Aufgabeverlust (in Cent)
e,e_c41165,349,Maßgeblicher Gewinn für Zwecke des § 4 Abs. 4a EStG (in Cent)
e,e_c41200,349,Gewinn (in Cent)
e,e_c41210,349,Einlagen (in Cent)
e,e_c41300,349,Überentnahme des laufenden Wirtschaftsjahres (in Cent)
e,e_c41310,349,Überentnahmen der vorangegangenen Wirtschaftsjahre (in Cent)
e,e_c41321,349,Unterentnahmen des laufenden Wirtschaftsjahres (in Cent)
e,e_c41322,349,Unterentnahmen der vorangegangenen Wirtschaftsjahre (in Cent)
e,e_c41331,349,Verlust des laufenden Wirtschaftsjahres (in Cent)
e,e_c41332,349,Verlust der vorangegangenen Wirtschaftsjahre (in Cent)
e,e_c41340,349,Verbleibender Betrag (in Cent)
e,e_c41350,349,Verbleibender Betrag (wenn Kz 41.340 >= 0) (in Cent)
e,e_c41360,349,Kumulierte Über-/Unterentnahme (in Cent)
e,e_c41370,349,6 Prozent der kumulierten Über-/Unterentnahme (in Cent)
e,e_c41400,349,Tatsächlich angefallene Schuldzinsen des laufenden Wirtschaftsjahres (in Cent)
e,e_c41405,349,Korrektur zu den übrigen Schuldzinsen (in Cent)
e,e_c41410,349,Schuldzinsen i. S. d. § 4 Abs. 4a Satz 5 EStG (in Cent)
e,e_c41430,349,Höchstbetrag der nicht abziehbaren Schuldzinsen (mindestens Null) (in Cent)
e,e_c41610,349,korrigierte Überentnahmen der vorangegangenen Wirtschaftsjahre (in Cent)
e,e_c41622,349,korrigierte Unterentnahmen der vorangegangenen Wirtschaftsjahre (in Cent)
e,e_c41632,349,korrigierter Verlust der vorangegangenen Wirtschaftsjahre (in Cent)
e,e_c43100,349,Entnahmen (in Cent)
e,e_c43161,349,steuerfreie Gewinne (in Cent)
e,e_c43162,349,Gewinnanteil/Verlustanteile aus Mitunternehmerschaften (in Cent)
e,e_c43163,349,Veräußerungs-/Aufgabegewinn bzw. Veräußerungs-/Aufgabeverlust (in Cent)
e,e_c43210,349,Einlagen (in Cent)
e,e_c43315,349,Über-/Unterentnahmen der vorangegangenen Wirtschaftsjahre (in Cent)
e,e_c43325,349,Einlagen der vorangegangenen Wirtschaftjahre (in Cent)
e,e_c43335,349,Verlust der vorangegangenen Wirtschaftsjahre (in Cent)
e,e_c43405,349,Korrekturbetrag zu den übrigen Schuldzinsen (in Cent)
e,e_c43615,349,Bearbeitereingabe: korrigierte Über-/Unterentnahme der vorangegangenen Wirtschaftsjahre (in Cent)
e,e_c43625,349,Bearbeitereingabe: korrigierte Entnahmen der vorangegangenen Wirtschaftsjahre (in Cent)
e,e_c43635,349,Bearbeitereingabe: korrigierte Einlagen der vorangegangenen Wirtschaftsjahre (in Cent)
e,e_c65113,349,Beginn des Wirtschaftsjahres JJJJMMTT
e,e_c65114,349,Ende des Wirtschaftsjahres JJJJMMTT
e,e_c65119,349,"1 = LuF-Fall, der ein verlängertes WJ hat aufgrund der Um stellung vom abweichenden WJ auf das KJ (§8c Abs. 2 Satz 2 EStDV)"
e,e_c65120,349,Rohgewinnsatz I
e,e_c65121,349,Rohgewinnsatz II
e,e_c65130,349,Halbreingewinnsatz
e,e_c65140,349,Reingewinnsatz
e,e_c65300,349,Maßgeblicher Gewinn für § 4 Abs. 4a EStG (in Cent)
e,e_c65301,349,Maßgeblicher Verlust für § 4 Abs. 4a EStG (in Cent)
e,e_c65302,349,Überentnahme des laufenden Wirtschaftsjahres (in Cent)
e,e_c65303,349,Unterentnahme des laufenden Wirtschaftsjahres (in Cent)
e,e_c65304,349,Verbleibender positiver Betrag (in Cent)
e,e_c65305,349,Verbleibender negativer Betrag (in Cent)
e,e_c65306,349,Kumulierte Über-/Unterentnahme (in Cent)
e,e_c65307,349,"6 % von Kz 65.306, mindestens 0 (in Cent)"
e,e_c65308,349,"Höchstbetrag der nicht abziehbaren Schuldzinsen, mindestens 0 (in Cent)"
e,e_c65309,349,Nicht abziehbare Schuldzinsen (niedrigerer Betrag Kz. 65.307 oder 65.308) (in Cent)
e,e_c65350,349,Maßgeblicher Gewinn für § 4 ABs. 4a EStG (in Cent)
e,e_c65351,349,Über-/Unterentnahme des laufenden Wirtschaftsjahres (in Cent)
e,e_c65352,349,kumulierte Über-/Unterentnahmen (in Cent)
e,e_c65353,349,kumulierte Entnahmen (in Cent)
e,e_c65354,349,kumulierte Einlagen (in Cent)
e,e_c65355,349,kumulierter Entnahmenüberschuss (in Cent)
e,e_c65356,349,"6 % von niedrigeren Betrag aus Kz 65.352 oder Kz 65.355, mindestens 0 (in Cent)"
e,e_c65357,349,"Höchstbetrag der Nichtabziehbaren Schuldzinsen, mindestens 0 (in Cent)"
e,e_c65358,349,nicht abziehbare Schuldzinsen (niedrigerer Betrag Kz 65.356 oder Kz 65.357) (in Cent)
e,e_c65420,349,"Merker: 1 = Anlage(n) ""SE"" (und ggf. ""AVSE"") und/oder ""ER"" verarbeitet"
e,e_c65421,349,"Merker: 1 = Anlage(n) ""SE"" verarbeitet"
e,e_c65422,349,"Merker: 1 = Anlage(n) ""ER"" verarbeitet"
e,e_c65423,349,"Merker: 1 = Anlage(n) ""AVSE"" verarbeitet"
e,e_c65432,349,Zugänge beim Sammelposten im VZ (in Cent)
e,e_c65470,349,Summe aller Kz 51.202 (in Cent)
e,e_c65480,349,Summe aller Kz 52.134 (in Cent)
e,e_c65481,349,Summe aller Kz 52.232 (in Cent)
e,e_c65490,349,Summe aller Kz 68.490 (in Cent)
e,e_c65501,349,Rechnerische Summe der Betriebseinnahmen (in Cent)
e,e_c65502,349,Rechnerische Summe der Betriebsausgaben (in Cent)
e,e_c65503,349,Rechnerischer Gewinn/Verlust (in Cent)
e,e_c65531,349,Gewinn aus LuF erster Zeitraum Stpfl/Ehemann (in Cent)
e,e_c65532,349,Gewinn aus LuF zweiter Zeitraum Stpfl/Ehemann (in Cent)
e,e_c65541,349,Gewinn aus LuF erster Zeitraum Ehefrau (in Cent)
e,e_c65542,349,Gewinn aus LuF zweiter Zeitraum Ehefrau (in Cent)
e,e_c65580,349,rechnerischer Gesamtgewinn der Mitunternehmerschaft nach Anwendung des InvStG und des Teileinkünfteverfahrens bzw. § 8b KStG (in Cent)
e,e_c65581,349,rechnerischer Gesamtgewinn der Mitunternehmerschaft vor Anwendung des InvStG und des Teileinkünfteverfahrens bzw. § 8b KStG (in Cent)
e,e_c65590,349,Maschinell errechneter korrigierter Gewinn/Verlust (in Cent)
e,e_c65593,349,Maschinell errechneter Gewinn/Verlust vor Anwendung des §4 Abs.4a (in Cent)
e,e_c65594,349,rechnerischer Gewinn/Verlust ohne Breücksichtigung des InvStG und des Teileinkünfteverfahrens bzw. § 8b KStG (in Cent)
e,e_c65603,349,rechnerische Summe Sondergewinne nach Anwendung des InvStG und des Teileinkünfteverfahrens bzw. § 8b KStG (in Cent)
e,e_c65610,349,Rechnerische Summe der gebildeten Investitionsabzugsbeträge aller Anlagen SE (in Cent)
e,e_c65611,349,"Rechnerische Summe der hinzugerechneten Investitionsabzugsbeträge aller Anlagen ""SE"" (in Cent)"
e,e_c65612,349,"Rechnerische Summe der übrigen Schuldzinsen aller Anlage ""SE"" (in Cent)"
e,e_c65613,349,"Rechnerische Summe der Hinzurechnungen nach § 4 Abs. 4a EStG aller Anlagen ""SE"" (in Cent)"
e,e_c65614,349,Rechnerische Summe aller Kz 52.180 (in Cent)
e,e_c65615,349,rechnerische Summe aller Kz 52.181 (in Cent)
e,e_c65616,349,Rechnerische Summe aller Kz 52.182 (in Cent)
e,e_c65621,349,SB 13: Bebauungskostenrichtbetrag (in Cent)
e,e_c65622,349,SB 13: Ausbau-/Vertriebskosten Most (in Cent)
e,e_c65623,349,SB 13: Ausbau-/Vertriebskosten Fasswein (in Cent)
e,e_c65624,349,SB 13: Ausbau-/Vertriebskosten Flaschen 1 L (in Cent)
e,e_c65625,349,"SB 13: Ausbau-/Vertriebskosten Flaschen 0,75 L (in Cent)"
e,e_c65626,349,SB 13: Summe Bebauungs-/Ausbaukostenrichtbeträge (in Cent )
e,e_c65630,349,SB 13: Betriebsausgabenpauschale Holz auf dem Stamm (in C ent)
e,e_c65631,349,SB 13: Betriebsausgabenpauschale eingeschlagenes Holz (in Cent)
e,e_c65632,349,SB 13: Summe pauschale Betriebsausgaben (in Cent)
e,e_c65671,349,Bestand Ausgleichsposten § 4g EStG zum Ende des Wirtschaftsjahres (in Cent)
e,e_c65687,349,Bestand Rücklagen §6b bzw. §6c EStG zum Ende des Wirtschaftsjahres (in Cent)
e,e_c65690,349,Rechnerische Summe der korrigierten Sondergewinne (in Cent)
e,e_c65693,349,Rechnerische Summe der Sondergewinne vor Anwendung des § 4 Abs 4a EStG (in Cent)
e,e_c65694,349,rechnerische Summe der Sondergewinne vor Anwendung des InvStG und des Teileinkünfteverfahrens bzw. § 8b KStG (in Cent)
e,e_c65761,349,rechnerische Summe der Ergänzungsgewinne vor Anwendung des InvStG und des Teileinkünfteverfahrens bzw. des § 8b KStG (in Cent)
e,e_c65762,349,rechnerische Summe der Ergänzungsgewinne nach Anwendung des InvStG und des Teileinkünfteverfahrens bzw. § 8b KStG (in Cent)
e,e_c65770,349,Beteiligung einer Körperschaft
e,e_c65771,349,Wert 1 = bei FEIN hat sich die Art der Aufteilung (FEIN-Kz 11.11) im Vergleich zum Vorjahr geändert
e,e_c65772,349,Summe gezeichnetes Kapital (aus FEIN-Kz 45.111 USB 0) (in Cent)
e,e_c65773,349,Summe eingezahltes Kapital (aus FEIN-Kz 45.112 USB 0) (in Cent)
e,e_c65774,349,"1 = Ergebnismerker AVEÜR abgeschlossen, das heißt, alle Endbestände (Kz 40.xx6) sind = Null"
e,e_c65811,349,Wert der Kz 15.111 bzw. der 65.811 Vorjahr (in Cent)
e,e_c65813,349,Wert Kz 15.113/Kz 30.113/Kz 65.813 Vorjahr (in Cent)
e,e_c65820,349,Ergebnis-Merker Ratenzahlung
p,p_ef7,1078,Steuernummer der Personengesellschaft
p,p_ef8,1078,Steuernummer der Personengesellschaft - alt
p,p_ef9,1078,Lieferart
p,p_ef12,1078,Anzahl der Beteiligten an der Feststellung
p,p_ef14,1078,Rechtsform
p,p_ef16,1078,Art der Festsetzung
p,p_ef17,1078,"Beginn abweichendes Wirtschaftsjahr TTMMJJJJ, nur wenn abweichendes Wirtschaftsjahr, nicht bei Einkünften aus Land- und Forstwirtschaft"
p,p_ef18,1078,"Ende abweichendes Wirtschaftsjahr TTMMJJJJ, nur wenn abweichendes Wirtschaftsjahr, nicht bei Einkünften aus Land- und Forstwirtschaft"
p,p_ef19,1078,Art der Aufteilung
p,p_ef28,1078,Organschaft durch Übernahme 0 = nein 1 = ja
p,p_ef30,1078,Bearbeitungsjahr
p,p_ef31,1078,Bundeseinheitliche Finanzamtsnummer
p,p_ef32,1078,AGS – Amtlicher Gemeindeschlüssel
p,p_ef33,1078,Einkünfte aus Land- und Forstwirtschaft
p,p_ef34,1078,Einkünfte aus Gewerbebetrieb
p,p_ef35,1078,Einkünfte der Organgesellschaft
p,p_ef36,1078,Einkünfte aus selbständiger Arbeit
p,p_ef37,1078,Einkünfte aus Kapitalvermögen
p,p_ef58,1078,Einkünfte aus Vermietung und Verpachtung
p,p_ef59,1078,Sonstige Einkünfte
p,p_ef60,1078,Einkünfte aus Gewerbebetrieb insgesamt
p,p_ef62,1078,Summe der Einkünfte
p,p_ef103,1078,Bearbeitungsdatum bei Korrekturen
p,p_ef105,1078,Merker: Anzahl verknüpfte Beteiligtensätze
p,p_ef106,1078,aktualisiert Gewerbekennzahl WZ 2008
p,p_c035010,1078,Kassenverm. Ende d. WJ (Pensionskasse)
p,p_c035011,1078,gez. Zuw. an rückged. U.-Kassen §4d EStG
p,p_c035012,1078,Kassenverm. Ende d. WJ (Unterst.-kassen)
p,p_c035013,1078,gezahl. Renten u. Beihilfen an U.-kassen
p,p_c035014,1078,begünstigte Gewinne gem. §6b EStG
p,p_c035015,1078,begünstigte Gewinne gem. §6c EStG
p,p_c035021,1078,AfA nach § 7h EStG
p,p_c035023,1078,AfA nach § 7i EStG
p,p_c035033,1078,AfA §§ 11a. 4 Abs. 8 EStG
p,p_c035034,1078,AfA §§ 11b. 4 Abs. 8 EStG
p,p_c035036,1078,gez. Zuw. an n. rückged. U.-Kasse §4d EStG
p,p_c035038,1078,Erhalt.-aufw. b. Wohngebäuden § 82 b EStDV
p,p_c035039,1078,abgesetzte Betriebsausg. i.S.§4 Abs 5 EStG
p,p_c035040,1078,Steuerverg. § 7g (1) EStG (UntStRefG 2008)
p,p_c035041,1078,Steuerverg. § 7g (5) EStG (UntStRefG 2008)
p,p_c035043,1078,AfA nach §82f EStDV
p,p_c035044,1078,lineare AfA §7 EStG f. Gebäude bei G+V-Ek
p,p_c035045,1078,degres. AfA §7 EStG f. Gebäude bei G+V-Ek
p,p_c035046,1078,lineare AfA §7 EStG f. bew.WG. bei G+V-Ek
p,p_c035047,1078,degres. AfA §7 EStG f. bew.WG. bei G+V-Ek
p,p_c035049,1078,Zuführg z. Rückst. f. Pensionsverpfl. §6a
p,p_c035054,1078,lineare AfA §7 EStG f. Gebäude bei V+V
p,p_c035055,1078,degres. AfA §7 EStG f. Gebäude bei V+V
p,p_c035057,1078,Rückstell. f. Pensionsverpfl. §6a EStG
p,p_c035058,1078,insges. gezahlte Pensionen § 6a EStG
p,p_c035059,1078,gezahlte Zuwend. an Pensionsk. § 4c EStG
p,p_c035065,1078,SonderAfA z. Förder. kl./mittl. Betriebe
p,p_c035080,1078,Gewerbekennziffer
p,p_c035088,1078,"Anlage St ist vorhanden, jedoch richtigerweise ohne Angaben (nichts auf Anlage St aufzunehmen"
p,p_c063100,1078,"Laufende Einkünfte aus der Gesamthandsbilanz, die nach Schlüssel zu verteilen sind"
p,p_c063102,1078,"Betriebseinnahmen / Gewinne aus der Gesamthandsbilanz, abweichend vom Schlüssel zu verteilen ab 2013: Gewinne aus der Gesamthandsbilanz abweichend vom Schlüssel zu verteilen"
p,p_c063108,1078,"Vergütungen für Tätigkeiten im Dienste der Gesellschaft auf gesellschaftsrechtlicher Grundlage, die ggf. der Ausgleichsbeschränkung des § 15a EStG unterliegen (ab FZ 1986: einschl. nachträglicher Eink"
p,p_c063113,1078,"Als Sonderbetriebseinnahmen zu erfassende Vergütungen auf schuldrechtlicher Grundlage, einschl. der Vergütungen, die bei bet. nat. Personen dem Halb-/ Teileinkünfteverfahren unterliegen, bzw. bei bet."
p,p_c063117,1078,Gewinne / Verluste aus Ergänzungsbilanzen
p,p_c063127,1078,Veräußerungs- bzw. Aufgabegewinn aus dem Sonderbetriebsvermögen
p,p_c063128,1078,Buchwertabgang aus der Ergänzungsbilanz
p,p_c063130,1078,"Veräußerungsgewinne bzw Aufgabegewinne i. S. d. §§ 14, 14a Abs. 1 bis 3 EStG"
p,p_c063131,1078,"1 = keine Anwendung des § 34 Abs. 1 EStG wegen Anwendung der §§ 6b, 6c EStG 2 = keine Anwendung des § 34 EStG wegen fehlender Zusammenballung"
p,p_c063134,1078,Zeitpunkt der Betriebsaufgabe / -veräußerung (USB 0) Zeitpunkt des Ausscheidens eines Mitunternehmers
p,p_c063135,1078,Zeitpunkt der Veräußerung / Aufgabe eines Teil- betriebs / Teiles Mitunternehmeranteils
p,p_c063136,1078,Zeitpunkt der Veräußerung / Aufgabe eines von der Gesellschaft gehaltenen Mitunternehmeranteils
p,p_c063140,1078,Tarifbegünstigte Einkünfte i.S.d. § 34 Abs. 2 Nr. 2 bis 4 EStG
p,p_c063144,1078,"nach §§ 6b, 6c EStG in ein anderes Betriebsvermögen zu übertragender Gewinn"
p,p_c063145,1078,nach § 6b Abs. 10 EStG zu übertragender Veräußerungsgewinn
p,p_c063146,1078,nicht versteuerte stille Reserven aus Veräußerung Mitunternehmeranteil
p,p_c063147,1078,In den Einkünften enthaltener Sanierungsgewinn
p,p_c063150,1078,Sonderschlüssel Land- und Forstwirtschaft
p,p_c063162,1078,Entnahmen aus Gesamthandsbilanz
p,p_c063163,1078,Einlagen in Gesamthandsbilanz
p,p_c063164,1078,Zugänge zur negativen Ergänzungsbilanz
p,p_c063165,1078,Zugänge zur positiven Ergänzungsbilanz
p,p_c063166,1078,Entnahmen aus Sonderbilanz
p,p_c063167,1078,Einlagen in Sonderbilanz
p,p_c063203,1078,Zuschlag nach § 3 Abs. 4 Forstschäden-Ausgleichsgesetz
p,p_c063210,1078,Anzahl der veräußerten Grundstücke
p,p_c063232,1078,"Feststellungen n. § 34 a Abs. 10 EStG sollen getroffen werden, bzw. Nachversteuerung kommt nicht mehr in Betracht, bzw. ein Tatbestand des § 34 a Abs 6 EStG ist erfüllt."
p,p_c063233,1078,für Zwecke des §34a EStG (Begünstigung thesaurierter Gewinn): Gewinn nach §4 Abs. 1 Satz 1 EStG
p,p_c063235,1078,für Zwecke des §34a EStG (Begünstigung thesaurierter Gewinn): In Kz. 233 enthaltener Gewinn aus der Veräußerung/Aufgabe eines Teil- Betriebs oder Mitunternehmeranteils durch die Gesellschaft
p,p_c063239,1078,der Wirtschaftswert nach § 46 BewG
p,p_c063242,1078,"in den Einkünften enthaltene begünstigte Einkünfte nach §34b Abs. 3 Nr.1 i.V.m. Abs.1 EStG (ab 2012), (2008 - 2011: §34b Abs. 3 Nr.2 EStG, 1999 - 2007: §34b Abs. 3 Nr.1 EStG, bis 1998: §34b Abs. 3 Nr."
p,p_c063243,1078,"in den Einkünften enthaltene begünstigte Einkünfte nach 34b Abs. 3 Nr.2 EStG (ab 2012), (2008 - 2011: 34b Abs. 3 Nr.3 EStG, 1999 - 2007: 34b Abs. 3 Nr.2 EStG, bis 1998: 34b Abs. 3 Nr.3b EStG)"
p,p_c063246,1078,"in den Einkünften enthaltene begünstigte Einkünfte nach § 34b Abs. 5 EStG, § 5 Abs. 1 ForstSch-AusglG"
p,p_c063250,1078,"Staatenschlüssel (1. Staat) zu ausländischen Einkünften i.S.d. § 2a, § 34c Abs. 1,3,5 EStG"
p,p_c063251,1078,in den Einkünften enthaltene Einkünfte aus 1. Staat insgesamt
p,p_c063254,1078,in Kz. 251 enthaltene positive Einkünfte i.S.d. § 2a Abs. 1 Nr. 1 EStG
p,p_c063255,1078,die Einkünfte aus ausländischen Dividenden (ggf. einschl. Avoir fiscal) - 100%
p,p_c063262,1078,"Datum der Erklärung bzw. des Antrags nach § 34c Abs. 2 EStG, wenn Einerwert bei Kz. 273 = 1"
p,p_c063263,1078,ausländische Steuern zu Kz. 251
p,p_c063264,1078,Antrag auf Abzug der ausländischen Steuer nach § 34c Abs. 2 EStG
p,p_c063266,1078,"in Kz. 263 enthaltene ausländische Steuern, soweit sie auf Halb-/Teileinkünfte entfallen."
p,p_c063273,1078,"Steuerungskennzahl für die a) Berücksichtigung nach § 34c Abs. 1, Abs. 3 oder Abs. 5 EStG bzw. b) Auswahl des Investmentfonds"
p,p_c063274,1078,in den Einkünften nicht enthaltene negative Einkünfte i.S.d. § 2a Abs. 1 Nr. 1 EStG
p,p_c063280,1078,"Staatenschlüssel (2. Staat) zu ausländischen Einkünften i.S.d. § 2a, § 34c Abs. 1,3,5 EStG"
p,p_c063281,1078,in den Einkünften enthaltene Einkünfte aus 2. Staat insgesamt
p,p_c063284,1078,in Kz. 281 enthaltene positive Einkünfte i.S.d. § 2a Abs. 1 Nr. 1 EStG
p,p_c063285,1078,die Einkünfte aus ausländischen Dividenden (ggf. einschl. Avoir fiscal) - 100%
p,p_c063292,1078,"Datum der Erklärung bzw. des Antrags nach § 34c Abs. 2 EStG, wenn Einerwert bei Kz. 303 = 1"
p,p_c063293,1078,ausländische Steuern zu Kz. 281
p,p_c063303,1078,"Steuerungskennzahl für die a) Berücksichtigung nach § 34c Abs. 1, Abs. 3 oder Abs. 5 EStG bzw. b) Auswahl des Investmentfonds"
p,p_c063310,1078,"Staatenschlüssel (3. Staat) zu ausländischen Einkünften i.S.d. § 2a, § 34c Abs. 1,3,5 EStG"
p,p_c063311,1078,in den Einkünften enthaltene Einkünfte aus 3. Staat insgesamt
p,p_c063322,1078,"Datum der Erklärung bzw. des Antrags nach § 34c Abs. 2 EStG, wenn Einerwert bei Kz. 333 = 1"
p,p_c063323,1078,ausländische Steuern zu Kz. 311
p,p_c063324,1078,Antrag auf Abzug der ausländischen Steuer nach § 34c Abs. 2 EStG
p,p_c063333,1078,"Steuerungskennzahl für die a) Berücksichtigung nach § 34c Abs. 1, Abs. 3 oder Abs. 5 EStG bzw. b) Auswahl des Investmentfonds"
p,p_c063340,1078,"Staatenschlüssel (4. Staat) zu ausländischen Einkünften i.S.d. § 2a, § 34c Abs. 1,3,5 EStG"
p,p_c063341,1078,in den Einkünften enthaltene Einkünfte aus 4. Staat insgesamt
p,p_c063352,1078,"Datum der Erklärung bzw. des Antrags nach § 34c Abs. 2 EStG, wenn Eienrwert bei Kz. 363 = 1"
p,p_c063353,1078,ausländische Steuern zu Kz. 341
p,p_c063363,1078,"Steuerungskennzahl für die a) Berücksichtigung nach § 34c Abs. 1, Abs. 3 oder Abs. 5 EStG bzw. b) Auswahl des Investmentfonds"
p,p_c063370,1078,Einkünfte aus Aktienfonds i.S.d. § 2 Abs. 6 InvStG
p,p_c063372,1078,Einkünfte aus Mischfonds i.S.d. § 2 Abs. 7 InvStG
p,p_c063380,1078,In den Veräußerungsgewinnen i.S.d. § 16 EStG enthaltene Einkünfte aus Aktienfonds i.S.d. § 2 Abs. 6 InvStG
p,p_c063384,1078,In den Veräußerungsgewinnen i.S.d. § 16 EStG enthaltene Einkünfte aus Immobilienfonds i.S.d. § 2 Abs. 9 Satz 1 InvStG
p,p_c063385,1078,In den Veräußerungsgewinnen i.S.d. § 16 EStG enthaltene Einkünfte aus Auslands-Immobilienfonds i.S.d. § 2 Abs. 9 Satz 2 InvStG
p,p_c063410,1078,Handelsrechtlicher Gewinn oder Verlust nach dem allgemeinen Gewinnverteilungsschlüssel zu verteilen
p,p_c063411,1078,Handelsrechtlicher Gewinn oder Verlust abweichend vom allgemeinen Gewinnverteilungsschlüssel zu verteilen
p,p_c063419,1078,"Nach §§ 3 Nr. 40, 3c Abs.2 EStG, § 8b KStG steuerfreien Anteile aus Einkünften (lfd / VG) aus der Beteiligung an einer anderen Personengesellschaft, wenn bei der Feststellung, aus der diese Einkünfte"
p,p_c063420,1078,"Die in den Einkünften enthaltenen Einkünfte aus in- und ausländischen Dividenden und ähnlichen Erträgen (ggf. nach Abzug der damit in Zusammenhang stehenden Betriebsausgaben), die bei beteiligten nat"
p,p_c063421,1078,"Inl. und ausl. Dividenden u. ähnl. Erträge, (Halb- /Teileinkünfteverfahren unterliegend bzw. § 8 b KStG)"
p,p_c063424,1078,Veräußerungsgewinne (Halb-/Teileinkünfteverfahren)
p,p_c063425,1078,"Veräußerungsgewinne aus dem Gesamthandsvermögen, (Halb- /Teileinkünfteverfahren/§8 b KStG nicht n. Schlüssel)"
p,p_c063430,1078,"Gewinne/Verluste aus Ergänzungsbilanzen, (nach Halb-/Teileinkünfteverfahren bzw. § 8 b KStG)"
p,p_c063431,1078,"Gewinne/Verluste aus Sonderbilanz, (nach Halb-/Teileinkünfteverfahren bzw. § 8 b KStG)"
p,p_c063433,1078,Veräußerungsgewinne/-verluste aus Sonderbilanzen (nach Halb-/Teileinkünfteverfahren bzw. § 8 b KStG)
p,p_c063540,1078,"laufende Einkünfte, die dem Progressionsvorbehalt unterliegen"
p,p_c063541,1078,"Sonderbetriebseinnahmen, -ausgaben zu laufenden Einkünften, unter Progressionsvorbehalt"
p,p_c063542,1078,"außerordentliche Einkünfte, die dem Progressionsvorbehalt unterliegen"
p,p_c063543,1078,"Sonderbetriebseinnahmen, -ausgaben zu außerordentlichen Einkünften, unter Progressionsvorbehalt"
p,p_c063550,1078,Staatenschlüssel (1. Staat) für übrige ausländische nach DBA steuerfreie Einkünfte (§ 2a EStG)
p,p_c063551,1078,in Kz. 540 u. 546 enthaltene positive Einkünfte i.S.d. § 2a Abs. 1 Nr. 1 EStG
p,p_c063552,1078,in Kz. 542 enthaltene positive Einkünfte i.S.d. § 2a Abs. 1 Nr. 1 EStG
p,p_c063555,1078,"negative Einkünfte i.S.d. § 2a Abs. 1 Nr. 1 EStG aus 1. Staat (in Kz. 540, 542, 546 nicht enthalten)"
p,p_c063605,1078,"Betrag, um den der Gewinn lt. Kz. 100/102 um gebildete bzw. aufgelöste Inv. abzugsbeträge nach § 7g EStG korrigiert worden ist."
p,p_c063607,1078,Nachrichtlich: Steuerbilanzgewinn (inkl. SBV/ErgV)
p,p_c063609,1078,Nichtabziehbare Sonderbetriebsausgaben
p,p_c063610,1078,Berichtigungsbetrag i.S.d. § 1 AStG
p,p_c063611,1078,Nichtabziehbare Betriebsausgaben n. § 4 Abs. 4a EStG aus der Gewinnermittlung der Gesellschaft
p,p_c063612,1078,Nichtabziehbare Betriebsausgaben n. § 4 Abs. 4a EStG aus der Sondergewinnermittlung des Gesellschafters
p,p_c063613,1078,steuerfreie Einnahmen soweit nicht nach DBA befreit (inkl. steuerfreier Einnahmen aus Untergesellschaften)
p,p_c063614,1078,"nicht abziehbare Betriebsausgabe i.S.d. § 4 Abs. 5, 5b u. 7, §§ 4c, d, h EStG (inkl. nicht abziehbarer Betriebsausgaben aus Untergesellschaften)"
p,p_c063616,1078,Gewinnzuschlag nach § 6b Abs. 7 EStG
p,p_c063662,1078,Entnahmen für Zwecke des § 34a EStG für den Feststellungszeitraum
p,p_c063663,1078,Einlagen für Zwecke des § 34a EStG für den Feststellungszeitraum
p,p_c063742,1078,"laufende steufreie Einkünfte i.S.d. §3 Nr.40, §3c EStG, §8b KStG nach Anwendung des §15a EStG"
p,p_c063780,1078,verrechenbarer Verlust aus Untergesellschaften nach § 15a Abs. 4 EStG zum Ende des vorangegangenen Wirtschaftsjahres
p,p_c063781,1078,verrechenbarer Verlust aus Untergesellschaften nach § 15a Abs. 4 EStG zum Ende des laufenden Wirtschaftsjahres
p,p_c063804,1078,Abzuziehender steuerfreier Teil d. laufenden Einkünfte aus Gesamthandsbilanz (§ 3 Nr.40 EStG; § 8b KStG)
p,p_c063805,1078,Abzuziehender steuerfreier Teil d. laufenden Einkünfte aus Ergänzungsbilanz (§ 3 Nr.40 EStG; § 8b KStG)
p,p_c063806,1078,Abzuziehender steuerfreier Teil d. laufenden Einkünfte aus Sonderbilanz (§ 3 Nr. 40 EStG; § 8b KStG)
p,p_c063818,1078,"Summenkennzahl ab FZTR 2002: Kz.13127 + Kz.13128 + Kz.13129 + Kz.13130 (Kz.13135 USB1ff DA, Kz.13136 da)"
p,p_c063819,1078,Veräußerungsgewinn
p,p_c063820,1078,Abzuziehender steuerfreier Teil d. Veräußerungsgewinne aus Gesamthandsbilanz (§ 3 Nr.40 EStG; § 8b KStG)
p,p_c063822,1078,Abzuziehender steuerfreier Teil d. Veräußerungsgewinne aus Sonderbilanz (§ 3 Nr. 40 EStG; § 8b KStG)
p,p_c063823,1078,Summenkennzahl Kz.13424 + Kz.13425 + Kz.13432 + Kz. 13433 wenn Kz.13135 in USB 1ff da
p,p_c063832,1078,Halbeinkünfte steuerfreier Teil - 1. Staat
p,p_c063833,1078,Halbeinkünfte steuerfreier Teil - 2. Staat
p,p_c063854,1078,"Laufende Einkünfte, die dem Progressionsvorbehalt unterliegen"
p,p_c063855,1078,"Außerordentliche Einkünfte, die dem Progressionsvorbehalt unterliegen"
p,p_c063869,1078,nach § 34 c Abs. 2 EStG abzugsfähige ausl. Steuer
p,p_c064100,1078,"Laufende Einkünfte aus der Gesamthandsbilanz, die nach Schlüssel zu verteilen sind"
p,p_c064102,1078,Betriebseinnahmen / Gewinne aus der Gesamthandsbilanz (Verteilung abweichend vom Schlüssel) ab 2013: Gewinne aus der Gesamthandsbilanz (Verteilung abweichend vom Schlüssel)
p,p_c064108,1078,Vergütungen für Tätigkeiten im Dienste der Gesellschaft auf gesellschaftsrechtlicher Grundlage
p,p_c064113,1078,"Die als Sonderbetriebseinnahmen zu erfassenden Vergütungen auf schuldrechtlicher Grundlage; enthalten sein müssen auch die Gewinne aus Sonderbilanzen, die bei beteiligten natürlichen Personen dem Hal"
p,p_c064117,1078,Gewinne / Verluste aus Ergänzungsbilanzen
p,p_c064120,1078,"Einkünfte stammen nicht aus Gewerbebetrieb = 1, gew. Einkünfte sind nicht gewerbesteuerpfl. = 2"
p,p_c064121,1078,Gewinn i.S.d § 5a Abs 1 EStG
p,p_c064122,1078,nach § 5a Abs 4 Satz 3 EStG hinzuzur. Unterschieds- betrag i.S.d. § 5a Abs 4 Satz 1 EStG EStG bzw. nach § 5a Abs. 5 Satz 3 EStG hinzuzurechnender Betrag (nach Quote verteilt) während der Tonnagebesteuerung
p,p_c064123,1078,nach § 5a Abs 4 Satz 3 EStG hinzuzur. Unterschieds- betrag i.S.d. § 5a Abs 4 Satz 1 EStG bzw. nach § 5a Abs. 5 Satz 3 EStG (nicht nach Quote verteilt) während der Tonnagebesteuerung
p,p_c064124,1078,"laufender Gewinn, soweit neben dem Gewinn nach § 5a EStG anzusetzen (nach Quote)"
p,p_c064125,1078,"laufender Gewinn, soweit neben dem Gewinn nach § 5a EStG anzusetzen (nicht nach Quote)"
p,p_c064126,1078,"Veräußerungs- bzw. Aufgabegewinn, soweit neben dem Gewinn nach § 5a EStG anzusetzen"
p,p_c064127,1078,Veräußerungs- bzw. Aufgabegewinn aus dem Sonderbetriebsvermögen
p,p_c064128,1078,Buchwertabgang aus der Ergänzungsbilanz
p,p_c064130,1078,Veräußerungsgewinne bzw Aufgabegewinne i. S. d. § 16 EStG
p,p_c064131,1078,"1 = keine Anwendung des § 34 Abs. 1 EStG wegen Anwendung der §§ 6b, 6c EStG 2 = keine Anwendung des § 34 EStG wegen fehlender Zusammenballung"
p,p_c064134,1078,Zeitpunkt der Betriebsaufgabe / -veräußerung (USB 0) Zeitpunkt des Ausscheidens eines Mitunternehmers
p,p_c064135,1078,Zeitpunkt der Veräußerung / Aufgabe eines Teil- betriebs /Mitunternehmeranteils
p,p_c064136,1078,Zeitpunkt der Veräußerung / Aufgabe eines von der Gesellschaft gehaltenen Mitunternehmeranteils
p,p_c064137,1078,in den Veräußerungsgewinnen enthaltene Gewst-pflichtige Veräußerungsgewinne vor § 15a EStG
p,p_c064140,1078,Tarifbegünstigte Einkünfte i.S.d. § 34 Abs. 2 Nr. 2 bis 4 EStG
p,p_c064142,1078,nach § 5a Abs 4 Satz 3 EStG hinzuzur. Unterschieds- betrag i.S.d. § 5a Abs 4 Satz 1 EStG EStG bzw. nach § 5a Abs. 5 Satz 3 EStG hinzuzurechnender Betrag (nach Quote verteilt) nach Beendigung der Tonna
p,p_c064143,1078,nach § 5a Abs 4 Satz 3 EStG hinzuzur. Unterschieds- betrag i.S.d. § 5a Abs 4 Satz 1 EStG EStG bzw. nach § 5a Abs. 5 Satz 3 EStG hinzuzurechnender Betrag (nicht nach Quote verteilt) nach Beendigung der
p,p_c064144,1078,"nach §§ 6b, 6c EStG in ein anderes Betriebs- vermögen zu übertragender Gewinn"
p,p_c064145,1078,nach § 6b EStG zu übertragender Veräußerungsgewinn
p,p_c064146,1078,nicht versteuerte stille Reserven aus Veräußerung Mitunternehmeranteil
p,p_c064147,1078,In den Einkünften enthaltener Sanierungsgewinn
p,p_c064154,1078,Gewerbesteuermessbetrag aus Beteiligungen an inl. Personengesellschaften im Sonderbetriebsvermögen
p,p_c064158,1078,Gewerbesteuermessbetrag der Gesellschaft (§ 35 EStG)
p,p_c064159,1078,Gewerbesteuermessbetrag aus Beteiligungen an inl. Personengesellschaften im Gesamthandsvermögen
p,p_c064162,1078,Entnahmen aus Gesamthandsbilanz
p,p_c064163,1078,Einlagen in Gesamthandsbilanz
p,p_c064164,1078,Zugänge zur negativen Ergänzungsbilanz
p,p_c064165,1078,Zugänge zur positiven Ergänzungsbilanz
p,p_c064166,1078,Entnahmen aus Sonderbilanz
p,p_c064167,1078,Einlagen in Sonderbilanz
p,p_c064175,1078,"reserviert für IABV, NI"
p,p_c064197,1078,ausschließlich Einkünfte aus Verlustzuweisungsgesellschaften oder ähnlichen Modellen i.S.d. § 2b EStG
p,p_c064198,1078,Einkünfte aus Termingeschäften
p,p_c064199,1078,Einkünfte aus Verlustzuweisungsgesellschaften i.S.d. § 2b EStG
p,p_c064200,1078,Gewinn / Verlust aus gewerblicher Tierzucht i.S.d. § 15 Abs 4 EStG
p,p_c064203,1078,Zuschlag nach § 3 Abs. 4 Forstschäden- Ausgleichsgesetz
p,p_c064207,1078,Art der Vergütung zu Kz. 206
p,p_c064210,1078,Anzahl der veräußerten Grundstücke
p,p_c064212,1078,tatsächlich zu zahlende Gewerbesteuer der Gesellschaft (§ 35 EStG)
p,p_c064213,1078,tatsächlich zu zahlende Gewerbesteuer aus einer Beteiligung an einer anderen Personengesellschaft
p,p_c064218,1078,"Die in den Einkünften enthaltenen positiven Einkünfte des übertragenden Rechtsträgers im steuerlichen Rückwirkungszeitraum, die beim übernehmenden Rechtsträger nicht zur Verlustverrechnung zur Verfügung stehen (§ 2 Abs. 4 S. 3ff UmwStG)."
p,p_c064232,1078,"Feststellungen n. § 34 a Abs. 10 EStG sollen getroffen werden, bzw. eine Nachversteuerung kommt nicht mehr in Betracht, bzw. ein Tatbestand des § 34 a Abs. 6 EStG ist erfüllt."
p,p_c064233,1078,für Zwecke des §34a EStG (Begünstigung thesaurierter Gewinn): Gewinn nach §4 Abs. 1 Satz 1 oder § 5 EStG
p,p_c064234,1078,für Zwecke des §34a EStG (Begünstigung thesaurierter Gewinn): in Kz. 233 enthaltene Leistungsvergütung
p,p_c064235,1078,für Zwecke des §34a EStG (Begünstigung thesaurierter Gewinn): In Kz.. 233 enthaltener Gewinn aus der Veräußerung/Aufgabe eines Teil- Betriebs oder Mitunternehmeranteils durch die Gesellschaft
p,p_c064236,1078,in den Kz. 162 und 166 enthaltene Entnahmen i.S.d. § 34a Abs. 4 Satz 3 EStG (für Erbschaft- bzw Schenkungsteuer i.Z. mit der Übertragung des Betriebs oder Mitunternehmeranteils)
p,p_c064242,1078,"in den Einkünften enthaltene begünstigte Einkünfte nach §34b Abs. 3 Nr.1 i.V.m. Abs.1 EStG (ab 2012), (2008 - 2011: §34b Abs. 3 Nr.2 EStG, 1999 - 2007: §34b Abs. 3 Nr.1 EStG, bis 1998: §34b Abs. 3 Nr."
p,p_c064243,1078,"in den Einkünften enthaltene begünstigte Einkünfte nach 34b Abs. 3 Nr.2 EStG (ab 2012), (2008 - 2011: 34b Abs. 3 Nr.3 EStG, 1999 - 2007: 34b Abs. 3 Nr.2 EStG, bis 1998: 34b Abs. 3 Nr.3b EStG)"
p,p_c064246,1078,"in den Einkünften enthaltene begünstigte Einkünfte nach § 34b Abs. 5 EStG, § 5 Abs. 1 ForstSch-AusglG"
p,p_c064250,1078,Staatenschlüssel (1. Staat) / Investmentvermögen
p,p_c064251,1078,in den Einkünften enthaltene Einkünfte aus 1. Staat insgesamt
p,p_c064254,1078,in Kz. 251 enthaltene positive Einkünfte i.S.d. § 2a Abs. 1 Nr. 1 EStG
p,p_c064255,1078,die Einkünfte aus ausländischen Dividenden (ggf. einschl. Avoir fiscal) - 100%
p,p_c064256,1078,in Kz. 251 enthaltene positive Einkünfte i.S.d. § 2a Abs. 1 Nr. 2 EStG
p,p_c064257,1078,in Kz. 251 enthaltene positive Einkünfte i.S.d. § 2a Abs. 1 Nr. 3 EStG
p,p_c064261,1078,in Kz. 251 enthaltene positive Einkünfte i.S.d. § 2a Abs. 1 Nr. 6 EStG
p,p_c064262,1078,"Datum der Erklärung bzw. des An trags nach § 34c Abs. 2 EStG, wenn Einerwert bei Kz. 273 = 1"
p,p_c064263,1078,ausländische Steuern zu Kz. 251
p,p_c064264,1078,Antrag auf Abzug der ausländischen Steuer nach § 34c Abs. 2 EStG
p,p_c064265,1078,anteilige ausländische Steuern zu Kz. 254 / 274
p,p_c064266,1078,"in Kz. 263 enthaltene ausländische Steuern, soweit sie auf Halb-/Teileinkünfte entfallen."
p,p_c064267,1078,anteilige ausländische Steuern zu Kz. 256 / 275
p,p_c064273,1078,"Steuerungskennzahl für die a) Berücksichtigung nach § 34c Abs. 1, Abs. 3 oder Abs. 5 EStG bzw. b) Auswahl des Investmentfonds"
p,p_c064274,1078,in den Einkünften nicht enthaltene negative Einkünfte i.S.d. § 2a Abs. 1 Nr. 1 EStG
p,p_c064275,1078,in den Einkünften nicht enthaltene negative Einkünfte i.S.d. § 2a Abs. 1 Nr. 2 EStG
p,p_c064276,1078,in den Einkünften nicht enthaltene negative Einkünfte i.S.d. § 2a Abs. 1 Nr. 5 EStG
p,p_c064277,1078,in den Einkünften nicht enthaltene negative Einkünfte i.S.d. § 2a Abs. 1 Nr. 6 EStG
p,p_c064278,1078,in den Einkünften nicht enthaltene negative Einkünfte i.S.d. § 2a Abs. 1 Nr. 3 EStG
p,p_c064280,1078,Staatenschlüssel (2. Staat) / Investmentvermögen
p,p_c064281,1078,in den Einkünften enthaltene Einkünfte aus 2. Staat insgesamt
p,p_c064284,1078,in Kz. 281 enthaltene positive Einkünfte i.S.d. § 2a Abs. 1 Nr. 1 EStG
p,p_c064285,1078,die Einkünfte aus ausländischen Dividenden (ggf. einschl. Avoir fiscal) - 100%
p,p_c064286,1078,in Kz. 281 enthaltene positive Einkünfte i.S.d. § 2a Abs. 1 Nr. 2 EStG
p,p_c064287,1078,in Kz. 281 enthaltene positive Einkünfte i.S.d. § 2a Abs. 1 Nr. 3 EStG
p,p_c064291,1078,in Kz. 281 enthaltene positive Einkünfte i.S.d. § 2a Abs. 1 Nr. 6 EStG
p,p_c064292,1078,"Datum der Erklärung bzw. des Antrags nach § 34c Abs. 2 EStG, wenn Einerwert bei Kz. 303 = 1"
p,p_c064293,1078,ausländische Steuern zu Kz. 281
p,p_c064294,1078,Antrag auf Abzug der ausländischen Steuer nach § 34c Abs. 2 EStG
p,p_c064296,1078,"in Kz. 293 enthaltene ausländische Steuern, soweit sie auf Halb-/Teileinkünfte entfallen."
p,p_c064297,1078,anteilige ausländische Steuern zu Kz. 286 / 305
p,p_c064303,1078,"Steuerungskennzahl für die a) Berücksichtigung nach § 34c Abs. 1, Abs. 3 oder Abs. 5 EStG bzw. b) Auswahl des Investmentfonds"
p,p_c064304,1078,in den Einkünften nicht enthaltene negative Einkünfte i.S.d. § 2a Abs. 1 Nr. 1 EStG
p,p_c064305,1078,in den Einkünften nicht enthaltene negative Einkünfte i.S.d. § 2a Abs. 1 Nr. 2 EStG
p,p_c064307,1078,in den Einkünften nicht enthaltene negative Einkünfte i.S.d. § 2a Abs. 1 Nr. 6 EStG
p,p_c064308,1078,in den Einkünften nicht enthaltene negative Einkünfte i.S.d. § 2a Abs. 1 Nr. 3 EStG
p,p_c064310,1078,Staatenschlüssel (3. Staat) / Investmentvermögen
p,p_c064311,1078,in den Einkünften enthaltene Einkünfte aus 3. Staat insgesamt
p,p_c064314,1078,in Kz. 311 enthaltene positive Einkünfte i.S.d. § 2a Abs. 1 Nr. 1 EStG
p,p_c064315,1078,die Einkünfte aus ausländischen Dividenden (ggf. einschl. Avoir fiscal) - 100%
p,p_c064316,1078,in Kz. 311 enthaltene positive Einkünfte i.S.d. § 2a Abs. 1 Nr. 2 EStG
p,p_c064317,1078,in Kz. 311 enthaltene positive Einkünfte i.S.d. § 2a Abs. 1 Nr. 3 EStG
p,p_c064321,1078,in Kz. 311 enthaltene positive Einkünfte i.S.d. § 2a Abs. 1 Nr. 6 EStG
p,p_c064322,1078,"Datum der Erklärung bzw. des Antrags nach § 34c Abs. 2 EStG, wenn Einerwert bei Kz. 333 = 1"
p,p_c064323,1078,ausländische Steuern zu Kz. 311
p,p_c064324,1078,Antrag auf Abzug der ausländischen Steuer nach § 34c Abs. 2 EStG
p,p_c064326,1078,"in Kz. 323 enthaltene ausländische Steuern, soweit sie auf Halb-/Teileinkünfte entfallen."
p,p_c064327,1078,anteilige ausländische Steuern zu Kz. 316 / 335
p,p_c064333,1078,"Steuerungskennzahl für die a) Berücksichtigung nach § 34c Abs. 1, Abs. 3 oder Abs. 5 EStG bzw. b) Auswahl des Investmentfonds"
p,p_c064334,1078,in den Einkünften nicht enthaltene negative Einkünfte i.S.d. § 2a Abs. 1 Nr. 1 EStG
p,p_c064335,1078,in den Einkünften nicht enthaltene negative Einkünfte i.S.d. § 2a Abs. 1 Nr. 2 EStG
p,p_c064338,1078,in den Einkünften nicht enthaltene negative Einkünfte i.S.d. § 2a Abs. 1 Nr. 3 EStG
p,p_c064340,1078,Staatenschlüssel (4. Staat) / Investmentvermögen
p,p_c064341,1078,in den Einkünften enthaltene Einkünfte aus 4. Staat insgesamt
p,p_c064344,1078,in Kz. 341 enthaltene positive Einkünfte i.S.d. § 2a Abs. 1 Nr. 1 EStG
p,p_c064345,1078,die Einkünfte aus ausländischen Dividenden (ggf. einschl. Avoir fiscal) - 100%
p,p_c064346,1078,in Kz. 341 enthaltene positive Einkünfte i.S.d. § 2a Abs. 1 Nr. 2 EStG
p,p_c064347,1078,in Kz. 341 enthaltene positive Einkünfte i.S.d. § 2a Abs. 1 Nr. 3 EStG
p,p_c064351,1078,in Kz. 341 enthaltene positive Einkünfte i.S.d. § 2a Abs. 1 Nr. 6 EStG
p,p_c064352,1078,"Datum der Erklärung bzw. des Antrags nach § 34c Abs. 2 EStG, wenn Einerwert bei Kz. 363 = 1"
p,p_c064353,1078,ausländische Steuern zu Kz. 341
p,p_c064354,1078,Antrag auf Abzug der ausländischen Steuer nach § 34c Abs. 2 EStG
p,p_c064356,1078,"in Kz. 353 enthaltene ausländische Steuern, soweit sie auf Halb-/Teileinkünfte entfallen."
p,p_c064357,1078,anteilige ausländische Steuern zu Kz. 346 / 365
p,p_c064363,1078,"Steuerungskennzahl für die a) Berücksichtigung nach § 34c Abs. 1, Abs. 3 oder Abs. 5 EStG bzw. b) Auswahl des Investmentfonds"
p,p_c064364,1078,in den Einkünften nicht enthaltene negative Einkünfte i.S.d. § 2a Abs. 1 Nr. 1 EStG
p,p_c064365,1078,in den Einkünften nicht enthaltene negative Einkünfte i.S.d. § 2a Abs. 1 Nr. 2 EStG
p,p_c064368,1078,in den Einkünften nicht enthaltene negative Einkünfte i.S.d. § 2a Abs. 1 Nr. 3 EStG
p,p_c064370,1078,Einkünfte aus Aktienfonds i.S.d. § 2 Abs. 6 InvStG
p,p_c064371,1078,Einkünfte aus Aktienfonds i.S.d. § 2 Abs. 6 InvStG einer LV/KV
p,p_c064372,1078,Einkünfte aus Mischfonds i.S.d. § 2 Abs. 7 InvStG
p,p_c064373,1078,Einkünfte aus Mischfonds i.S.d. § 2 Abs. 7 InvStG einer LV/KV
p,p_c064374,1078,Einkünfte aus Immobilienfonds i.S.d. § 2 Abs. 9 Satz 1 InvStG
p,p_c064375,1078,Einkünfte aus Auslands-Immobilienfonds i.S.d. § 2 Abs. 9 Satz 2 InvStG
p,p_c064380,1078,In den Veräußerungsgewinnen i.S.d. § 16 EStG enthaltene Einkünfte aus Aktienfonds i.S.d. § 2 Abs. 6 InvStG
p,p_c064382,1078,In den Veräußerungsgewinnen i.S.d. § 16 EStG enthaltene Einkünfte aus Mischfonds i.S.d. § 2 Abs. 7 InvStG
p,p_c064384,1078,In den Veräußerungsgewinnen i.S.d. § 16 EStG enthaltene Einkünfte aus Immobilienfonds i.S.d. § 2 Abs. 9 Satz 1 InvStG
p,p_c064410,1078,Handelsrechtlicher Gewinn oder Verlust nach dem allgemeinen Gewinnverteilungsschlüssel zu verteilen
p,p_c064411,1078,Handelsrechtlicher Gewinn oder Verlust abweichend vom allgemeinen Gewinnverteilungsschlüssel zu verteilen
p,p_c064418,1078,"die in der Kz. 218 enthaltenen Einkünfte, die bei beteiligten natürlichen Personen § 3 Nr. 40, § 3c Abs. 2 EStG bzw. bei beteiligten Kapitalgesellschaften § 8b KStG unterliegen Die Beträge sind in der"
p,p_c064419,1078,"Nach §§ 3 Nr. 40, 3c Abs.2 EStG, § 8b KStG stfr. Anteile aus Einkünften (lfd / VG) aus der Beteiligung an einer anderen Personengesellschaft, wenn bei der Feststellung, aus der diese Einkünfte stamme"
p,p_c064420,1078,"In den Einkünften enthaltenen Einkünfte aus in- und ausländischen Dividenden und ähnlichen Erträgen (ggf. nach Abzug der damit in Zusammenhang stehenden Betriebsausgaben), die bei beteiligten natürlic"
p,p_c064421,1078,"Die in den Einkünften enthaltenen in- und ausländischen Einkünfte, für die bei beteiligten natürlichen Personen das Halb-/Teileinkünfteverfahren gilt bzw. die bei beteiligten Kapitalgesellschaften nach § 8b KStG steuerfrei sind (einschl. Erträge aus Sondervermögen) - nicht nach Schlüssel verteilt -"
p,p_c064424,1078,"Veräußerungsgewinne aus Gesamthandsvermögen n. Schlüssel verteilt (Halb-/Teileinkünfteverfahren, § 8 b KStG)"
p,p_c064425,1078,"Veräußerungsgewinne aus dem Gesamthandsvermögen - nicht nach Schlüssel verteilt - (Teil-/Halbeinkünfteverfahren, § 8 b KStG)"
p,p_c064430,1078,"Gewinne/Verluste aus Ergänzungsbilanzen, Halb-/Teileinkünfteverfahren unterliegend bzw. § 8 b KStG"
p,p_c064431,1078,"Gewinne/Verluste aus Sonderbilanz, Halb-/Teileinkünfte-verfahren unterliegend bzw. § 8 b KStG"
p,p_c064432,1078,(anteiliger) Buchwertabgang aus der Ergänzungsbilanz (nach Halb-/Teileinkünfteverfahren bzw. § 8 b KStG)
p,p_c064433,1078,Veräußerungsgewinne/-verluste aus Sonderbilanzen (nach Halb-/Teileinkünfteverfahren bzw. § 8 b KStG)
p,p_c064434,1078,Im Einkommen der Organges. enthaltene Einkünfte (Halb- /Teileinkünfteverfahren bzw. nach §8b KStG steuerfr.)
p,p_c064435,1078,Leistungsvergütung § 18 (1)4 EStG 50 % steuerfrei
p,p_c064436,1078,Leistungsvergütung § 18 (1)4 EStG 40 % steuerfrei
p,p_c064437,1078,steuerfreie Bezüge nach § 3 Nr. 41 Buchstabe a) EStG
p,p_c064438,1078,Gewinne nach § 3 Nr. 41 Buchstabe b) EStG
p,p_c064439,1078,Mit Einnahmen i. S. d. § 3 Nr. 41 Buchstabe a) EStG in Zusammenhang stehende Betriebsausgaben und weitere Beträge
p,p_c064450,1078,Staatenschlüssel (1. Betriebsstättenstaat); nach DBA steuerfreie Einkünfte aus ausl. Betriebsst.
p,p_c064451,1078,laufende Einkünfte aus 1. Betriebsstättenstaat (nach § 2a Abs 3 EStG ohne § 2a Abs 1 EStG)
p,p_c064452,1078,in Kz. 451 enthaltene positive Einkünfte i.S.d. § 2a Abs 1 Nr 1 EStG
p,p_c064453,1078,laufende positive Einkünfte i.S.d. § 2a Abs 1 Nr 2 EStG
p,p_c064454,1078,in Kz. 451 enthaltene positive Einkünfte i.S.d. § 2a Abs 1 Nr 5 EStG
p,p_c064455,1078,in Kz. 451 enthaltene positive Einkünfte i.S.d. § 2a Abs 1 Nr 6 EStG
p,p_c064456,1078,außerordentliche Einkünfte aus 1. Betriebsstättenstaat (§ 2a Abs 3 EStG ohne § 2a Abs 1 EStG)
p,p_c064457,1078,in Kz. 456 enthaltene positive Einkünfte i.S.d. § 2a Abs 1 Nr 1 EStG
p,p_c064458,1078,außerordentliche Einkünfte i.S.d. § 2a Abs 1 Nr 2 EStG
p,p_c064460,1078,in Kz. 456 enthaltene positive Einkünfte i.S.d. § 2a Abs 1 Nr 6 EStG
p,p_c064461,1078,ausländische Steuern aus dem 1. Betriebsstättenstaat
p,p_c064462,1078,negative Einkünfte i.S.d. § 2a Abs. 1 Nr. 1 EStG
p,p_c064463,1078,negative Einkünfte i.S.d. § 2a Abs 1 Nr 2 EStG (ohne Kz. 469)
p,p_c064465,1078,negative Einkünfte i.S.d. § 2a Abs 1 Nr 6 EStG
p,p_c064468,1078,"Sonderbetriebseinnahmen, -ausgaben zu laufenden Einkünften i.S.d. § 2a Abs 2 EStG"
p,p_c064469,1078,"Sonderbetriebseinnahmen, -ausgaben zu Einkünften i.S.d. § 2a Abs 1 Nr 2 EStG"
p,p_c064470,1078,Staatenschlüssel (2. Betriebsstättenstaat); nach DBA steuerfreie Einkünfte aus ausl. Betriebsst.
p,p_c064471,1078,laufende Einkünfte aus 2. Betriebsstättenstaat (nach § 2a Abs 3 EStG ohne § 2a Abs 1 EStG)
p,p_c064472,1078,in Kz. 471 enthaltene positive Einkünfte i.S.d. § 2a Abs 1 Nr 1 EStG
p,p_c064473,1078,laufende positive Einkünfte i.S.d. § 2a Abs 1 Nr 2 EStG
p,p_c064475,1078,in Kz. 471 enthaltene positive Einkünfte i.S.d. § 2a Abs. 1 Nr. 6 EStG
p,p_c064476,1078,außerordentliche Einkünfte aus 2. Betriebsstätten- (nach § 2a Abs 3 EStG ohne
p,p_c064478,1078,außerordentliche Einkünfte i.S.d. § 2a Abs 1 Nr 2 EStG
p,p_c064483,1078,negative Einkünfte i.S.d. § 2a Abs 1 Nr 2 EStG (ohne Kz. 489)
p,p_c064485,1078,negative Einkünfte i.S.d. § 2a Abs 1 Nr 6 EStG
p,p_c064489,1078,"Sonderbetriebseinnahmen, -ausgaben zu Einkünften i.S.d. § 2a Abs 1 Nr 2 EStG"
p,p_c064490,1078,Staatenschlüssel (3. Betriebsstättenstaat); nach DBA steuerfreie Einkünfte aus ausl. Betriebsst.
p,p_c064491,1078,laufende Einkünfte aus 3. Betriebsstättenstaat (nach § 2a Abs 3 EStG ohne § 2a Abs 1 EStG)
p,p_c064493,1078,laufende positive Einkünfte i.S.d. § 2a Abs 1 Nr 2 EStG
p,p_c064498,1078,außerordentliche Einkünfte i.S.d. § 2a Abs. 1 Nr. 2 EStG
p,p_c064503,1078,negative Einkünfte i.S.d. § 2a Abs 1 Nr 2 EStG (ohne Kz. 509)
p,p_c064509,1078,"Sonderbetriebseinnahmen, -ausgaben zu Einkünften i.S.d. § 2a Abs 1 Nr 2 EStG"
p,p_c064510,1078,Staatenschlüssel (4. Betriebsstättenstaat); nach DBA steuerfreie Einkünfte aus ausl. Betriebsst.
p,p_c064511,1078,laufende Einkünfte aus 4. Betriebsstättenstaat (nach § 2a Abs 3 EStG ohne § 2a Abs 1 EStG)
p,p_c064513,1078,laufende positive Einkünfte i.S.d. § 2a Abs 1 Nr 2 EStG
p,p_c064523,1078,negative Einkünfte i.S.d. § 2a Abs 1 Nr 2 EStG (ohne Kz. 529)
p,p_c064529,1078,"Sonderbetriebseinnahmen, -ausgaben zu Einkünften i.S.d. § 2a Abs 1 Nr 2 EStG"
p,p_c064530,1078,"Gewinne und Verluste aus einer Ergänzungsbilanz, in Zusammenhang mit Kz. 451 (nicht in Kz. 541) 1. Staat"
p,p_c064540,1078,"laufende Einkünfte, die dem Progressionsvorbehalt unterliegen"
p,p_c064541,1078,"Sonderbetriebseinnahmen, -ausgaben zu laufenden Einkünften unter Progressionsvorbehalt"
p,p_c064542,1078,"außerordentliche Einkünfte, die dem Progressionsvorbehalt unterliegen"
p,p_c064543,1078,"Sonderbetriebseinnahmen, -ausgaben zu außerordentlichen Einkünften unter Progressionsvorbehalt"
p,p_c064544,1078,"Einkünfte, die nicht dem Progressionsvorbehalt unterliegen"
p,p_c064545,1078,ausländische Steuer für Einkünfte lt. Kz. 540 bis 544
p,p_c064546,1078,"Gewinne und Verluste aus einer Ergänzungsbilanz, die in Zusammenhang mit lfd. Einkünften stehen"
p,p_c064550,1078,Staatenschlüssel (1. Staat) für übrige ausländische nach DBA steuerfreie Einkünfte (§ 2a EStG)
p,p_c064551,1078,in Kz. 540 u. 546 enthaltene positive Einkünfte i.S.d. § 2a Abs. 1 Nr. 1 EStG
p,p_c064552,1078,in Kz. 542 enthaltene positive Einkünfte i.S.d. § 2a Abs. 1 Nr. 1 EStG
p,p_c064553,1078,in Kz. 540 u. 546 enthaltene positive Einkünfte i.S.d. § 2a Abs. 1 Nr. 6 EStG
p,p_c064554,1078,in Kz. 542 enthaltene positive Einkünfte i.S.d. § 2a Abs. 1 Nr. 6 EStG
p,p_c064555,1078,"negative Einkünfte i.S.d. § 2a Abs. 1 Nr. 1 EStG aus 1. Staat (in Kz. 540, 542, 546 nicht enthalten)"
p,p_c064556,1078,in Kz. 541 enthaltene Beträge zu positive Einkünften i.S.d. § 2a Abs. 1 Nr. 6 EStG aus 1. Staat
p,p_c064558,1078,"negative Einkünfte i.S.d. § 2a Abs. 1 Nr. 6 EStG aus 1. Staat (in Kz. 540, 542, 546 nicht enthalten)"
p,p_c064559,1078,Sonderbetriebseinnahmen / -ausgaben zu negativen Einkünften i.S.d. § 2a Abs. 1 Nr. 6 EStG aus 1. Staat
p,p_c064560,1078,Staatenschlüssel (2. Staat) für übrige ausländische nach DBA steuerfreie Einkünfte (§ 2a EStG)
p,p_c064561,1078,in Kz. 540 u. 546 enthaltene positive Einkünfte i.S.d. § 2a Abs. 1 Nr. 1 EStG
p,p_c064562,1078,in Kz. 542 enthaltene positive Einkünfte i.S.d. § 2a Abs. 1 Nr. 1 EStG
p,p_c064563,1078,in Kz. 540 u. 546 enthaltene positive Einkünfte i.S.d. § 2a Abs. 1 Nr. 6 EStG
p,p_c064564,1078,in Kz. 542 enthaltene positive Einkünfte i.S.d. § 2a Abs. 1 Nr. 6 EStG
p,p_c064565,1078,"negative Einkünfte i.S.d. § 2a Abs. 1 Nr. 1 EStG aus 2. Staat (in Kz. 540, 542, 546 nicht enthalten)"
p,p_c064568,1078,"negative Einkünfte i.S.d. § 2a Abs. 1 Nr. 6 EStG aus 2. Staat (in Kz. 540, 542, 546 nicht enthalten)"
p,p_c064569,1078,Sonderbetriebseinnahmen / -ausgaben zu negativen Einkünften i.S.d. § 2a Abs. 1 Nr. 6 EStG aus 2. Staat
p,p_c064570,1078,Staatenschlüssel (3. Staat) für übrige ausländische nach DBA steuerfreie Einkünfte (§ 2a EStG)
p,p_c064571,1078,in Kz. 540 u. 546 enthaltene positive Einkünfte i.S.d. § 2a Abs. 1 Nr. 1 EStG
p,p_c064573,1078,in Kz. 540 u. 546 enthaltene positive Einkünfte i.S.d. § 2a Abs. 1 Nr. 6 EStG
p,p_c064574,1078,Positive Einkünfte i.S.d. § 2a Abs. 1 Nr. 4 EStG aus 3. Staat (in Kz. 542 enthalten)
p,p_c064575,1078,"negative Einkünfte i.S.d. § 2a Abs. 1 Nr. 1 EStG aus 3. Staat (in Kz. 540, 542, 546 nicht enthalten)"
p,p_c064578,1078,"negative Einkünfte i.S.d. § 2a Abs. 1 Nr. 6 EStG aus 3. Staat (in Kz. 540, 542, 546 nicht enthalten)"
p,p_c064580,1078,Staatenschlüssel (4. Staat) für übrige ausländische nach DBA steuerfreie Einkünfte (§ 2a EStG)
p,p_c064581,1078,in Kz. 540 u. 546 enthaltene positive Einkünfte i.S.d. § 2a Abs. 1 Nr. 1 EStG
p,p_c064583,1078,in Kz. 540 u. 546 enthaltene positive Einkünfte i.S.d. § 2a Abs. 1 Nr. 6 EStG
p,p_c064584,1078,in Kz. 542 enthaltene positive Einkünfte i.S.d. § 2a Abs. 1 Nr. 6 EStG
p,p_c064588,1078,"negative Einkünfte i.S.d. § 2a Abs. 1 Nr. 6 EStG aus 4. Staat (in Kz. 540, 542, 546 nicht enthalten)"
p,p_c064600,1078,in den Einkünften enthaltener Hinzurechnungs- betrag i.S.d. § 10 Abs. 2 Satz 2 AStG
p,p_c064601,1078,Steuern i.S.d. § 12 Abs. 1 AStG
p,p_c064604,1078,Steuern i.S.d. § 12 Abs. 3 AStG
p,p_c064605,1078,"Betrag, um den der Gewinn lt. Kz. 100/102 um gebildete bzw. aufgelöste Inv. abzugsbeträge nach § 7g EStG korrigiert worden ist."
p,p_c064606,1078,"Betrag, um den der Gewinn lt. Kz.113 (bzw. bis 2012 114) um gebildete bzw. aufgelöste Inv. abzugsbeträge nach § 7g EStG korrigiert worden ist."
p,p_c064607,1078,Nachrichtlich: Steuerbilanzgewinn (inkl. SBV/ErgV)
p,p_c064609,1078,Nichtabziehbare Sonderbetriebsausgaben
p,p_c064610,1078,Berichtigungsbetrag i.S.d. § 1 AStG
p,p_c064611,1078,Nichtabziehbare Betriebsausgaben n. § 4 Abs. 4a EStG aus der Gewinnermittlung der Gesellschaft
p,p_c064612,1078,Nichtabziehbare Betriebsausgaben n. § 4 Abs. 4a EStG aus der Sondergewinnermittlung des Gesellschafters
p,p_c064613,1078,steuerfreie Einnahmen soweit nicht nach DBA befreit (inkl. steuerfreier Einnahmen aus Untergesellschaften)
p,p_c064614,1078,"nicht abziehbare Betriebsausgabe i.S.d. § 4 Abs. 5, 5b u. 7, §§ 4c, d, h EStG (inkl. nicht abziehbarer Betriebsausgaben aus Untergesellschaften)"
p,p_c064615,1078,nach § 50c EStG nicht zu berücksichtigende Gewinnminderung
p,p_c064616,1078,Gewinnzuschlag nach § 6b Abs. 7 EStG
p,p_c064629,1078,Mit den Einnahmen i.S.d. Kz. 639 in Zusammenhang stehende Beträge i.S.d. §3c Abs. 2 EStG
p,p_c064630,1078,"inländische Gewinne i.S.d. § 8b Abs. 2 KStG soweit sie nicht Bestandteil eines Veräußerungs- oder Aufgabegewinns i. S. d. § 16 EStG sind, ggf. §§ 12Abs. 2 S.2, 4 Abs. 7 UmwStg (vor 2007 s. Arbeitsanl."
p,p_c064635,1078,Ausländ. Gewinne i.S.d. § 8 b (2)+(3) KStG
p,p_c064639,1078,"Einnahmen i.S.d. § 3 Nr. 40 EStG (bei beteiligten Kapitalges., die zugleich Organgesellschaft sind)"
p,p_c064640,1078,Inländische Gewinnminderungen i.S.d. § 8b Abs.3 KStG
p,p_c064641,1078,Ausländ. Gewinnminderungen § 8b (3) KStG
p,p_c064643,1078,Außer Ansatz bleibender Anteil am Übernahmeverlust §4 Abs. 6 UmwStG (Gesamthandsbilanz)
p,p_c064644,1078,Erträge aus der Teilwertaufholung i.S.d. § 8b Abs. 3 Satz 8 KStG (inländ. Gesamthandsbilanz)
p,p_c064645,1078,"Erträge aus der Teilwertaufholung i. S. d § 8b Abs. 3 Satz 8 KStG (Ausland, Gesamthandsbilanz)"
p,p_c064646,1078,5 Prozent der Bezüge i.S.d. § 8b Abs. 1 KStG bei Wert- papieranleihe n. § 8b Abs. 10 (inländ. Gesamthandsbilanz)
p,p_c064648,1078,"nach § 8b Abs.10 Satz 1 KStG nicht als Betriebsausgabenabzugsfähige Entgelte für Wertpapierleihe (Inland, Gesamthandsbilanz)"
p,p_c064649,1078,nicht abzugsfähige ausländische Entgelte Wertpapierleihe (Gesamthandsbilanz)
p,p_c064651,1078,Einkünfte der Organgesellschaft
p,p_c064652,1078,"Bei der Ermittlung des Einkommens des Organträgers zu korrigierende Beträge nach § 8b KStG, § 4 Abs. 7, §§ 7, 12 Abs. 2 Satz 2 UmwStG. (Vgl. Zeile 11a der Anlage ORG zur KSt-Erklärung.) Die Auswirkung"
p,p_c064653,1078,Ende des Wirtschaftsjahres der Organgesellschaft
p,p_c064670,1078,fiktive inländische Einnahmen und/oder Bezüge i.S.d. § 8b Abs. 10 S. 2 i.V.m. S. 6 KStG (Gesamthandsbilanz)
p,p_c064680,1078,im Organeinkommen enthaltene nach § 8 Abs. 1 KStG steuerfreie Bezüge
p,p_c064681,1078,im Organeinkommen enthaltene nach § 8b Abs. 2 KStG steuerfreie Gewinne
p,p_c064682,1078,im Organeinkommen enthaltene nach DBA steuerfreie Einkünfte i.S.d. § 8b Abs. 1 KStG
p,p_c064683,1078,im Organeinkommen enthaltene Gewinnminderungen nach § 8b Abs. 3 Satz 3 bis 7 KStG
p,p_c064684,1078,im Organeinkommen enthaltene Gewinne i.S.d. § 8b Abs. 3 Satz 8 KStG
p,p_c064685,1078,im Organeinkommen enthaltene fiktive Einnahmen/Bezüge i.S.d. § 8b Abs. 10 Satz 2 KStG
p,p_c064686,1078,im Organeinkommen enthaltene 5 % der Bezüge/Gewinne i.S.d. § 8b Abs. 1 und/oder Abs. 2 KStG i. V. m. § 8b Abs. 10 KStG
p,p_c064687,1078,im Organeinkommen enthaltener Anteil an einem Übernahmeverlust i. S. d. § 4 Abs. 6 UmwStG
p,p_c064688,1078,im Organeinkommen enthaltenes der Organgesellschaft zuzurechnendes Einkommen der Organgesellschaft nach § 16 Satz 2 KStG
p,p_c064689,1078,Im Organeinkommen enthaltene positive Einkünfte eines übertragenden oder einbringenden Rechtsträgers im Rückwirkungszeitraum i.S.d. § 2 Abs. 4 Satz 3 und 4 UmwStG
p,p_c064690,1078,Korrekturbetrag bei Organschaft bzgl. KSt
p,p_c064691,1078,Korrekturbetrag aus Organschaft für ESt
p,p_c064692,1078,Steuerfreier Teil der Einkünfte im Sinne des TEV
p,p_c064698,1078,Gewinn / Verluste aus REIT-Beteiligung
p,p_c064702,1078,steuerpflichtige laufende Einkünfte nach 15a EStG
p,p_c064710,1078,in Kz. 451 enthaltene positive Einkünfte i.S.d. § 2a Abs. 1 Nr. 3 EStG (1. Staat)
p,p_c064712,1078,negative Einkünfte aus Betriebsstätte im 1. ausl. Staat
p,p_c064724,1078,"negative Einkünfte aus 1. Staat (in Kz. 540, 542 und 546 nicht enthalten)"
p,p_c064742,1078,"laufende steufreie Einkünfte i.S.d. §3 Nr.40, §3c EStG, §8b KStG nach Anwendung des §15a EStG"
p,p_c064762,1078,Korrekturbetrag zu den Entnahmen laut Gesamthandsbilanz
p,p_c064763,1078,Korrekturbetrag zu den Einlagen laut Gesamthandsbilanz
p,p_c064780,1078,verrechenbarer Verlust aus Untergesellschaften nach § 15a Abs. 4 EStG zum Ende des vorangegangenen Wirtschaftsjahres
p,p_c064781,1078,verrechenbarer Verlust aus Untergesellschaften nach § 15a Abs. 4 EStG zum Ende des laufenden Wirtschaftsjahres
p,p_c064782,1078,auf den Beteiligten entfallender personell festgestellter verrechenbarer Verlust nach § 15a Abs. 4 EStG zum Ende des vorangegangenen Wirtschaftsjahres
p,p_c064783,1078,auf den Beteiligten entfallender personell festgestellter verrechenbarer Verlust nach § 15a Abs. 4 EStG zum Ende des laufenden Wirtschaftsjahres
p,p_c064784,1078,verrechenbarer Verlust aus Untergesellschaften nach § 15b Abs. 4 EStG zum Ende des vorangegangenen Wirtschaftsjahres aus unmittelbaren bzw. mittelbaren Beteiligungen an Untergesellschaften
p,p_c064785,1078,verrechenbarer Verlust aus Untergesellschaften nach § 15b Abs. 4 EStG zum Ende des laufenden Wirtschaftsjahres aus unmittelbaren bzw. mittelbaren Beteiligungen an Untergesellschaften
p,p_c064800,1078,Einkünfte aus Gewerbebetrieb
p,p_c064804,1078,Abzuziehender steuerfreier Teil d. laufenden Einkünfte aus Gesamthandsbilanz (§ 3 Nr.40 EStG; § 8b KStG)
p,p_c064805,1078,Abzuziehender steuerfreier Teil d. laufenden Einkünfte aus Ergänzungsbilanz (§ 3 Nr.40 EStG; § 8b KStG)
p,p_c064806,1078,Abzuziehender steuerfreier Teil d. laufenden Einkünfte aus Sonderbilanz (§ 3 Nr. 40 EStG; § 8b KStG)
p,p_c064808,1078,Der nach §3 Nr. 40 EStG / §8b KStG abzuziehende steuerfreie Teil des Organeinkommens
p,p_c064810,1078,laufende Einkünfte (1. Staat)
p,p_c064811,1078,außerordentliche Einkünfte (1. Staat)
p,p_c064812,1078,laufende Einkünfte (2. Staat)
p,p_c064813,1078,außerordentliche Einkünfte (2. Staat)
p,p_c064814,1078,laufende Einkünfte (3. Staat)
p,p_c064816,1078,laufende Einkünfte (4. Staat)
p,p_c064818,1078,"Summenkennzahl ab FZTR 2002: Kz.14127 + Kz.14128 + Kz.14129 + Kz.14130 (Kz.14135 USB1ff DA, Kz.14136 da)"
p,p_c064819,1078,Veräußerungsgewinn
p,p_c064820,1078,Abzuziehender steuerfreier Teil d. Veräußerungsgewinne aus Gesamthandsbilanz (§ 3 Nr.40 EStG; § 8b KStG)
p,p_c064821,1078,Abzuziehender steuerfreier Teil d. Veräußerungsgewinne aus Ergänzungsbilanz (§ 3 Nr.40 EStG; § 8b KStG)
p,p_c064822,1078,Abzuziehender steuerfreier Teil d. Veräußerungsgewinne aus Sonderbilanz (§ 3 Nr.40 EStG; § 8b KStG)
p,p_c064823,1078,Summenkennzahl Kz.14424 + Kz.14425 + Kz.14432 + Kz.14433 wenn Kz.14135 in USB 1ff da
p,p_c064828,1078,"Einkünfte, die nach § 2a Abs 3 EStG auf Antrag berücksichtigungsfähig sind"
p,p_c064829,1078,"Einkünfte, die nach § 2a Abs 3 EStG auf Antrag berücksichtigungsfähig sind"
p,p_c064830,1078,"Einkünfte, die nach § 2a Abs 3 EStG auf Antrag berücksichtigungsfähig sind"
p,p_c064831,1078,"Einkünfte, die nach § 2a Abs 3 EStG auf Antrag berücksichtigungsfähig sind"
p,p_c064832,1078,Halbeinkünfte steuerfreier Teil - 1. Staat
p,p_c064833,1078,Halbeinkünfte steuerfreier Teil - 2. Staat
p,p_c064834,1078,Halbeinkünfte steuerfreier Teil - 3. Staat
p,p_c064835,1078,Halbeinkünfte steuerfreier Teil - 4. Staat
p,p_c064836,1078,Nicht abziehbare Betriebsausgaben nach § 8b Abs. 3 Satz 1 und Abs. 5 KStG (5 % der steuerfreien Bezüge nach § 8b Abs. 1 KStG und der steuerfreien Gewinne nach § 8b Abs. 2 KStG)
p,p_c064846,1078,laufende positive Einkünfte i.S.d. § 2a Abs 1 Nr 2 EStG
p,p_c064847,1078,negative Einkünfte i.S.d. § 2a Abs 1 Nr 2 EStG
p,p_c064848,1078,laufende positive Einkünfte i.S.d. § 2a Abs 1 Nr 2 EStG
p,p_c064849,1078,negative Einkünfte i.S.d. § 2a Abs 1 Nr 2 EStG
p,p_c064850,1078,laufende positive Einkünfte i.S.d. § 2a Abs 1 Nr 2 EStG
p,p_c064851,1078,negative Einkünfte i.S.d. § 2a Abs 1 Nr 2 EStG
p,p_c064852,1078,laufende positive Einkünfte i.S.d. § 2a Abs 1 Nr 2 EStG
p,p_c064853,1078,negative Einkünfte i.S.d. § 2a Abs 1 Nr 2 EStG
p,p_c064854,1078,"Laufende Einkünfte, die dem Progressionsvorbehalt unterliegen"
p,p_c064855,1078,"Außerordentliche Einkünfte, die dem Progressionsvorbehalt unterliegen"
p,p_c064856,1078,In Kz. 854 enthaltene positive Einkünfte i.S.d. § 2 a Abs. 1 Nr. 4 EStG
p,p_c064857,1078,In Kz. 855 enthaltene positive Einkünfte i.S.d. § 2 a Abs. 1 Nr. 4 EStG
p,p_c064858,1078,Negative Einkünfte i.S.d. § 2 a Abs. 1 Nr. 4 EStG
p,p_c064859,1078,In Kz. 854 enthaltene positive Einkünfte i.S.d. § 2 a Abs. 1 Nr. 4 EStG
p,p_c064860,1078,In Kz. 855 enthaltene positive Einkünfte i.S.d. § 2 a Abs. 1 Nr. 4 EStG
p,p_c064861,1078,Negative Einkünfte i.S.d. § 2 a Abs. 1 Nr. 4 EStG
p,p_c064862,1078,In Kz. 854 enthaltene positive Einkünfte i.S.d. § 2 a Abs. 1 Nr. 4 EStG
p,p_c064863,1078,pos. Eink. in Kz. 855 enth. 3. Staat
p,p_c064864,1078,Negative Einkünfte i.S.d. § 2 a Abs. 1 Nr. 4 EStG
p,p_c064865,1078,In Kz. 854 enthaltene positive Einkünfte i.S.d. § 2 a Abs. 1 Nr. 4 EStG
p,p_c064866,1078,In Kz. 855 enthaltene positive Einkünfte i.S.d. § 2 a Abs. 1 Nr. 4 EStG
p,p_c064867,1078,Negative Einkünfte i.S.d. § 2 a Abs. 1 Nr. 4 EStG
p,p_c064868,1078,nach § 34 c Abs. 3 EStG abzugsfähige ausl. Steuer
p,p_c064869,1078,nach § 34 c Abs. 2 EStG abzugsfähige ausl. Steuer
p,p_c064870,1078,nach § 34c Abs. 2/3 EStG abzugsfähige ausländische Steuer soweit sie auf den steuerfreien Teil von ausländischen - Halb-/Teileinkünften - entfällt
p,p_c064871,1078,nach § 34c Abs. 2/3 EStG abzugsfähige ausländische Steuer soweit sie auf den steuerpflichtigen Teil von ausländischen - Halb-/Teileinkünften - entfällt
p,p_c064900,1078,"Einkünfte aus Gewerbebetrieb, Tonnagebesteuerung"
p,p_c065100,1078,"Laufende Einkünfte aus der Gesamthandsbilanz, die nach Schlüssel zu verteilen sind"
p,p_c065102,1078,"Betriebseinnahmen / Gewinne aus der Gesamthandsbilanz, Verteilung abweichend vom Schlüssel ab 2013: Gewinne aus der Gesamthandsbilanz, Verteilung abweichend vom Schlüssel"
p,p_c065108,1078,Vergütungen für Tätigkeiten im Dienste der Gesellschaft auf gesellschaftsrechtlicher Grundlage
p,p_c065113,1078,"Die als Sonderbetriebseinnahmen zu erfassenden Vergütungen auf schuldrechtlicher Grundlage, enthalten sein müssen auch die Gewinne, die bei beteiligten natürlichen Personen dem Halb-/Teileinkünfteverf"
p,p_c065117,1078,Gewinne / Verluste aus Ergänzungsbilanzen
p,p_c065127,1078,Veräußerungs- bzw. Aufgabegewinn aus dem Sonderbetriebsvermögen
p,p_c065128,1078,Buchwertabgang aus der Ergänzungsbilanz
p,p_c065130,1078,Veräußerungsgewinne bzw Aufgabegewinne i. S. d. § 18 Abs. 3 i. V. m. § 16 EStG
p,p_c065131,1078,"1 = keine Anwendung des § 34 Abs. 1 EStG wegen Anwendung der §§ 6b, 6c EStG 2 = keine Anwendung des § 34 EStG wegen fehlender Zusammenballung"
p,p_c065134,1078,Zeitpunkt der Betriebsaufgabe / -veräußerung (USB 0) Zeitpunkt des Ausscheidens eines Mitunternehmers
p,p_c065135,1078,Zeitpunkt der Veräußerung / Aufgabe eines Teil- betriebs / Mitunternehmeranteils
p,p_c065136,1078,Zeitpunkt der Veräußerung / Aufgabe eines von der Gesellschaft gehaltenen Mitunternehmeranteils
p,p_c065140,1078,Tarifbegünstigte Einkünfte i.S.d. § 34 Abs. 2 Nr. 2 bis 4 EStG
p,p_c065144,1078,"nach §§ 6b, 6c EStG in ein anderes Betriebs- vermögen zu übertragender Gewinn"
p,p_c065145,1078,nach § 6b EStG zu übertragender Veräußerungsgewinn
p,p_c065146,1078,nicht versteuerte stille Reserven aus Veräußerung von Mitunternehmeranteilen
p,p_c065147,1078,In den Einkünften enthaltener Sanierungsgewinn
p,p_c065162,1078,Entnahmen aus Gesamthandsbilanz
p,p_c065163,1078,Einlagen in Gesamthandsbilanz
p,p_c065164,1078,Zugänge zur negativen Ergänzungsbilanz
p,p_c065165,1078,Zugänge zur positiven Ergänzungsbilanz
p,p_c065166,1078,Entnahmen aus Sonderbilanz
p,p_c065167,1078,Einlagen in Sonderbilanz
p,p_c065199,1078,Einkünfte aus Verlustzuweisungsgesellschaften i.S.d. § 2b EStG
p,p_c065210,1078,Anzahl der veräußerten Grundstücke
p,p_c065232,1078,"Feststellungen n. § 34 a Abs. 10 EStG sollen getroffen werden, bzw. eine Nachversteuerung kommt nicht mehr in Betracht, bzw. ein Tatbestand des § 34 a Abs. 6 EStG ist erfüllt."
p,p_c065233,1078,für Zwecke des §34a EStG (Begünstigung thesaurierter Gewinn): Gewinn nach §4 Abs. 1 Satz 1 oder § 5 EStG
p,p_c065234,1078,für Zwecke des §34a EStG (Begünstigung thesaurierter Gewinn): in Kz. 233 enthaltene Leistungsvergütung
p,p_c065235,1078,für Zwecke des §34a EStG (Begünstigung thesaurierter Gewinn): In Kz.. 233 enthaltener Gewinn aus der Veräußerung/Aufgabe eines Teil- Betriebs oder Mitunternehmeranteils durch die Gesellschaft
p,p_c065250,1078,"Staatenschlüssel (1. Staat) zu ausländischen Einkünften (§ 2a EStG, § 34c Abs. 1,3,5 EStG)"
p,p_c065251,1078,in den Einkünften enthaltene Einkünfte aus 1. Staat insgesamt
p,p_c065255,1078,die Einkünfte aus ausländischen Dividenden (ggf. einschl. Avoir fiscal) - 100%
p,p_c065257,1078,in Kz. 251 enthaltene positive Einkünfte i.S.d. § 2a Abs. 1 Nr. 3 EStG
p,p_c065261,1078,in Kz. 251 enthaltene positive Einkünfte i.S.d. § 2a Abs. 1 Nr. 6 EStG
p,p_c065262,1078,"Datum der Erklärung bzw. des An trags nach § 34c Abs. 2 EStG, wenn Einerwert bei Kz. 273 = 1"
p,p_c065263,1078,ausländische Steuern zu Kz. 251
p,p_c065264,1078,Antrag auf Abzug der ausländischen Steuer nach § 34c Abs. 2 EStG
p,p_c065266,1078,"in Kz. 263 enthaltene ausländische Steuern, soweit sie auf Halb-/Teileinkünfte entfallen."
p,p_c065273,1078,"Steuerungskennzahl für die a) Berücksichtigung nach § 34c Abs. 1, Abs. 3 oder Abs. 5 EStG bzw. b) Auswahl des Investmentfonds"
p,p_c065280,1078,"Staatenschlüssel (2. Staat) zu ausländischen Einkünften (§ 2a EStG, § 34c Abs. 1,3,5 EStG)"
p,p_c065281,1078,in den Einkünften enthaltene Einkünfte aus 2. Staat insgesamt
p,p_c065285,1078,die Einkünfte aus ausländischen Dividenden (ggf. einschl. Avoir fiscal) - 100%
p,p_c065287,1078,in Kz. 281 enthaltene positive Einkünfte i.S.d. § 2a Abs. 1 Nr. 3 EStG
p,p_c065292,1078,"Datum der Erklärung bzw. des Antrags nach § 34c Abs. 2 EStG, wenn Einerwert bei Kz. 303 = 1"
p,p_c065293,1078,ausländische Steuern zu Kz. 281
p,p_c065294,1078,Antrag auf Abzug der ausländischen Steuer nach § 34c Abs. 2 EStG
p,p_c065296,1078,"in Kz. 293 enthaltene ausländische Steuern, soweit sie auf Halb-/Teileinkünfte entfallen."
p,p_c065303,1078,"Steuerungskennzahl für die a) Berücksichtigung nach § 34c Abs. 1, Abs. 3 oder Abs. 5 EStG bzw. b) Auswahl des Investmentfonds"
p,p_c065310,1078,"Staatenschlüssel (3. Staat) zu ausländischen Einkünften (§ 2a EStG, § 34c Abs. 1,3,5 EStG)"
p,p_c065311,1078,in den Einkünften enthaltene Einkünfte aus 3. Staat insgesamt
p,p_c065315,1078,die Einkünfte aus ausländischen Dividenden (ggf. einschl. Avoir fiscal) - 100%
p,p_c065317,1078,in Kz. 311 enthaltene positive Einkünfte i.S.d. § 2a Abs. 1 Nr. 3 EStG
p,p_c065322,1078,"Datum der Erklärung bzw. des Antrags nach § 34c Abs. 2 EStG, wenn Einerwert bei Kz. 333 = 1"
p,p_c065323,1078,ausländische Steuern zu Kz. 311
p,p_c065324,1078,Antrag auf Abzug der ausländischen Steuer nach § 34c Abs. 2 EStG
p,p_c065326,1078,"in Kz. 323 enthaltene ausländische Steuern, soweit sie auf Halb-/Teileinkünfte entfallen."
p,p_c065333,1078,"Steuerungskennzahl für die a) Berücksichtigung nach § 34c Abs. 1, Abs. 3 oder Abs. 5 EStG bzw. b) Auswahl des Investmentfonds"
p,p_c065340,1078,"Staatenschlüssel (4. Staat) zu ausländischen Einkünften (§ 2a EStG, § 34c Abs. 1,3,5 EStG)"
p,p_c065341,1078,in den Einkünften enthaltene Einkünfte aus 4. Staat insgesamt
p,p_c065345,1078,die Einkünfte aus ausländischen Dividenden (ggf. einschl. Avoir fiscal) - 100%
p,p_c065347,1078,in Kz. 341 enthaltene positive Einkünfte i.S.d. § 2a Abs. 1 Nr. 3 EStG
p,p_c065352,1078,"Datum der Erklärung bzw. des Antrags nach § 34c Abs. 2 EStG, wenn Kz. 363 = 1"
p,p_c065353,1078,ausländische Steuern zu Kz. 341
p,p_c065354,1078,Antrag auf Abzug der ausländischen Steuer nach § 34c Abs. 2 EStG
p,p_c065356,1078,"in Kz. 353 enthaltene ausländische Steuer, soweit sie auf Halb-/Teileinkünfte entfallen."
p,p_c065363,1078,"Steuerungskennzahl für die a) Berücksichtigung nach § 34c Abs. 1, Abs. 3 oder Abs. 5 EStG bzw. b) Auswahl des Investmentfonds"
p,p_c065370,1078,Einkünfte aus Aktienfonds i.S.d. § 2 Abs. 6 InvStG
p,p_c065372,1078,Einkünfte aus Mischfonds i.S.d. § 2 Abs. 7 InvStG
p,p_c065374,1078,Einkünfte aus Immobilienfonds i.S.d. § 2 Abs. 9 Satz 1 InvStG
p,p_c065410,1078,Handelsrechtlicher Gewinn oder Verlust nach dem allgemeinen Gewinnverteilungsschlüssel zu verteilen
p,p_c065411,1078,Handelsrechtlicher Gewinn oder Verlust abweichend vom allgemeinen Gewinnverteilungsschlüssel zu verteilen
p,p_c065419,1078,"Nach §§ 3 Nr. 40, 3c Abs.2 EStG stfr. Anteile aus Einkünften (lfd / VG) aus der Beteiligung an einer anderen Personengesellschaft, wenn bei der Feststellung, aus der diese Einkünfte stammen, § 15a ES"
p,p_c065420,1078,"In den Einkünften enthaltenen in- und ausländischen Dividenden und ähnlichen Erträge, die bei beteiligten natürlichen Personen dem Halb-/Teileinkünfteverfahren unterliegen - nach allgemeinem Gewinnverteilungsschlüssel verteilt."
p,p_c065421,1078,Inl. u. ausl. Dividenden u. ähnliche Erträge nach Halb-/Teileinkünfteverfahren - nicht nach Schlüssel verteilt
p,p_c065424,1078,Veräußerungsgewinne nach Halb-/Teileinkünfteverfahren
p,p_c065425,1078,Veräußerungsgewinne aus dem Gesamthandsvermögen nach Halb-/Teileinkünfteverfahren - nicht n. Schlüssel verteilt
p,p_c065430,1078,"Gewinne/Verluste aus Ergänzungsbilanzen, die dem Halb-/Teileinkünfteverfahren unterliegen"
p,p_c065431,1078,"Gewinne/Verluste aus Sonderbilanz, die dem Halb-/Teileinkünfteverfahren unterliegen"
p,p_c065432,1078,(anteiliger) Buchwertabgang aus der Ergänzungsbilanz (Halb-/Teileinkünfteverfahren bzw. § 8 b KStG)
p,p_c065433,1078,Veräußerungsgewinne/-verluste aus Sonderbilanzen (Halb-/Teileinkünfteverfahren bzw. § 8 b KStG)
p,p_c065435,1078,Leistungsvergütung § 18 (1)4 EStG 50 % steuerfrei
p,p_c065436,1078,Leistungsvergütung § 18 (1)4 EStG 40 % steuerfrei
p,p_c065540,1078,"laufende Einkünfte, die dem Progressionsvorbehalt unterliegen"
p,p_c065541,1078,"Sonderbetriebseinnahmen, -ausgaben zu laufenden Einkünften unter Progressionsvorbehalt"
p,p_c065542,1078,"außerordentliche Einkünfte, die dem Progressionsvorbehalt unterliegen"
p,p_c065543,1078,"Sonderbetriebseinnahmen, -ausgaben zu außerordentlichen Einkünften unter Progressionsvorbehalt"
p,p_c065550,1078,Staatenschlüssel (1. Staat) für übrige ausländische nach DBA steuerfreie Einkünfte (§ 2a EStG)
p,p_c065600,1078,in den Einkünften enthaltener Hinzurechnungsbetrag i.S.d. § 10 Abs. 2 Satz 2 AStG
p,p_c065601,1078,Steuern i.S.d. § 12 Abs. 1 AStG
p,p_c065605,1078,"Betrag, um den der Gewinn lt. Kz. 100/102 um gebildete bzw. aufgelöste Inv.abzugsbeträge nach § 7g EStG korrigiert worden ist."
p,p_c065607,1078,Nachrichtlich: Steuerbilanzgewinn (inkl. SBV/ErgV)
p,p_c065609,1078,Nichtabziehbare Sonderbetriebsausgaben
p,p_c065610,1078,Berichtigungsbetrag i.S.d. § 1 AStG
p,p_c065611,1078,Nichtabziehbare Betriebsausgaben n. § 4 Abs. 4a EStG aus der Gewinnermittlung der Gesellschaft
p,p_c065612,1078,Nichtabziehbare Betriebsausgaben n. § 4 Abs. 4a EStG aus der Sondergewinnermittlung des Gesellschafters
p,p_c065613,1078,steuerfreie Einnahmen soweit nicht nach DBA befreit (inkl. steuerfreier Einnahmen aus Untergesellschaften)
p,p_c065614,1078,"nicht abziehbare Ausgaben i.S.d. § 4 Abs. 5, 5b u. 7, §§ 4c, d, h EStG (inkl. nicht abziehbarer Betriebsausgaben aus Untergesellschaften)"
p,p_c065616,1078,Gewinnzuschlag nach § 6b Abs. 7 EStG
p,p_c065742,1078,"laufende steuerfreie Einkünfte i.S.d. § 3 Nr. 40, § 3c EStG nach Anwendung des § 15a EStG"
p,p_c065780,1078,verrechenbarer Verlust aus Untergesellschaften nach § 15a Abs. 4 EStG zum Ende des vorangegangenen Wirtschaftsjahres
p,p_c065781,1078,verrechenbarer Verlust aus Untergesellschaften nach § 15a Abs. 4 EStG zum Ende des laufenden Wirtschaftsjahres
p,p_c065804,1078,Abzuziehender steuerfreier Teil d. laufenden Einkünfte aus Gesamthandsbilanz (§ 3 Nr.40 EStG; § 8b KStG)
p,p_c065805,1078,Abzuziehender steuerfreier Teil d. laufenden Einkünfte aus Ergänzungsbilanz (§ 3 Nr.40 EStG; § 8b KStG)
p,p_c065806,1078,Abzuziehender steuerfreier Teil d. laufenden Einkünfte aus Sonderbilanz (§ 3 Nr.40 EStG; § 8b KStG)
p,p_c065818,1078,"Summenkennzahl ab FZTR 2002: Kz.15127 + Kz.15128 + Kz.15129 + Kz.15130 (Kz.15135 USB1ff DA, Kz.15136 da)"
p,p_c065819,1078,Veräußerungsgewinn
p,p_c065820,1078,Abzuziehender steuerfreier Teil d. Veräußerungsgewinne aus Gesamthandsbilanz (§3 Nr.40 EStG; § 8b KStG)
p,p_c065821,1078,Abzuziehender steuerfreier Teil d. Veräußerungsgewinne aus Ergänzungsbilanz (§3 Nr. 40 EStG; § 8b KStG)
p,p_c065822,1078,Abzuziehender steuerfreier Teil d. Veräußerungsgewinne aus Sonderbilanz (§3 Nr.40 EStG; § 8b KStG)
p,p_c065823,1078,Summenkennzahl Kz.15424 + Kz.15425 + Kz.15432 + Kz.15433 wenn Kz.15135 in USB 1ff da
p,p_c065832,1078,Halbeinkünfte steuerfreier Teil - 1. Staat
p,p_c065833,1078,Halbeinkünfte steuerfreier Teil - 2. Staat
p,p_c065834,1078,Halbeinkünfte steuerfreier Teil - 3. Staat
p,p_c065835,1078,Halbeinkünfte steuerfreier Teil - 4. Staat
p,p_c065854,1078,"Laufende Einkünfte, die dem Progressionsvorbehalt unterliegen"
p,p_c065855,1078,"Außerordentliche Einkünfte, die dem Progressionsvorbehalt unterliegen"
p,p_c065868,1078,nach § 34 c Abs. 3 EStG abzugsfähige ausl. Steuer
p,p_c065869,1078,nach § 34 c Abs. 2 EStG abzugsfähige ausl. Steuer
p,p_c065870,1078,nach § 34c Abs. 2/3 EStG abzugsfähige ausländische Steuer soweit sie auf den steuerfreien Teil von ausländischen - Halb-/Teileinkünften - entfällt
p,p_c065871,1078,nach § 34c Abs. 2/3 EStG abzugsfähige ausländische Steuer soweit sie auf den steuerpflichtigen Teil von ausländischen - Halb-/Teileinkünften - entfällt
p,p_c066100,1078,"Einkünfte, die nach Schlüssel zu verteilen sind"
p,p_c066102,1078,"Einnahmen/Überschüsse, die abweichend vom allgemeinen Schlüssel zu verteilen sind ab 2013: Saldo von Einnahmen und Werbungskosten, die abweichend vom allgemeinen Schlüssel zu verteilen sind"
p,p_c066113,1078,Übrige Sondereinnahmen / persönlich erzielte Einnahmen ab 2013: Saldo der Sondereinnahmen und Sonderwerbungs- kosten
p,p_c066117,1078,Überschüsse / Verluste aus Ergänzungsvermögen
p,p_c066140,1078,Tarifbegünstige Einkünfte i.S.d. § 24 Nr. 1 u. 3 EStG
p,p_c066162,1078,Entnahmen aus Gesamthandsbilanz
p,p_c066163,1078,Einlagen in Gesamthandsbilanz
p,p_c066164,1078,Entnahmen aus Ergänzungsbilanz
p,p_c066165,1078,Einlagen in Ergänzungsbilanz
p,p_c066199,1078,Einkünfte aus Verlustzuweisungsgesellschaften i.S.d. § 2 b EStG
p,p_c066204,1078,Sonder-WK für typ. stille Unterbeteiligung
p,p_c066210,1078,Anzahl der veräußerten Grundstücke
p,p_c066250,1078,Staatenschlüssel (1. Staat)
p,p_c066251,1078,In den Einkünften enthaltene Einkünfte aus 1. Staat insgesamt (ohne negative Einkünfte § 2a ABS. 1 EStG)
p,p_c066261,1078,In Kz. 251 enthaltene positive Einkünfte i.S.d. § 2 a Abs. 1 Nr. 6 EStG
p,p_c066262,1078,"Datum der Erklärung bzw. des Antrags nach § 34 c Abs. 2 EStG, wenn Kz. 273 = 1"
p,p_c066263,1078,Ausländische Steuern zu Kz. 251
p,p_c066264,1078,Antrag auf Abzug der ausl. Steuer nach § 34 c Abs. 2 EStG
p,p_c066271,1078,Anteilige ausländische Steuern zu Kz. 261/277
p,p_c066273,1078,"Berücksichtigung nach 34 c Abs. 1 , Abs. 3 oder Abs. 5 EStG"
p,p_c066277,1078,In den Einkünften nicht enthaltene negative Einkünfte i.S.d. § 2 a Abs. 1 Nr. 6 EStG
p,p_c066280,1078,Staatenschlüssel (2. Staat)
p,p_c066281,1078,In den Einkünften enthaltene Einkünfte aus 2. Staat insgesamt (ohne negative Einkünfte § 2a Abs. 1 EStG)
p,p_c066291,1078,In Kz. 281 enthaltene positive Einkünfte i.S.d. § 2 a Abs. 1 Nr. 6 EStG
p,p_c066292,1078,"Datum der Erklärung bzw. des Antrags nach § 34 c Abs. 2 EStG, wenn Kz. 273 = 1"
p,p_c066293,1078,Ausländische Steuern zu Kz. 281
p,p_c066303,1078,"Berücksichtigung nach 34 c Abs. 1, Abs. 3 oder Abs. 5 EStG"
p,p_c066307,1078,In den Einkünften nicht enthaltene negative Einkünfte i.S.d. § 2 a Abs. 1 Nr. 6 EStG
p,p_c066310,1078,Staatenschlüssel (3. Staat)
p,p_c066311,1078,In den Einkünften enthaltene Einkünfte aus 3. Staat insgesamt (ohne negative Einkünfte § 2a Abs. 1 EStG)
p,p_c066322,1078,"Datum der Erklärung bzw. des Antrags nach § 34 c Abs. 2 EStG, wenn Kz. 273 = 1"
p,p_c066323,1078,Ausländische Steuern zu Kz. 311
p,p_c066333,1078,"Berücksichtigung nach 34 c Abs. 1, Abs. 3 oder Abs. 5 EStG"
p,p_c066337,1078,In den Einkünften nicht enthaltene negative Einkünfte i.S.d. § 2 a Abs. 1 Nr. 6 EStG
p,p_c066340,1078,Staatenschlüssel (4. Staat)
p,p_c066341,1078,In den Einkünften enthaltene Einkünfte aus 4. Staat insgesamt (ohne negative Einkünfte §2a Abs. 1 EStG)
p,p_c066352,1078,"Datum der Erklärung bzw. des Antrags nach § 34 c Abs. 2 EStG, wenn Kz. 273 = 1"
p,p_c066353,1078,Ausländische Steuern zu Kz. 341
p,p_c066363,1078,"Berücksichtigung nach 34 c Abs. 1 , Abs. 3 oder Abs. 5 EStG"
p,p_c066410,1078,Handelsrechtlicher Gewinn oder Verlust nach dem allgemeinen Gewinnverteilungsschlüssel zu verteilen
p,p_c066411,1078,Handelsrechtlicher Gewinn oder Verlust abweichend vom allgemeinen Gewinnverteilungsschlüssel zu verteilen
p,p_c066540,1078,Laufende Einkünfte unter Progressionsvorbehalt (ohne negative Einkünfte § 2a EStG / ohne Kz. 541)
p,p_c066541,1078,Sondereinnahmen bzw. -werbungskosten zu Einkünften unter Progressionsvorbehalt (nicht in Kz. 540)
p,p_c066542,1078,Außerordentliche Einkünfte unter Progressionsvorbehalt (ohne neg. Einkünfte § 2a Abs.1 EStG/ Kz. 543)
p,p_c066543,1078,Sondereinnahmen bzw. -werbungskosten außerordentliche Einkünfte unter Progressionsvorbeh. (nicht in Kz.542)
p,p_c066546,1078,"Gewinne und Verluste aus einer Ergänzungsbilanz, die in Zusammenhang mit lfd. Einkünften stehen"
p,p_c066550,1078,Staatenschlüssel (1. Staat) für übrige ausländische nach DBA steuerfreie Einkünfte( § 2a EStG)
p,p_c066553,1078,Positive Einkünfte i.S.d. § 2 a Abs. 1 Nr. 6 EStG aus 1. Staat (in Kz. 540 enthalten)
p,p_c066554,1078,Positive Einkünfte i.S.d. § 2 a Abs. 1 Nr. 6 EStG aus 1. Staat (in Kz. 542 enthalten)
p,p_c066556,1078,Beträge zu positiven Einkünften i.S.d. § 2 a Abs. 1 Nr. 6 EStG aus 1. Staat (in Kz. 541 enthalten)
p,p_c066558,1078,"Negative Einkünfte i.S.d. § 2 a Abs. 1 Nr. 6 EStG aus 1. Staat (nicht in Kz. 540,542 / ohne Kz. 559)"
p,p_c066559,1078,"Sondereinnahmen bzw.-werbungskosten zu neg. Einkünften 1. Staat (nicht in Kz. 541,543,558)"
p,p_c066560,1078,Staatenschlüssel ( 2. Staat) für übrige ausländische nach DBA steuerfreie Einkünfte (§ 2a EStG)
p,p_c066563,1078,Positive Einkünfte i.S.d. § 2 a Abs. 1 Nr. 6 EStG aus 2. Staat (in Kz. 540 enthalten)
p,p_c066564,1078,Positive Einkünfte i.S.d. § 2 a Abs. 1 Nr. 6 EStG aus 2. Staat (in Kz. 542 enthalten)
p,p_c066566,1078,Beträge zu positiven Einkünften i.S.d. § 2 a Abs. 1 Nr. 6 EStG aus 2. Staat (in Kz. 541 enthalten)
p,p_c066568,1078,"Negative Einkünfte i.S.d. § 2 a Abs. 1 Nr. 6 EStG aus 2. Staat (nicht in Kz. 540,542 /ohne Kz. 569)"
p,p_c066569,1078,"Sondereinnahmen bzw.-werbungskosten zu negativen Einkünften aus 2. Staat (nicht in Kz. 541,543,568)"
p,p_c066570,1078,Staatenschlüssel (3. Staat) für übrige ausländische nach DBA steuerfreie Einkünfte (§ 2a EStG)
p,p_c066578,1078,"Negative Einkünfte i.S.d. § 2 a Abs. 1 Nr. 6 EStG aus 3. Staat (nicht in Kz. 540,542 /ohne Kz. 579)"
p,p_c066580,1078,Staatenschlüssel (4. Staat) für übrige ausländische nach DBA steuerfreie Einkünfte (§ 2a EStG)
p,p_c066588,1078,"Negative Einkünfte i.S.d. § 2 a Abs. 1 Nr. 6 EStG aus 4. Staat (nicht in Kz. 540,542 /ohne Kz. 589)"
p,p_c066613,1078,positive Einkünfte aus Kapitalvermögen für Korrektur § 15a EStG
p,p_c066614,1078,Nicht abziehbare Werbungskosten bei Vermietung und Verpachtung
p,p_c066702,1078,Steuerpflichtige laufende Einkünfte nach § 15 a EStG
p,p_c066780,1078,verrechenbarer Verlust aus Untergesellschaften nach § 15a Abs. 4 EStG zum Ende des vorangegangenen Wirtschaftsjahres
p,p_c066781,1078,verrechenbarer Verlust aus Untergesellschaften nach § 15a Abs. 4 EStG zum Ende des laufenden Wirtschaftsjahres
p,p_c066783,1078,auf den Beteiligten entfallender personell festgestellter verrechenbarer Verlust nach § 15a Abs. 4 EStG zum Ende des laufenden Wirtschaftsjahres
p,p_c066784,1078,verrechenbarer Verlust aus Untergesellschaften nach § 15b Abs. 4 EStG zum Ende des vorangegangenen Wirtschaftsjahres aus unmittelbaren bzw. mittelbaren Beteiligungen an Untergesellschaften
p,p_c066785,1078,verrechenbarer Verlust aus Untergesellschaften nach § 15b Abs. 4 EStG zum Ende des laufenden Wirtschaftsjahres aus unmittelbaren bzw. mittelbaren Beteiligungen an Untergesellschaften
p,p_c066854,1078,"Laufende Einkünfte, die dem Progressionsvorbehalt unterliegen"
p,p_c066855,1078,"Außerordentliche Einkünfte, die dem Progressionsvorbehalt unterliegen"
p,p_c066856,1078,In Kz. 854 enthaltene positive Einkünfte i.S.d. § 2 a Abs. 1 Nr. 4 EStG
p,p_c066857,1078,In Kz. 855 enthaltene positive Einkünfte i.S.d. § 2 a Abs. 1 Nr. 4 EStG
p,p_c066858,1078,Negative Einkünfte i.S.d. § 2 a Abs. 1 Nr. 4 EStG
p,p_c066859,1078,In Kz. 854 enthaltene positive Einkünfte i.S.d. § 2 a Abs. 1 Nr. 4 EStG
p,p_c066860,1078,In Kz. 855 enthaltene positive Einkünfte i.S.d. § 2 a Abs. 1 Nr. 4 EStG
p,p_c066861,1078,Negative Einkünfte i.S.d. § 2 a Abs. 1 Nr. 4 EStG
p,p_c066864,1078,Negative Einkünfte i.S.d. § 2 a Abs. 1 Nr. 4 EStG
p,p_c066867,1078,Negative Einkünfte i.S.d. § 2 a Abs. 1 Nr. 4 EStG
p,p_c066868,1078,nach § 34 c Abs. 3 EStG abzugsfähige ausl. Steuer
p,p_c066869,1078,nach § 34 c Abs. 2 EStG abzugsfähige ausl. Steuer
p,p_c067140,1078,Tarifbegünstige Einnahmen i.S.d. § 34 Abs. 2 Nr. 2 bis 4 EStG (bis 1998: § 24 Nr. 1 und 3 EStG) ab 2009: Tarifbegünstigte Einkünfte i.S.d. § 34 Abs.2 Nr. 2 bis 4 EStG
p,p_c067196,1078,Einkünfte i.S.d. § 49 EStG
p,p_c067451,1078,"Kapitalerträge, die dem Steuerabzug unterlegen haben (lt. Steuerbescheinigung)"
p,p_c067452,1078,in Kz. 451 bzw. Kz. 458 enthaltene Gewinne aus der Veräußerung von Kapitalanlagen i.S.d. § 20 Abs. 2 EStG (lt. Steuerbescheinigung)
p,p_c067453,1078,in Kz. 452 enthaltene Gewinne aus Aktienveräußerungen i.S.d. § 20 Abs.2 Satz 1 Nr.1 EStG
p,p_c067454,1078,in Kz. 451 enth. Stillhalterprämien i.S.d. § 20 Abs. 1 Nr. 11 EStG
p,p_c067455,1078,"in Kz. 451 enthaltene Kapitalerträge, die mit der Ersatzbemessungsgrundlage i.S.d. § 43a Abs. 2 EStG dem Steuerabzug unterlagen"
p,p_c067456,1078,nicht ausgeglichene Verluste ohne Verluste aus Aktienveräußerungen (lt. Steuerbescheinigung)
p,p_c067457,1078,nicht ausgeglichene Verluste aus Aktienveräußerungen i.S.d. § 20 Abs. 2 S. 1 Nr. 1 (lt. Steuerbescheinigung)
p,p_c067458,1078,"Kapitalerträge, die dem Steuerabzug unterlegen haben (lt. Steuerbescheinigung) (individuell verteilt)"
p,p_c067461,1078,in Kz. 451 enthalt. VG aus bestandsgeschützten Alt-Anteilen
p,p_c067471,1078,"von der Steuerbescheinigung abweichender Ansatz von Kapitalerträgen, die dem Steuerabzug unterlegen haben"
p,p_c067472,1078,in Kz. 471 bzw. Kz. 478 enthaltene Gewinne aus der Veräußerung von Kapitalanlagen i.S.d. § 20 Abs. 2 EStG
p,p_c067473,1078,in Kz. 472 enthaltene Gewinne aus Aktienveräußerungen i.S.d. § 20 Abs. 2 Satz 1 Nr. 1 EStG
p,p_c067474,1078,in Kz. 471 enth. Stillhalterprämien i.S.d. § 20 Abs. 1 Nr. 11 EStG
p,p_c067475,1078,"in Kz. 471 enthaltene Kapitalerträge, die mit der Ersatzbemessungsgrundlage i.S.d. § 43a Abs. 2 EStG dem Steuerabzug unterlagen"
p,p_c067476,1078,von der Steuerbescheinigung abweichender Ansatz von nicht ausgeglichenen Verlusten (ohne Verluste aus Aktienveräußerungen)
p,p_c067477,1078,von der Steuerbescheinigung abweichender Ansatz von nicht ausgeglichenen Verlusten aus Aktienveräußerungen i.S.d. § 20 Abs. 1 S. 1 Nr. 1 EStG
p,p_c067478,1078,"von der Steuerbescheinigung abweichender Ansatz von Kapitalerträgen, die dem Steuerabzug unterlegen haben (individuell verteilt)"
p,p_c067481,1078,in Kz. 471 enthalt. korrigierte VG aus bestandsgesch. Alt-Anteilen
p,p_c067491,1078,"(ab 2012: inländische) Kapitalerträge, die nicht dem Steuerabzug unterlegen haben (ohne Gewinne lt. Kz. 498 und 499)"
p,p_c067492,1078,in Kz. 491 enthaltene Gewinne von Kapitalanlagen i.S.d. § 20 Abs. 2 EStG
p,p_c067493,1078,in Kz. 492 enthaltene Gewinne aus Aktienveräußerungen i.S.d. § 20 Abs. 2 Satz 1 Nr. 1 EStG
p,p_c067494,1078,in Kz. 491 enth. Stillhalterprämien i.S.d. § 20 Abs. 1 Nr. 11 EStG
p,p_c067495,1078,"Einkünfte einer ausländischen Familienstiftung, die nicht der tariflichen Einkommensteuer unterliegen"
p,p_c067496,1078,in Kz. 491/711 enthaltene Verluste ohne Verluste aus der Veräußerung von Aktien
p,p_c067497,1078,in Kz. 491/711 enthaltene Verluste aus der Veräußerung von Aktien i.S.d. § 20 Abs. 2 Satz 1 Nr. 1 EStG
p,p_c067498,1078,Gewinne/Verluste aus der Veräußerung anteiliger Wirtschaftsgüter durch die Gesellschaft
p,p_c067499,1078,in Kz. 498 enthaltene Gewinne/Verluste aus Aktienveräußerungen
p,p_c067501,1078,in Kz. 711 VG aus bestandsgesch. Alt-Anteilen nach § 56 Abs. 6 Satz 1 Nr. 2 InvStG
p,p_c067511,1078,"laufende Einkünfte aus sonstigen Kapitalforderungen jeder Art aus stiller Gesellschaft und partiarischen Darlehen, soweit sie der tariflichen Einkommensteuer unterliegen (§ 32d Abs. 2 Nr. 1 EStG)"
p,p_c067512,1078,Hinzurechnungsbeträge nach § 10 AStG
p,p_c067513,1078,Beträge i. S. d. § 32d Abs. 2 Nr. 4 EStG / § 8b Abs. 1 Satz 2 KStG
p,p_c067514,1078,Lebensversicherungserträge i.S.d. § 20 Abs. 1 Nr. 6 S. 2 EStG. Einzutragen ist der volle Betrag lt. Steuerbescheinigung.
p,p_c067518,1078,Gewinne/Verluste aus der Veräußerung oder Einlösung von Kapitalanlagen lt. Kz. 511
p,p_c067519,1078,"Einkünfte einer ausländischen Familienstiftung, die der tariflichen Einkommensteuer unterliegen"
p,p_c067540,1078,"Laufende Einkünfte i.S.d. § 32d Abs. 2 EStG, die dem Progressionsvorbehalt unterliegen ohne negative Einkünfte i.S.d. § 2a Abs. 1 EStG)"
p,p_c067547,1078,"Laufende Einkünfte i.S.d. § 32d Abs. 1 EStG, die ggf. dem Progressionsvorbehalt unterliegen (ohne negative Einkünfte i.S.d. § 2a Abs. 1 EStG)"
p,p_c067600,1078,In den Einkünften enthaltener Hinzurechnungsbetrag i.S.d. § 10 Abs. 2 Satz 1 AStG
p,p_c067601,1078,Steuern i.S.d. § 12 Abs. 1 AStG
p,p_c067604,1078,Steuern i.S.d. § 12 Abs. 3 AStG
p,p_c067711,1078,"ausländische Kapitalerträge, die nicht dem Steuerabzug unterlegen haben (ohne Gewinne lt. Kz. 498 und 499)"
p,p_c067719,1078,Gewinne/Verluste aus der Veräußerung anteiliger Wirtschaftsgüter durch einzelne Beteiligte
p,p_c067720,1078,in Kz. 719 enthaltene Gewinne/Verluste aus Aktienveräußerungen
p,p_c067752,1078,nach 15 b EStG Einkünfte ohne § 32d Abs. 1 EStG
p,p_c067800,1078,"Einnahmen aus Kapitalvermögen, nicht aus stiller Beteiligung; (personell: Einnahmen aus Kapitalvermögen)"
p,p_c067854,1078,"Laufende Einkünfte, die dem Progressionsvorbehalt unterliegen"
p,p_c068100,1078,"Einnahmen (ggf. Ertragsanteil) aus wiederkehrenden Bezügen, die nach Schlüssel zu verteilen sind"
p,p_c068102,1078,"Einnahmen (ggf. Ertragsanteil) aus wiederkehrenden Bezügen, abweichend vom allg. Schlüssel zu verteilen"
p,p_c068103,1078,Einnahmen aus Leistungen i.S.d. § 22 Nr.3 EStG
p,p_c068104,1078,"Werbungskosten zu den Einnahmen aus wiederkehrenden Bezügen, die nach Schlüssel zu verteilen sind"
p,p_c068106,1078,"Werbungskosten zu Einnahmen aus wiederkehrenden Bezügen, Verteilung abweichend vom allg. Schlüssel"
p,p_c068107,1078,Werbungskosten zu Einnahmen aus Leistungen i.S.d. § 22 Nr.3 EStG
p,p_c068114,1078,Werbungskosten zu den Einnahmen aus Leistungen i.S.d. §22 Nr. 3 EStG
p,p_c068115,1078,Einkünfte aus privaten Veräußerungs- und Spekulationsgeschäften
p,p_c068116,1078,Einkünfte aus Leistungen i.S.d. § 22 Nr. 3 EStG
p,p_c068119,1078,Einkünfte aus Sterbegeldzahlungen i.S.d. § 22 Nr. 4 EStG
p,p_c068140,1078,Tarifbegünstige Einkünfte i.S.d. § 24 Nr. 1 u. 3 EStG
p,p_c068141,1078,Werbungskosten zu Entschädigungen für wiederkehrende Bezüge
p,p_c068210,1078,Anzahl der veräußerten Grundstücke
p,p_c068250,1078,Staatenschlüssel (1. Staat)
p,p_c068251,1078,In den Einkünften enthaltene Einkünfte aus 1. Staat insgesamt (ohne negative Einkünfte § 2a Abs. 1 EStG)
p,p_c068262,1078,"Datum der Erklärung bzw. des Antrags nach § 34 c Abs. 2 EStG, wenn Kz. 273 = 1"
p,p_c068263,1078,Ausländische Steuern zu Kz. 251
p,p_c068264,1078,Antrag auf Abzug der ausl. Steuer nach § 34 c Abs. 2 EStG
p,p_c068273,1078,"Berücksichtigung nach 34 c Abs. 1 , Abs. 3 oder Abs. 5 EStG"
p,p_c068280,1078,Staatenschlüssel (2. Staat)
p,p_c068281,1078,In den Einkünften enthaltene Einkünfte aus 2. Staat insgesamt (ohne negative Einkünfte § 2a Abs. 1 EStG)
p,p_c068292,1078,"Datum der Erklärung bzw. des Antrags nach § 34 c Abs. 2 EStG, wenn Kz. 303 = 1"
p,p_c068293,1078,Ausländische Steuern zu Kz. 281
p,p_c068303,1078,"Berücksichtigung nach 34 c Abs. 1 , Abs. 3 oder Abs. 5 EStG"
p,p_c068310,1078,Staatenschlüssel (3. Staat)
p,p_c068311,1078,In den Einkünften enthaltene Einkünfte aus 3. Staat insgesamt (ohne negative Einkünfte § 2a Abs. 1 EStG)
p,p_c068322,1078,"Datum der Erklärung bzw. des Antrags nach § 34 c Abs. 2 EStG, wenn Kz.. 333 = 1"
p,p_c068323,1078,Ausländische Steuern zu Kz.. 311
p,p_c068333,1078,"Berücksichtigung nach 34 c Abs. 1 , Abs. 3 oder Abs. 5 EStG"
p,p_c068340,1078,Staatenschlüssel (4. Staat)
p,p_c068341,1078,In den Einkünften enthaltene Einkünfte aus 4. Staat insgesamt (ohne negative Einkünfte § 2a Abs. 1 EStG)
p,p_c068352,1078,"Datum der Erklärung bzw. des Antrags nach § 34 c Abs. 2 EStG, wenn Kz. 363 = 1"
p,p_c068353,1078,Ausländische Steuern zu Kz. 341
p,p_c068363,1078,"Berücksichtigung nach 34 c Abs. 1 , Abs. 3 oder Abs. 5 EStG"
p,p_c068540,1078,"Laufende Einkünfte, die dem Progressionsvorbehalt unterliegen"
p,p_c068542,1078,"Außerordentliche Einkünfte, die dem Progressionsvorbehalt unterliegen"
p,p_c068800,1078,Einnahmen (ggf. Ertragsanteil) aus wiederkehrenden Bezügen; (bei personeller Speicherung: Einkünfte)
p,p_c068801,1078,Werbungskosten zu den Einnahmen aus wiederkehrenden Bezügen
p,p_c068854,1078,"Laufende Einkünfte, die dem Progressionsvorbehalt unterliegen"
p,p_c068855,1078,"Außerordentliche Einkünfte, die dem Progressionsvorbehalt unterliegen"
p,p_c068868,1078,nach § 34 c Abs. 3 EStG abzugsfähige ausl. Steuer
p,p_c068869,1078,nach § 34 c Abs. 2 EStG abzugsfähige ausl. Steuer
p,p_c069100,1078,gemeinschaftlich erhaltene Betriebseinnahmen einer Kostenträger-/Hilfsgemeinschaft - nach Quote verteilt
p,p_c069102,1078,gemeinschaftlich erhaltene Betriebseinnahmen einer Kostenträger-/Hilfsgemeinschaft - individuell verteilt
p,p_c069104,1078,gemeinschaftlich getragene Betriebsausgaben einer Kostenträger-/Hilfsgemeinschaft - nach Quote verteilt
p,p_c069106,1078,gemeinschaftlich getragene Betriebsausgaben einer Kostenträger-/Hilfsgemeinschaft - individuell verteilt
p,p_c069148,1078,KapESt i.S.d. § 36a Abs. 1 bis 3 EStG
p,p_c069149,1078,Einnahmen i.S.d. § 36a Abs. 5 EStG zur Prüfung des Schwellenwertes
p,p_c069168,1078,Ausländische Quellensteuer nach der Zinsinformationsverordnung (ZIV)
p,p_c069169,1078,Solidaritätszuschlag zur Kapitalertragsteuer (ohne Abgeltungswirkung)
p,p_c069170,1078,Bauabzugsteuer
p,p_c069171,1078,Kapitalertragsteuer (ohne Abgeltungswirkung)
p,p_c069173,1078,Kirchensteuer zur Kapitalertragsteuer (ohne Abgeltungswirkung)
p,p_c069177,1078,30%ige KapESt (Zinsabschlag)
p,p_c069181,1078,Spenden und Beiträge an politische Parteien lt. Bestätigung
p,p_c069182,1078,"Zuwendungen zur Förderung steuerbegünstigter Zwecke lt. Bestätigung; vor 2008: Spenden für kirchliche, religiöse und anerkannte gemeinnützige Zwecke"
p,p_c069184,1078,Spenden und Beiträge an Wählervereinigungen lt. Bestätigung
p,p_c069185,1078,Summe der gesamten Umsätze und der Löhne und Gehälter
p,p_c069191,1078,Als Sonderausgabe abzugsfähige Renten und dauernde Lasten
p,p_c069192,1078,als Sonderausgaben abzugsfähige Lebensversicherungsbeiträge
p,p_c069193,1078,Die als Sonderausgaben abzugsfähigen Kirchensteuerzahlungen
p,p_c069210,1078,Anzahl der veräußerten Grundstücke
p,p_c069250,1078,Länderschlüssel des 1. Staates
p,p_c069251,1078,Eink. einer ausländischen Familienstiftung
p,p_c069263,1078,Ausl. Steuern zu Kz. 251 nach Ermäßigung
p,p_c069457,1078,Spenden in das zu erhaltende Vermögen (Vermögensstock) einer Stiftung lt. Bestätigung; bis 2012: Spenden in den Vermögensstock einer Stiftung vor 2008: siehe Arbeitsanleitung
p,p_c069462,1078,Kapitalertragsteuer mit Abgeltungswirkung
p,p_c069463,1078,Solidaritätszuschlag mit Abgeltungswirkung
p,p_c069464,1078,Kirchensteuer zur Kapitalertragsteuer mit Abgeltungswirkung
p,p_c069465,1078,angerechnete ausländische Steuern mit Abgeltungswirkung
p,p_c069466,1078,anrechenbare noch nicht angerechnete ausländische Steuern mit Abgeltungswirkung
p,p_c069467,1078,fiktive ausländische Quellensteuern mit Abgeltungswirkung
p,p_c069469,1078,Anrechenbare ausländische Steuern zu Einkünften einer ausländischen Familienstiftung lt. Feststellung
p,p_c069494,1078,Spenden/Mitgliedsbeiträge an Empfänger im EU-/EWR-Ausland
p,p_c069495,1078,Spenden an Stiftung/Vermögensstock im EU-/EWR-Ausland
p,p_c069654,1078,Jahr der Anschaffung/Herstellung
p,p_c069661,1078,Steuerbegünstigung zur Förderung des Wohneigentums nach § 10e Abs. 1 bis 5 EStG / § 15b BerlinFG
p,p_c069662,1078,Steuerbegünstigung zur Förderung des Wohneigentums § 10e Abs. 6 EStG / § 82a EStDV und andere
p,p_c069665,1078,Steuerbegünstigung zur Förderung des Wohneigentums nach § 10f EStG
p,p_c069666,1078,Steuerbegünstigung für schutzwürdige Kulturgüter nach § 10g EStG
p,p_c069667,1078,"Steuerbegünstigung für unentgeltlich zu Wohnzwecken überlassene Wohnung im eigenen Haus, § 10h EStG"
p,p_c069670,1078,BMG (i.S.d. § 7b EStG)
p,p_c069671,1078,Verbrauchter Beihilfehöchstbetrag (De-minimis-VO)
p,p_c069680,1078,Sanierungsertrag nach § 3a Abs. 1 Satz 1 EStG
p,p_c069681,1078,Nicht abziehbare Beträge nach § 3c Abs. 4 EStG
p,p_c069682,1078,Die zu mindernden Beträge nach § 3a Abs. 3 Satz 2 Nr. 1-6 EStG
p,p_c069762,1078,Kapitalertragsteuer mit Abgeltungswirkung (individuell verteilt)
p,p_c069763,1078,Solidaritätszuschlag mit Abgeltungswirkung (individuell verteilt)
p,p_c069765,1078,angerechnete ausländische Steuern mit Abgeltungswirkung (individuell verteilt)
p,p_c069768,1078,Ausländische Quellensteuer nach der Zinsinformationsverordnung (ZIV)
p,p_c069769,1078,anrechenbarer Solidaritätszuschlag zur Kapitalertragsteuer ohne Abgeltungswirkung
p,p_c069771,1078,anrechenbare Kapitalertragsteuer ohne Abgeltungswirkung
p,p_c069777,1078,30%ige KapESt (Zinsabschlag) (indiv.)
p,p_c069950,1078,für OIS : Summe der für OIS relevanten Kennzahlen aus SB69
p,p_c095881,1078,nicht abziehbare Schuldzinsen nach § 4 Abs. 4a EStG (Gesamthandsbilanz)
p,p_c095882,1078,nicht abziehbare Schuldzinsen nach § 4 Abs. 4a EStG (Sonderbilanz)
p,p_c095887,1078,nicht abziehbare Schuldzinsen
p,p_c164100,1078,Höhe der Beteiligung bei § 8b Abs. 1 und 4 KStG
p,p_c164101,1078,Datum des Zuflusses des Bezuges
p,p_c164102,1078,Bezüge i.S.d § 8b Abs. 1 und 4 KStG
p,p_c164103,1078,Steuerungskennzahl zu § 8b Abs. 1 und 4 KStG
p,p_c164104,1078,Steuerungskennzahl bei Beteiligung im Sonderbetriebs- vermögen
p,p_c164105,1078,Staatenschlüssel bei ausländischen Bezügen i.S.d. § 8b Abs. 1 und 4 KStG
p,p_c164106,1078,ausländische Steuer i.S.d. § 34c EStG auf Bezüge i.S.d. § 8b Abs. 1 und 4 KStG
p,p_c164107,1078,nicht abzugsfähige Betriebsausgaben die im Zusammenhang mit nach DBA steuerfreien Einkünften stehen
p,p_c164110,1078,Höhe der Beteiligung bei § 8b Abs. 1 und 4 KStG
p,p_c164111,1078,Datum des Zuflusses des Bezuges
p,p_c164112,1078,Bezüge i.S.d § 8b Abs. 1 und 4 KStG
p,p_c164114,1078,Steuerungskennzahl bei Beteiligung im Sonderbetriebs- vermögen
p,p_c164115,1078,Staatenschlüssel bei ausländischen Bezügen i.S.d. § 8b Abs. 1 und 4 KStG
p,p_c164116,1078,ausländische Steuer i.S.d. § 34c EStG auf Bezüge i.S.d. § 8b Abs. 1 und 4 KStG
p,p_c164117,1078,nicht abzugsfähige Betriebsausgaben die im Zusammenhang mit nach DBA steuerfreien Einkünften stehen
p,p_c164120,1078,Höhe der Beteiligung bei § 8b Abs. 1 und 4 KStG
p,p_c164121,1078,Datum des Zuflusses des Bezuges
p,p_c164122,1078,Bezüge i.S.d § 8b Abs. 1 und 4 KStG
p,p_c164124,1078,Steuerungskennzahl bei Beteiligung im Sonderbetriebs- vermögen
p,p_c164125,1078,Staatenschlüssel bei ausländischen Bezügen i.S.d. § 8b Abs. 1 und 4 KStG
p,p_c164126,1078,ausländische Steuer i.S.d. § 34c EStG auf Bezüge i.S.d. § 8b Abs. 1 und 4 KStG
p,p_c164127,1078,nicht abzugsfähige Betriebsausgaben die im Zusammenhang mit nach DBA steuerfreien Einkünften stehen
p,p_c164130,1078,Höhe der Beteiligung bei § 8b Abs. 1 und 4 KStG
p,p_c164131,1078,Datum des Zuflusses des Bezuges
p,p_c164132,1078,Bezüge i.S.d § 8b Abs. 1 und 4 KStG
p,p_c164134,1078,Steuerungskennzahl bei Beteiligung im Sonderbetriebs- vermögen
p,p_c164135,1078,Staatenschlüssel bei ausländischen Bezügen i.S.d. § 8b Abs. 1 und 4 KStG
p,p_c164136,1078,ausländische Steuer i.S.d. § 34c EStG auf Bezüge i.S.d. § 8b Abs. 1 und 4 KStG
p,p_c164137,1078,nicht abzugsfähige Betriebsausgaben die im Zusammenhang mit nach DBA steuerfreien Einkünften stehen
p,p_c164140,1078,Höhe der Beteiligung bei § 8b Abs. 1 und 4 KStG
p,p_c164141,1078,Datum des Zuflusses des Bezuges
p,p_c164142,1078,Bezüge i.S.d § 8b Abs. 1 und 4 KStG
p,p_c164144,1078,Steuerungskennzahl bei Beteiligung im Sonderbetriebs- vermögen
p,p_c164145,1078,Staatenschlüssel bei ausländischen Bezügen i.S.d. § 8b Abs. 1 und 4 KStG
p,p_c164146,1078,ausländische Steuer i.S.d. § 34c EStG auf Bezüge i.S.d. § 8b Abs. 1 und 4 KStG
p,p_c164147,1078,nicht abzugsfähige Betriebsausgaben die im Zusammenhang mit nach DBA steuerfreien Einkünften stehen
p,p_c164150,1078,Höhe der Beteiligung bei § 8b Abs. 1 und 4 KStG
p,p_c164151,1078,Datum des Zuflusses des Bezuges
p,p_c164152,1078,Bezüge i.S.d § 8b Abs. 1 und 4 KStG
p,p_c164154,1078,Steuerungskennzahl bei Beteiligung im Sonderbetriebs- vermögen
p,p_c164155,1078,Staatenschlüssel bei ausländischen Bezügen i.S.d. § 8b Abs. 1 und 4 KStG
p,p_c164156,1078,ausländische Steuer i.S.d. § 34c EStG auf Bezüge i.S.d. § 8b Abs. 1 und 4 KStG
p,p_c164157,1078,nicht abzugsfähige Betriebsausgaben die im Zusammenhang mit nach DBA steuerfreien Einkünften stehen
p,p_c164160,1078,Höhe der Beteiligung bei § 8b Abs. 1 und 4 KStG
p,p_c164161,1078,Datum des Zuflusses des Bezuges
p,p_c164162,1078,Bezüge i.S.d § 8b Abs. 1 und 4 KStG
p,p_c164164,1078,Steuerungskennzahl bei Beteiligung im Sonderbetriebs- vermögen
p,p_c164165,1078,Staatenschlüssel bei ausländischen Bezügen i.S.d. § 8b Abs. 1 und 4 KStG
p,p_c164166,1078,ausländische Steuer i.S.d. § 34c EStG auf Bezüge i.S.d. § 8b Abs. 1 und 4 KStG
p,p_c164170,1078,Höhe der Beteiligung bei § 8b Abs. 1 und 4 KStG
p,p_c164171,1078,Datum des Zuflusses des Bezuges
p,p_c164172,1078,Bezüge i.S.d § 8b Abs. 1 und 4 KStG
p,p_c164174,1078,Steuerungskennzahl bei Beteiligung im Sonderbetriebs- vermögen
p,p_c164175,1078,Staatenschlüssel bei ausländischen Bezügen i.S.d. § 8b Abs. 1 und 4 KStG
p,p_c164176,1078,ausländische Steuer i.S.d. § 34c EStG auf Bezüge i.S.d. § 8b Abs. 1 und 4 KStG
p,p_c164180,1078,Höhe der Beteiligung bei § 8b Abs. 1 und 4 KStG
p,p_c164181,1078,Datum des Zuflusses des Bezuges
p,p_c164182,1078,Bezüge i.S.d § 8b Abs. 1 und 4 KStG
p,p_c164184,1078,Steuerungskennzahl bei Beteiligung im Sonderbetriebs- vermögen
p,p_c164185,1078,Staatenschlüssel bei ausländischen Bezügen i.S.d. § 8b Abs. 1 und 4 KStG
p,p_c164186,1078,ausländische Steuer i.S.d. § 34c EStG auf Bezüge i.S.d. § 8b Abs. 1 und 4 KStG
p,p_c164190,1078,Höhe der Beteiligung bei § 8b Abs. 1 und 4 KStG
p,p_c164191,1078,Datum des Zuflusses des Bezuges
p,p_c164192,1078,Bezüge i.S.d § 8b Abs. 1 und 4 KStG
p,p_c164195,1078,Staatenschlüssel bei ausländischen Bezügen i.S.d. § 8b Abs. 1 und 4 KStG
p,p_c164196,1078,ausländische Steuer i.S.d. § 34c EStG auf Bezüge i.S.d. § 8b Abs. 1 und 4 KStG
p,p_c164200,1078,in der Gewinnermittlung der Personengesellschaft als Betriebsausgaben in Abzug gebrachte Schuldzinsen
p,p_c164201,1078,"in Kz. 200 enthaltene Schuldzinsen für Darlehen, die Mitunternehmer der Gesellschaft gewährt haben"
p,p_c164202,1078,"in Kz. 200 enthaltene Schuldzinsen für Darlehen zur Finanzierung von Anschaffungs- oder Herstellungskosten von Wirtschaftsgütern des Anlagevermögens, soweit nicht bereits in Kz. 201 enthalten"
p,p_c164203,1078,als Sonderbetriebsausgaben in Abzug gebrachte Schuldzinsen
p,p_c164204,1078,"in Kz. 203 enthaltene Schuldzinsen für Darlehen, die die Gesellschaft dem Mitunternehmer gegenüber gewährt hat"
p,p_c164205,1078,"in Kz. 203 enthaltene Schuldzinsen für Darlehen zur Finanzierung von Anschaffungs- oder Herstellungskosten von Wirtschaftsgütern des Anlagevermögens, soweit nicht bereits in Kz. 204 enthalten"
p,p_c164209,1078,für Zwecke des § 4 Abs. 4a EStG maßgebliche Gewinnanteile aus im Gesamthandsvermögen der Personengesellschaft gehaltenen Beteiligungen an anderen Personengesellschaften
p,p_c164210,1078,für Zwecke des § 4 Abs. 4a EStG maßgebliche Gewinnanteile aus im Sonderbetriebsvermögen gehaltenen Beteiligungen an anderen Personengesellschaften
p,p_c164211,1078,Korrekturbetrag zur zutreffenden Ermittlung der Entnahmen und Einlagen i.S.d. § 4 Abs. 4a EStG
p,p_c164214,1078,Gewinn für Zwecke des §4 Abs. 4a EStG
p,p_c164216,1078,"soweit ein Mitunternehmeranteil im Erbwege oder anderweitig unentgeltlich übergegangen ist, die im Todeszeitpunkt bzw. Zeitpunkt der Übertragung verbliebenen Überentnahmen i.S.d. § 4 Abs. 4a EStG des"
p,p_c164217,1078,"soweit ein Mitunternehmeranteil im Erbwege oder anderweitig unentgeltlich übergegangen ist, die im Todeszeitpunkt bzw. Zeitpunkt der Übertragung verbliebenen Unterentnahmen i.S.d. § 4 Abs. 4a EStG des"
p,p_c164218,1078,"soweit ein Mitunternehmeranteil im Erbwege oder anderweitig unentgeltlich übergegangen ist, die im Todeszeitpunkt bzw. Zeitpunkt der Übertragung verbliebenen Verluste vorangegangener Wirtschaftsjahre,"
p,p_c164250,1078,Staatenschlüssel (5. Staat) / Investmentvermögen
p,p_c164251,1078,in den Einkünften enthaltene Einkünfte aus 5. Staat insgesamt
p,p_c164255,1078,die Einkünfte aus ausländischen Dividenden (ggf. einschl. Avoir fiscal) - 100%
p,p_c164262,1078,"Datum der Erklärung bzw. des Antrags nach § 34c Abs. 2 EStG, wenn Einerwert bei Kz. 273 = 1"
p,p_c164263,1078,ausländische Steuern zu Kz. 251
p,p_c164264,1078,Antrag auf Abzug der ausländischen Steuer nach § 34c Abs. 2 EStG
p,p_c164266,1078,"in Kz. 263 enthaltene ausländische Steuer, soweit sie auf Halb-/Teileinkünfte entfällt."
p,p_c164273,1078,"Steuerungskennzahl für die a) Berücksichtigung nach § 34c Abs. 1, Abs. 3 oder Abs. 5 EStG bzw. b) Auswahl des Investmentfonds"
p,p_c164280,1078,Staatenschlüssel (6. Staat) / Investmentvermögen
p,p_c164281,1078,in den Einkünften enthaltene Einkünfte aus 6. Staat insgesamt
p,p_c164285,1078,die Einkünfte aus ausländischen Dividenden (ggf. einschl. Avoir fiscal) - 100%
p,p_c164292,1078,"Datum der Erklärung bzw. des Antrags nach § 34c Abs. 2 EStG, wenn Kz. 303 = 1"
p,p_c164293,1078,ausländische Steuern zu Kz. 281
p,p_c164294,1078,Antrag auf Abzug der ausländischen Steuer nach § 34c Abs. 2 EStG
p,p_c164296,1078,"in Kz. 293 enthaltene ausländische Steuer, soweit sie auf Halb-/Teileinkünfte entfällt."
p,p_c164303,1078,"Steuerungskennzahl für die a) Berücksichtigung nach § 34c Abs. 1, Abs. 3 oder Abs. 5 EStG bzw. b) Auswahl des Investmentfonds"
p,p_c164310,1078,Staatenschlüssel (7. Staat) / Investmentvermögen
p,p_c164311,1078,in den Einkünften enthaltene Einkünfte aus 7. Staat insgesamt
p,p_c164315,1078,die Einkünfte aus ausländischen Dividenden (ggf. einschl. Avoir fiscal) - 100%
p,p_c164322,1078,"Datum der Erklärung bzw. des Antrags nach § 34c Abs. 2 EStG, wenn Einerwert bei Kz. 333 = 1"
p,p_c164323,1078,ausländische Steuern zu Kz. 311
p,p_c164324,1078,Antrag auf Abzug der ausländischen Steuer nach § 34c Abs. 2 EStG
p,p_c164326,1078,"in Kz. 323 enthaltene ausländische Steuer, soweit sie auf Halb-/Teileinkünfte entfällt."
p,p_c164333,1078,"Steuerungskennzahl für die a) Berücksichtigung nach § 34c Abs. 1, Abs. 3 oder Abs. 5 EStG bzw. b) Auswahl des Investmentfonds"
p,p_c164340,1078,Staatenschlüssel (8. Staat) / Investmentvermögen
p,p_c164341,1078,in den Einkünften enthaltene Einkünfte aus 8. Staat insgesamt
p,p_c164345,1078,die Einkünfte aus ausländischen Dividenden (ggf. einschl. Avoir fiscal) - 100%
p,p_c164352,1078,"Datum der Erklärung bzw. des Antrags nach § 34c Abs. 2 EStG, wenn Einerwert bei Kz. 363 = 1"
p,p_c164353,1078,ausländische Steuern zu Kz. 341
p,p_c164354,1078,Antrag auf Abzug der ausländischen Steuer nach § 34c Abs. 2 EStG
p,p_c164356,1078,"in Kz. 353 enthaltene ausländische Steuer, soweit sie auf begünstigte Einkünfte lt. Kz. 345 entfällt (100%)"
p,p_c164363,1078,"Steuerungskennzahl für die a) Berücksichtigung nach § 34c Abs. 1, Abs. 3 oder Abs. 5 EStG bzw. b) Auswahl des Investmentfonds"
p,p_c164370,1078,9. Staat/Fonds (ausl. Eink. in Kz. 371-399)
p,p_c164371,1078,ausl. Einkünfte (ohne neg. Einkünfte)
p,p_c164375,1078,ausl. Dividenden (2001 ohne avoir fiscal)
p,p_c164382,1078,"Datum der Erklärung bzw. des Antrags nach § 34c Abs. 2 EStG, wenn Einerwert bei Kz. 393 = 1"
p,p_c164383,1078,Ausl. Steuern zu Kz. 371 nach Ermäßigung
p,p_c164384,1078,Antrag auf Abzug der ausl. Steuer
p,p_c164386,1078,auf Halb-/Teileink. entf. Anteil von Kz. 383
p,p_c164393,1078,"Steuerungskennzahl für die a) Berücksichtigung nach § 34c Abs. 1, Abs. 3 oder Abs. 5 EStG bzw. b) Auswahl des Investmentfonds"
p,p_c164400,1078,10. Staat/Fonds (ausl. Eink in Kz. 401-429)
p,p_c164401,1078,ausl. Einkünfte (ohne neg. Einkünfte)
p,p_c164405,1078,ausl. Dividenden (2001 ohne avoir fiscal)
p,p_c164412,1078,"Datum der Erklärung bzw. des Antrags nach § 34c Abs. 2 EStG, wenn Einerwert bei Kz. 423 = 1"
p,p_c164413,1078,Ausl. Steuern zu Kz. 401 nach Ermäßigung
p,p_c164414,1078,Antrag auf Abzug der ausl. Steuer
p,p_c164416,1078,auf Halb-/Teileink. entf. Anteil von Kz. 413
p,p_c164423,1078,"Steuerungskennzahl für die a) Berücksichtigung nach § 34c Abs. 1, Abs. 3 oder Abs. 5 EStG bzw. b) Auswahl des Investmentfonds"
p,p_c164430,1078,11. Staat/Fonds (ausl. Eink in Kz. 431-459)
p,p_c164431,1078,ausl. Einkünfte (ohne neg. Einkünfte)
p,p_c164435,1078,ausl. Dividenden (2001 ohne avoir fiscal)
p,p_c164442,1078,"Datum der Erklärung bzw. des Antrags nach § 34c Abs. 2 EStG, wenn Einerwert bei Kz. 453 = 1"
p,p_c164443,1078,Ausl. Steuern zu Kz. 431 nach Ermäßigung
p,p_c164444,1078,Antrag auf Abzug der ausl. Steuer
p,p_c164446,1078,auf Halb-/Teileink. entf. Anteil von Kz. 443
p,p_c164453,1078,"Steuerungskennzahl für die a) Berücksichtigung nach § 34c Abs. 1, Abs. 3 oder Abs. 5 EStG bzw. b) Auswahl des Investmentfonds"
p,p_c164460,1078,12. Staat/Fonds (ausl. Eink in Kz. 461-489)
p,p_c164461,1078,ausl. Einkünfte (ohne neg. Einkünfte)
p,p_c164465,1078,ausl. Dividenden (2001 ohne avoir fiscal)
p,p_c164472,1078,"Datum der Erklärung bzw. des Antrags nach § 34c Abs. 2 EStG, wenn Einerwert bei Kz. 483 = 1"
p,p_c164473,1078,Ausl. Steuern zu Kz. 461 nach Ermäßigung
p,p_c164474,1078,Antrag auf Abzug der ausl. Steuer
p,p_c164483,1078,"Steuerungskennzahl für die a) Berücksichtigung nach § 34c Abs. 1, Abs. 3 oder Abs. 5 EStG bzw. b) Auswahl des Investmentfonds"
p,p_c164490,1078,13. Staat/Fonds (ausl. Eink in Kz. 491-519)
p,p_c164491,1078,ausl. Einkünfte (ohne neg. Einkünfte)
p,p_c164495,1078,ausl. Dividenden (2001 ohne avoir fiscal)
p,p_c164502,1078,"Datum der Erklärung bzw. des Antrags nach § 34c Abs. 2 EStG, wenn Einerwert bei Kz. 513 = 1"
p,p_c164503,1078,Ausl. Steuern zu Kz. 491 nach Ermäßigung
p,p_c164504,1078,Antrag auf Abzug der ausl. Steuer
p,p_c164513,1078,"Steuerungskennzahl für die a) Berücksichtigung nach § 34c Abs. 1, Abs. 3 oder Abs. 5 EStG bzw. b) Auswahl des Investmentfonds"
p,p_c164520,1078,14. Staat/Fond (ausl. Eink in Kz. 521-549)
p,p_c164521,1078,ausl. Einkünfte (ohne neg. Einkünfte)
p,p_c164525,1078,ausl. Dividenden (2001 ohne avoir fiscal)
p,p_c164532,1078,"Datum der Erklärung bzw. des Antrags nach § 34c Abs. 2 EStG, wenn Einerwert bei Kz. 543 = 1"
p,p_c164533,1078,Ausl. Steuern zu Kz. 521 nach Ermäßigung
p,p_c164534,1078,Antrag auf Abzug der ausl. Steuer
p,p_c164543,1078,"Steuerungskennzahl für die a) Berücksichtigung nach § 34c Abs. 1, Abs. 3 oder Abs. 5 EStG bzw. b) Auswahl des Investmentfonds"
p,p_c164550,1078,15. Staat/Fonds (ausl. Eink in Kz. 551-579)
p,p_c164551,1078,ausl. Einkünfte (ohne neg. Einkünfte)
p,p_c164555,1078,ausl. Dividenden (2001 ohne avoir fiscal)
p,p_c164562,1078,"Datum der Erklärung bzw. des Antrags nach § 34c Abs. 2 EStG, wenn Einerwert bei Kz. 573 = 1"
p,p_c164563,1078,Ausl. Steuern zu Kz. 551 nach Ermäßigung
p,p_c164564,1078,Antrag auf Abzug der ausl. Steuer
p,p_c164573,1078,"Steuerungskennzahl für die a) Berücksichtigung nach § 34c Abs. 1, Abs. 3 oder Abs. 5 EStG bzw. b) Auswahl des Investmentfonds"
p,p_c164580,1078,16. Staat/Fonds (ausl. Eink in Kz. 581-609)
p,p_c164581,1078,ausl. Einkünfte (ohne neg. Einkünfte)
p,p_c164585,1078,ausl. Dividenden (2001 ohne avoir fiscal)
p,p_c164592,1078,"Datum der Erklärung bzw. des Antrags nach § 34c Abs. 2 EStG, wenn Einerwert bei Kz. 603 = 1"
p,p_c164593,1078,Ausl. Steuern zu Kz. 581 nach Ermäßigung
p,p_c164594,1078,Antrag auf Abzug der ausl. Steuer
p,p_c164603,1078,"Steuerungskennzahl für die a) Berücksichtigung nach § 34c Abs. 1, Abs. 3 oder Abs. 5 EStG bzw. b) Auswahl des Investmentfonds"
p,p_c164610,1078,17. Staat/Fonds (ausl. Eink in Kz. 611-639)
p,p_c164611,1078,ausl. Einkünfte (ohne neg. Einkünfte)
p,p_c164615,1078,ausl. Dividenden (2001 ohne avoir fiscal)
p,p_c164622,1078,"Datum der Erklärung bzw. des Antrags nach § 34c Abs. 2 EStG, wenn Einerwert bei Kz. 633 = 1"
p,p_c164623,1078,Ausl. Steuern zu Kz. 611 nach Ermäßigung
p,p_c164624,1078,Antrag auf Abzug der ausl. Steuer
p,p_c164633,1078,"Steuerungskennzahl für die a) Berücksichtigung nach § 34c Abs. 1, Abs. 3 oder Abs. 5 EStG bzw. b) Auswahl des Investmentfonds"
p,p_c164640,1078,18. Staat/Fonds (ausl. Eink in Kz. 641-669)
p,p_c164641,1078,ausl. Einkünfte (ohne neg. Einkünfte)
p,p_c164645,1078,ausl. Dividenden (2001 ohne avoir fiscal)
p,p_c164652,1078,"Datum der Erklärung bzw. des Antrags nach § 34c Abs. 2 EStG, wenn Einerwert bei Kz. 663 = 1"
p,p_c164653,1078,Ausl. Steuern zu Kz. 641 nach Ermäßigung
p,p_c164654,1078,Antrag auf Abzug der ausl. Steuer
p,p_c164663,1078,"Steuerungskennzahl für die a) Berücksichtigung nach § 34c Abs. 1, Abs. 3 oder Abs. 5 EStG bzw. b) Auswahl des Investmentfonds"
p,p_c164671,1078,ausl. Einkünfte (ohne neg. Einkünfte)
p,p_c164675,1078,ausl. Dividenden (2001 ohne avoir fiscal)
p,p_c164682,1078,"Datum der Erklärung bzw. des Antrags nach § 34c Abs. 2 EStG, wenn Einerwert bei Kz. 693 = 1"
p,p_c164683,1078,Ausl. Steuern zu Kz. 671 nach Ermäßigung
p,p_c164684,1078,Antrag auf Abzug der ausl. Steuer
p,p_c164693,1078,"Steuerungskennzahl für die a) Berücksichtigung nach § 34c Abs. 1, Abs. 3 oder Abs. 5 EStG bzw. b) Auswahl des Investmentfonds"
p,p_c164701,1078,ausl. Einkünfte (ohne neg. Einkünfte)
p,p_c164705,1078,ausl. Dividenden (2001 ohne avoir fiscal)
p,p_c164712,1078,"Datum der Erklärung bzw. des Antrags nach § 34c Abs. 2 EStG, wenn Einerwert bei Kz. 723 = 1"
p,p_c164713,1078,Ausl. Steuern zu Kz. 701 nach Ermäßigung
p,p_c164723,1078,"Steuerungskennzahl für die a) Berücksichtigung nach § 34c Abs. 1, Abs. 3 oder Abs. 5 EStG bzw. b) Auswahl des Investmentfonds"
p,p_c164730,1078,"Inländische Gewinne i.S.d. § 8 b Abs.2 KStG, soweit Bestandteil eines Veräußerungs- oder Aufgabegewinns i. S. d. § 16 EStG"
p,p_c164731,1078,Ausl. Gewinne §8b (2) KStG aus Veräußerung
p,p_c164732,1078,"Inländische Gewinnminderung i.S.d. § 8 b Abs.3 KStG, soweit i.R. eines Veräußerungs- /Aufgabegewinns angefallen"
p,p_c164733,1078,Ausl. Gew-Mind §8b (3) KStG aus Veräußerung
p,p_c164736,1078,"Inländische Gewinne i.S.d. § 8 b Abs.2 KStG aus dem Sonderbetriebsvermögen, soweit nicht Bestandteil eines Veräußerungs- oder Aufgabegewinns"
p,p_c164737,1078,Ausl. Gew. § 8b (2) KStG ohne Veräuß. (SBV)
p,p_c164738,1078,"Inländische Gewinne i.S.d. § 8 b Abs.2 KStG aus dem Sonderbetriebsvermögen, soweit Bestandteil eines Veräußerungs- oder Aufgabegewinns"
p,p_c164740,1078,Inländische Gewinnminderungen i.S.d. § 8 b Abs.3 KStG aus dem Sonderbetriebsvermögen ohne Gewinnminderungen i.Z. mit Veräußerungs- bzw. Aufgabegewinnen
p,p_c164741,1078,Ausl. Gew-Mind. §8b(3) KStG ohne Ver.(SBV)
p,p_c164742,1078,Inländische Gewinnminderungen i.S.d. § 8 b Abs.3 KStG aus dem Sonderbetriebsvermögen soweit mit Veräußerungs- bzw. Aufgabegewinnen zusammenhängend
p,p_c164744,1078,Korrekturbetrag zu Kz. 14.630 im Falle einer Ergänzungsbilanz
p,p_c164745,1078,Korrekturbetrag zu Kz. 14.635 (ErgBil)
p,p_c164746,1078,Korrekturbetrag zu Kz. 14.640 im Falle einer Ergänzungsbilanz
p,p_c164748,1078,Korrekturbetrag zu Kz. 14.730 im Falle einer Ergänzungsbilanz
p,p_c164750,1078,Korrekturbetrag zu Kz. 14.732 im Falle einer Ergänzungsbilanz
p,p_c164753,1078,Außer Ansatz bleibender Übernahmeverlust i. S. des § 4 Abs. 6 UmwStG (Ergänzungsbilanz)
p,p_c164781,1078,"die personell ermittelten nach § 4 Abs. 4a EStG nicht abzugsfähigen Schuldzinsen aus der Gewinnermittlung der Personengesellschaft, soweit sie auf den einzelnen Gesellschafter entfallen"
p,p_c164782,1078,die personell ermittelten nach § 4 Abs. 4a EStG nicht abzugsfähigen Schuldzinsen aus der Sondergewinnermittlung des Gesellschafters
p,p_c164832,1078,Halbeinkünfte steuerfreier Teil - 5. Staat
p,p_c164833,1078,Halbeinkünfte steuerfreier Teil - 6. Staat
p,p_c164834,1078,Halbeinkünfte steuerfreier Teil - 7. Staat
p,p_c164835,1078,Halbeinkünfte steuerfreier Teil - 8. Staat
p,p_c164860,1078,Entnahmen des laufenden Wirtschaftsjahres
p,p_c164861,1078,Einlagen des laufenden Wirtschaftsjahres
p,p_c164862,1078,Schuldzinsen des Beteiligten
p,p_c164863,1078,anteiliger Kürzungsbetrag
p,p_c164870,1078,maßgebender Gewinnanteil für § 4 Abs. 4a EStG
p,p_c164880,1078,Unter-/Überentnahmen nach § 4 Abs. 4a EStG des laufenden Wirtschaftsjahres
p,p_c164881,1078,nicht abziehbare Schuldzinsen nach § 4 Abs. 4a EStG (Gesamthandsbilanz)
p,p_c164882,1078,nicht abziehbare Schuldzinsen nach § 4 Abs. 4a EStG (Sonderbilanz)
p,p_c164886,1078,bei Anwendung altes Recht: Unter-/Überentn § 4 (4a). lfd. Wj.+Vj; bei Anwendung neues Recht: Unter-/Überentn § 4 (4a). lfd. Wj.+Vje
p,p_c164887,1078,nicht abziehbare Schuldzinsen
p,p_c164907,1078,Summe der ausl. steuerfr. Bezüge GHB
p,p_c164910,1078,Beteiligungsquote des Beteiligten an der 1. Kap.Ges
p,p_c164911,1078,Beteiligungsquote des Beteiligten an der 2. Kap.Ges
p,p_c164912,1078,Beteiligungsquote des Beteiligten an der 3. Kap.Ges
p,p_c165881,1078,nicht abziehbare Schuldzinsen nach § 4 Abs. 4a EStG (Gesamthandsbilanz)
p,p_c165882,1078,nicht abziehbare Schuldzinsen nach § 4 Abs. 4a EStG (Sonderbilanz)
p,p_c165887,1078,nicht abziehbare Schuldzinsen
v,v_ef3,120,Steuernummer
v,v_ef4,120,Amtlicher Gemeindeschlüssel (AGS)
v,v_ef5,120,Wirtschaftszweig 2008
v,v_ef6,120,Wirtschaftszweig 2008 (Zusatzschlüssel)
v,v_ef7,120,Beginn der Steuerpflicht TTMMJJJJ
v,v_ef8,120,Ende der Steuerpflicht TTMMJJJJ
v,v_ef9,120,Letztgültige Zahlungsweise
v,v_ef10,120,Ist Besteuerung nach §20 Abs.1 Nr.1 UStG
v,v_ef11,120,Land- und Forstwirtschaft mit Option nach § 24 Abs.4 UStG
v,v_ef12,120,Vorsteuer nach allgem. Durchschnittsätzen nach §23 UStG
v,v_ef13,120,Ist Besteuerung nach §20 Abs.1 Nr.2 oder Nr.3 UStG
v,v_ef14,120,Organschaft nach §2 Abs.2 Nr.2 UStG
v,v_ef15,120,Kz. 123 = Über die Angaben in der Steuererklärung hinaus sind weitere oder abweichende Angaben oder Sachverhalte zu berücksichtige
v,v_ef16,120,Rechtsform
v,v_ef17,120,Vorsteuer nach § 23a UStG
v,v_ef18,120,Betrieb verschiedener Wirtschaftszweige
v,v_ef20,120,Steuernummer alt
v,v_ef21,120,Umsatzsteuer-Identnummer
v,v_ef22,120,Staatenschlüssel der Bundesbank für die Geschäftsleitung
v,v_ef25,120,Merker Insolvenz (Kz. 006 027)
v,v_ef26,120,Korrekturmerkmal
v,v_ef31,120,Berichtigung des Vorsteuerabzugs (§ 15a UStG) Erstmalige tatsächliche Verwendung von Grundstücken oder Gebäuden im Feststellungszeitraum (Kz. 370)
v,v_ef32,120,"Änderung der maßgeblichen Verhältnisse im Feststellungszeitraum bei Grundstücken oder Gebäuden , nicht einmalig (Kz. 371)"
v,v_ef33,120,"Andere Wirtschaftsgüter und sonst. Leistungen, nicht einmalig (Kz. 372)"
v,v_ef34,120,"Wirtschaftsgütern und sonst. Leistungen,einmalig (Kz. 369)"
v,v_ef35,120,Kz. 125 Im Ausland ansässiger Unternehmer
v,v_ef38,120,Kz. 238 = Umsatz im Besteuerungsszeitraum - 1 (Keinunternehmer)
v,v_ef39,120,Kz. 239 = Umsatz im Besteuerungsszeitraum (Kleinunternehmer)
v,v_ef41,120,Kz. 177 = Lieferungen und sonstige Leistungen (ab 2007: 19%)
v,v_ef43,120,Kz. 178 = Lieferung nach §3 Abs.1b UStG (ab 2007: 19%)
v,v_ef45,120,Kz. 179 = Sonstige Leistungen nach §3 Abs. 9a UStG (ab 2007: 19%)
v,v_ef46,120,Kz. 275 = Lieferungen und sonstige Leistungen zum ermäßigten Steuersatz
v,v_ef47,120,Kz. 195 = Lieferung nach §3 Abs.1b UStG
v,v_ef48,120,Kz. 196 = Sonstige Leistungen nach §3 Abs. 9a UStG
v,v_ef49,120,Kz. 155 = Umsätze zu anderen Steuersätzen
v,v_ef50,120,Kz. 156 = Steuer zu Umsätzen zu anderen Steuersätzen (Kz. 155)
v,v_ef51,120,Kz. 777 = Lieferungen i. d. übrige Gemeinschaftsgebiet an Abnehmer mit USt-IdNr.
v,v_ef52,120,Kz. 255 = Steuerpflichtige Lieferungen (einschl. unentgeltlicher Wertabgaben) von Sägewerkserzeugnissen
v,v_ef53,120,Kz. 256 = Steuer zu vorgenannten Lieferungen (Kz. 255)
v,v_ef55,120,"Kz. 344 = Steuerpflichtige Umsätze (einschl. unentgeltlicher Wertabgaben) von Getränken, sowie von alkoholischen Flüssigkeiten (8,3% ab 2007)"
v,v_ef56,120,Kz. 257 = Umsätze zu anderen Steuersätzen
v,v_ef57,120,Kz. 258 = Steuer zu vorgenannten Umsätzen (Kz.257)
v,v_ef58,120,"Kz. 361 = Übrige steuerpflichtige Umsätze land- und forstwirtschaftlicher Betrieb, für die keine Steuer zu entrichten ist"
v,v_ef59,120,"Kz. 317 = Nachsteuer/Anrechnung der Steuer, die auf bereits versteuerte Anzahlungen entfällt"
v,v_ef60,120,"Kz. 367 = Betrag der Anzahlungen, für die die anzurechnende Steuer angegeben worden ist (Kz. 317)"
v,v_ef61,120,Kz. 319 = Nachsteuer auf versteuerte Anzahlung u.ä. wegen Steuersatzänderung
v,v_ef62,120,Kz. 320 = Vorsteuerbeträge aus Rechnungen von anderen Unternehmern
v,v_ef63,120,Kz. 761 = Vorsteuerbeträge aus innergemeinschaftl. Erwerben von Gegenständen
v,v_ef64,120,Kz. 762 = Entstandene Einfuhrumsatzsteuer
v,v_ef65,120,"Kz. 466 = Vorsteuerabzug für die Steuer, die der Abnehmer als Auslagerer nach § 13a Abs. 1 Nr. 6 UStG schuldet"
v,v_ef66,120,Kz. 467 = Vorsteuerbeträge aus Leistungen im Sinne des § 13b UStG
v,v_ef67,120,"Kz. 333 = Vorsteuerbeträge, die nach den allgemeinen Durchschnittsätzen (§ 23 UStG) berechnet sind."
v,v_ef68,120,"Kz. 334 =Vorsteuerbeträge nach dem Durchschnittsatz für bestimmte Körperschaften, Personenvereinigungen und Vermögensmassen (§ 23a Ust"
v,v_ef69,120,Kz. 759 = Vorsteuerabzug für innergemeinschaftliche Lieferungen neuer Fahrzeuge außerhalb eines Unternehmens sowie von Kleinunternehmern im Sinne des §19 Abs. 1 UStG
v,v_ef70,120,Kz. 760 = Vorsteuerbeträge aus innergemeinschaftlichen Dreiecksgeschäften
v,v_ef71,120,"Kz. 357 = Vorsteuerberichtigungsbeträge, die aufgrund des § 15a UStG nachträglich abziehbar sind."
v,v_ef72,120,"Kz. 359 = Vorsteuerberichtigungsbeträge, die aufgrund des § 15a UStG nachträglich zurücKz.uzahlen sind."
v,v_ef73,120,"Kz. 318 = In Rechnungen unrichtig oder unberechtigt ausgewiesene Steuerbeträge (§ 14c UStG), sowie Steuerbeträge, die nach § 6a Abs. 4 Satz 2 UStG geschuldet werden."
v,v_ef74,120,"Kz. 331 = Steuerbeträge, die nach § 17 Abs. 1 Satz 6 UStG geschuldet werden"
v,v_ef75,120,"Kz. 391 = Steuer- Vorsteuer- und Kürzungsbeträge, die auf frühere Besteuerungszeiträume entfallen (nur für Kleinunternehmer, die § 19 Abs. 1 UStG anwenden)"
v,v_ef76,120,Kz. 816 = Verbleibende Umsatzsteuer / Überschuss
v,v_ef77,120,Kz. 66.571=maschinell errechnete Umsatzsteuer
v,v_ef85,120,Kz. 791 = Steuerfreie innergemeinschaftliche Erwerbe nach §§ 4b und 25c UStG
v,v_ef87,120,Kz. 781 = Steuerpflichtige innergemeinschaftliche Erwerbe zum Steuersatz von 19 %
v,v_ef88,120,Kz. 793 = Steuerpflichtige innergemeinschaftliche Erwerbe zum Steuersatz von 7 %
v,v_ef89,120,Kz. 798 = Steuerpflichtige innergemeinschaftliche Erwerbe zu anderen Steuersätzen
v,v_ef90,120,Kz. 799 = Steuer zu innergemeinschaftliche Erwerben zu anderen Steuersätzen (Kz. 798)
v,v_ef91,120,Kz. 794 = Steuerpflichtige innergemeinschaftliche Erwerbe neuer Fahrzeuge (§ 1b Abs. 2 und 3 UStG) von Lieferern ohne USt-IdNr. zum allgemeinen Steuersatz
v,v_ef92,120,Kz. 796 = Steuer für steuerpflichtige innergemeinschaftliche Erwerbe neuer Fahrzeuge (§ 1b Abs. 2 und 3 UStG) von Lieferern ohne USt-IdNr. (Kz.794)
v,v_ef93,120,Kz. 742 = Innergemeinschaftliche Dreiecksgeschäfte (§ 25b UStG): Lieferungen des ersten Abnehmers
v,v_ef95,120,"Kz. 751 = Innergemeinschaftliche Dreiecksgeschäfte (§ 25b UStG): Lieferungen, für die der letzte Abnehmer die Umsatzsteuer schuldet, zum Steuersatz von 19 %"
v,v_ef96,120,"Kz. 746 = Innergemeinschaftliche Dreiecksgeschäfte (§ 25b UStG): Lieferungen, für die der letzte Abnehmer die Umsatzsteuer schuldet, zum Steuersatz von 7 %"
v,v_ef97,120,"Kz. 747 = Innergemeinschaftliche Dreiecksgeschäfte (§ 25b UStG): Lieferungen, für die der letzte Abnehmer die Umsatzsteuer schuldet, zu anderen Steuersätzen"
v,v_ef98,120,"Kz. 748 = Innergemeinschaftliche Dreiecksgeschäfte (§ 25b UStG): Steuer für Lieferungen, für die der letzte Abnehmer die Umsatzsteuer schuldet, zu anderen Steuersätzen (Kz. 747)"
v,v_ef99,120,Kz. 871 = Andere Leistungen eines im Ausland ansässigen Unternehmers (§13b Abs.2 Nr.1 und 5 UStG)
v,v_ef100,120,Kz. 872 = Steuer auf andere Leistungen eines im Ausland ansässigen Unternehmers (Kz. 871)
v,v_ef101,120,"Kz. 873 = Lieferungen sicherungsübereigneter Gegenstände und Umsätze, die unter das GrEStG fallen (§ 13b Abs. 2 Nr. 2 und 3 UStG)"
v,v_ef102,120,Kz. 874 = Steuer zu den vorgenannten Lieferungen (Kz. 873)
v,v_ef103,120,"Kz. 844 = Lieferungen von Mobilfunkgeräten, Tablet-Computern, Spielekonsolen und integrierten Schaltkreisen"
v,v_ef104,120,"Kz. 845 = Steuer auf Lieferungen von Mobilfunkgeräten, Tablet-Computern, Spielekonsolen und integrierten Schaltkreisen  (§13b Abs. 2 Nr. 10 UStG (Kz. 844)"
v,v_ef105,120,"Kz. 877 = Andere Leistungen eines im Inland ansässigen Unternehmers (§ 13b Abs. 2 Nr. 4, 5 Buchst. b und Nr. 6 bis 9 UStG"
v,v_ef106,120,"Kz. 878 = Steuer auf andere Leistungen (§ 13b Abs. 2 Nr. 4, 5 Buchst. b, Nr. 6 bis 9 und 11 UStG) (Kz. 877)"
v,v_ef107,120,Kz. 846 = Steuerpflichtige sonstige Leistungen eines im übrigen Gemeinschaftsgebiet ansässigen Unternehmers (§13 b Abs 1 UstG)
v,v_ef108,120,Kz. 847 = Steuer auf steuerpflichtige sonstige Leistungen eines im übrigen Gemeinschaftsgebiet ansässigen Unternehmers (§ 13b Abs. 1 UStG) (Kz. 846)
v,v_ef109,120,"Kz. 852 = Lieferungen, die der Auslagerung vorangegangen sind (§ 4 Nr. 4a Satz 1 Buchst. a Satz 2 UStG)"
v,v_ef110,120,"Kz. 853 = Steuer für Lieferungen, die der Auslagerung vorangegangen sind (§ 4 Nr. 4a Satz 1 Buchst. a Satz 2 UStG) (Kz. 852)"
v,v_ef111,120,Kz. 741 = Steuerfreie Umsätze mit Vorsteuerabzug: Innergemeinschaftliche Lieferungen (§ 4 Nr. 1b UStG) an Abnehmer mit USt-IdNr.
v,v_ef112,120,Kz. 744 = Steuerfreie Umsätze mit Vorsteuerabzug: innergemeinschaftliche Lieferungen neuer Fahrzeuge an Abnehmer ohne USt-IdNr.
v,v_ef113,120,Kz. 749 = Steuerfreie Umsätze mit Vorsteuerabzug: innergemeinschaftliche Lieferungen neuer Fahrzeuge außerhalb eines Unternehmens (§ 2a UStG)
v,v_ef114,120,Kz. 237 = Summe der weiteren steuerfreien Umsätze mit Vorsteuerabzug
v,v_ef115,120,"Kz. 286 = Steuerfreie Umsätze ohne Vorsteuerabzug: nicht zum Gesamtumsatz (§ 19 Absatz 3 UStG) gehörend, z.B.  nach § 4 Nr. 12 UStG (Vermietung und Verpachtung von Grundstücken)"
v,v_ef116,120,"Kz. 287 =  Steuerfreie Umsätze ohne Vorsteuerabzug: nicht zum Gesamtumsatz (§ 19 Absatz 3 UStG) gehörend, nach § 4 Nummer UStG"
v,v_ef117,120,Kz. 240 = Summe der zum Gesamtumsatz gehörenden steuerfreien Umsätze ohne Vorsteuerabzug
v,v_ef118,120,Kz. 209 = steuerpflichtige Umsätze für die der Leistungsempfänger die Steuer nach § 13b Abs.5 UStG schuldet
v,v_ef119,120,"Kz. 210 = steuerpflichtige Umsätze im Sinne des §13b (2) Nr.10 eines im Inland ansässigen Unternehmers, für die der Leistungsempfänger die Umsatzsteuer schuldet"
v,v_ef120,120,"Kz. 208 = Beförderungs- und Versendungslieferungen in das übrige Gemeinschaftsgebiet (§ 3c UStG), die in den steuerpflichtigen Lieferungen, sonstigen Leistungen und unentgeltlichen Wertabgaben enthalten sind"
v,v_ef121,120,"Kz. 206 = Beförderungs- und Versendungslieferungen in das übrige Gemeinschaftsgebiet(§ 3c UStG), die in anderen EU-Mitgliedstaaten zu versteuern sind"
v,v_ef122,120,Kz. 212 = Auf die inländischen Streckenanteile entfallende Umsätze grenzüberschreitender Personenbeförderungen im L uftverkehr (§ 26 Abs. 3 UStG)
v,v_ef123,120,"Kz. 213 = Telekommunikations-, Rundfunk- und Fernsehdienstleistungen sowie auf elektronischem Weg erbrachte sonstige Leistungen an im übrigen Gemeinschaftsgebiet ansässige Nichtunternehmer unter der Voraussetzung des § 3a Abs. 5 Sätze 3 und 4 UStG, die in den steuerpflichtigen Lieferungen, sonstigen Leistungen und unentgeltlichen Wertabgaben oder bei Kleinunternehmern im Gesamtumsatz nach § 19 Abs. 1 und 3 UStG enthalten sind."
v,v_ef124,120,"Kz. 214 = Telekommunikations-, Rundfunk- und Fernsehdienstleistungen sowie auf elektronischem Weg erbrachte sonstige Leistungen an im übrigen Gemeinschaftsgebiet ansässige Nichtunternehmer unter der Voraussetzung des § 3a Abs. 5 Sätze 3 und 4 UStG, die in anderen EU-Mitgliedstaaten zu versteuern sind."
v,v_ef129,120,"Kz. 870 = Vorsteuer-Vergügungsverfahren beim BZSt: Ist für das Kalenderjahr XXXX die Vergütung von Vorsteuern in einem besonderen Verfahren (§ 18 Abs. 9 UStG, §§ 59 bis 61a UStDV) beantragt worden?"
v,v_ef130,120,Kz. 888 = Anrechenbare Beträge: Bei der Beförderungseinzelbesteuerung entrichtete Umsatzsteuer (§ 18 Abs. 5b Satz 2 UStG)
v,v_ef131,120,Kz. 886 = Anrechenbare Beträge: Entrichtete Sicherheitsleistungen (§ 18 Abs. 12 Satz 5 UStG)
v,v_ef132,120,Kz. 898 = In den steuerpflichtigen Umsätzen enthaltene Beförderungs- und Versendungslieferungen aus dem übrigen Gemeinschaftsgebiet (§ 3c UStG)
v,v_ef133,120,"Kz. 840 = Umsätze, für die der Leistungsempfänger die Steu er nach §13b (5) Satz 1 i.v.m. (2) Nr. 10 UStG schuldet"
v,v_ef134,120,"Kz. 863 = Umsätze, für die der Leistungsempfänger die Steuer nach § 13b UStG schuldet"
v,v_ef135,120,"Kz. 856 = Sonstige Leistungen gehörend zu Telekommunik ation, Rundfunk, Fernsehen, elektronisch erbracht (in den steuerpflichtigen Umsätzen nicht enthalten)"
v,v_ef138,120,Nummer der Eintragung in das Handels- und Genossenschaftsregister (Registerkennung und Registernummer)
v,v_ef139,120,Ort der Eintragung in das Handels- und Genossenschaftsregister (Postleitzahl des Amtsgerichts)
v,v_ef143,120,Summe Innergemeinschaftliche Erwerbe
v,v_ef144,120,"Summe Lieferungen und Leistungen, Ausgangsumsatz"
v,v_ef145,120,Summe Umsatzsteuer
v,v_ef146,120,Summe abziehbare Vorsteuer einschl. Berichtigung
v,v_ef147,120,Umsatzsteuer/Überschuss
v,v_ef153,120,Summe Umsatzsteuer für Lieferungen und Leistungen
v,v_ef154,120,Summe Umsatzsteuer für innergemeinschaftliche Erwerbe
v,v_ef155,120,Summe verbleibende Umsatzsteuer/Überschuss
v,v_ef168,120,"Summe Steuer auf Lieferungen und Leistungen Ausgangsumsatz,inkl.§13b, Auslagerer"
v,v_ef19a,120,ULK für Kleinunternehmer
v,v_ef19b,120,Kz. 133 Steuerberechnung nach vereinbarte/vereinnahmte Entgelten
u,u_ef2,75,Merker Insolvenz (Kz. 006 027)
u,u_ef3,75,Amtlicher Gemeindeschlüssel (AGS)
u,u_ef4,75,Wirtschaftszweig 2008
u,u_ef5,75,Wirtschaftszweig 2008 (Zusatzschlüssel)
u,u_ef6,75,Letztgültige Zahlungsweise
u,u_ef7,75,Dauer der Steuerpflicht
u,u_ef8,75,Ist Besteuerung nach §20 Abs.1 Nr.1 UStG
u,u_ef9,75,Land- und Forstwirtschaft mit Option nach § 24 Abs.4 UStG
u,u_ef10,75,Vorsteuer nach allgem. Durchschnittsätzen nach §23 US tG
u,u_ef11,75,Ist Besteuerung nach §20 Abs.1 Nr.2 oder Nr.3 UStG
u,u_ef12,75,Organschaft nach §2 Abs.2 Nr.2 UStG
u,u_ef14,75,Antrag auf Dauerfristverlängerung
u,u_ef15,75,Rechtsform
u,u_ef16,75,Vorsteuer nach § 23a UStG
u,u_ef17,75,Betrieb verschiedener Wirtschaftszweige
u,u_ef19,75,Steuernummer alt
u,u_ef18u1,75,Staatenschlüssel
u,u_ef20,75,Umsatzsteuer-Identnummer
u,u_ef21,75,Lieferland (zweistelliger Länderschlüssel)
u,u_ef22,75,Steuernummer
u,u_ef24,75,Kz.41 = Steuerfreie Umsätze mit Vorsteuerabzug für innergemeischaftliche Lieferungen (§4 Nr 1 Buchst.b UstG)an Abnehmer mit USt-IdNr
u,u_ef25,75,Kz.44 = Steuerfreie Umsätze mit Vorsteuerabzug für Lieferu ngen neuer Fahrzeuge an Abnehmer ohne USt-IdNr.
u,u_ef26,75,"Kz.43 = weitere steuerfreie Umsätze mit Vorsteuerabzug (z.B. Ausfuhrlieferungen, Umsätze nach §4 Nr. 2-7 UStG)"
u,u_ef27,75,Kz.48 = Steuerfreie Umsätze ohne Vorsteuerabzug nach §4 Nr. 8 bis 28 UStG
u,u_ef28,75,Kz.81 = Steuerpflichtige Lieferungen und Leistungen zu 19%
u,u_ef29,75,Kz.42 = Innergemeinschaftliche Dreiecksgeschäfte §25b UStG
u,u_ef30,75,Kz.86 = Steuerpflichtige Lieferungen und Leistungen zu 7%
u,u_ef31,75,"Kz.35 = Umsätze, die anderen Steuersätzen unterliegen"
u,u_ef32,75,"Kz.36 = Steuer für vorgenannte Umsätze, die anderen Steuer sätzen unterliegen (Kz.35)"
u,u_ef33,75,Kz.77 = Umsätze nach §24 UStG in die EU an Abnehmer mit USt-IdNr.
u,u_ef34,75,"Kz.76 = Umsätze nach §24 UStG (Sägewerkserzeugnisse, Getränke usw.)"
u,u_ef35,75,"Kz.80 = Umsatzsteuer für vorgenannte Umsätze nach §24 UStG (Sägewerkserzeugnisse, Getränke usw.)(Kz.76)"
u,u_ef36,75,Kz.91 = Steuerfreie innergemeinschaftliche Erwerbe nach §§ 4b und 25c UStG
u,u_ef37,75,Kz.95 = Steuerpflichtige innergemeinschaftliche Erwerbe zu anderen Steuersätzen
u,u_ef38,75,Kz.93 = Steuerpflichtige innergemeinschaftliche Erwerbe zu 7 %
u,u_ef39,75,Kz.94 = Steuerpflichtige innergemeinschaftliche Erwerbe neuer Fahrzeuge v. Lieferern ohne USt-IdNr.
u,u_ef40,75,Kz.65 = Steuer infolge Wechsels der Besteuerungsart sowie Nachsteuer auf versteuerte Anzahlung wegen Steuersatzerhöhung
u,u_ef41,75,"Kz.66 = Abziehbare Vorsteuerbeträge aus Rechn. v. a. Unter n., aus Leistungen i.S. §13a Abs. 1 Nr. 6 und aus innerge m. Dreiecksgeschäften"
u,u_ef42,75,Kz.61 = Abziehbare Vorsteuerbeträge aus dem innergemeinsch aftlichen Erwerb von Gegenständen
u,u_ef43,75,Kz.62 = Entrichtete Einfuhrumsatzsteuer
u,u_ef44,75,Kz.63 = Abziehbare Vorsteuerbeträge nach allgemeinen Durch schnittsätzen
u,u_ef45,75,Kz.64 = Berichtigung des Vorsteuerabzugs nach §15a UStG
u,u_ef46,75,Kz.67 = Vorsteuerbeträge aus Leistungen im Sinne des §13b Abs. 1 UStG
u,u_ef47,75,Kz.96 = Steuer für innerg. Erwerb neuer Fahrzeuge ohne USt-IdNr. aus Kz.94
u,u_ef48,75,"Kz.69 = In Rechnungen unrichtig oder unberechtigt ausgewiesene Steuerbeträge (§ 14c UStG) sowie Steuerbeträge, die nach § 4 Nr. 4a Satz 1 Buchst. a Satz 2, § 6a Abs. 4 Satz 2,"
u,u_ef49,75,Kz.83 + Kz.38 + Kz.59 = Umsatzsteuer-Vorauszahlung
u,u_ef50,75,Kz.39 = Anrechnung der Sondervorauszahlung auf Dauerfrist- verlängerung
u,u_ef51,75,Kz.98 = Steuer für innergem. Erwerbe zu and. Steuersätzen (aus Kz.95)
u,u_ef52,75,Kz.52 = andere Leistungen eines im Auslandansässigen Unternehmen (§13b 2 Nr. 1 u. 5aUStG)
u,u_ef53,75,"Kz.73 = Umsätze, die unter das GrEStG fallen (§13b Abs. 2 Nr. 3 UStG)"
u,u_ef54,75,"Kz.84 = Andere Leistungen (§13b Abs.2 Nr. 1, 2, 4 bis 11 UStG)"
u,u_ef55,75,"Kz.60 = Steuerpflichtige Umsätze,des leistenden Unternehmens, für die der Leistungsempfänger die Steuer nach § 13b Abs. 5 UStG schuldet"
u,u_ef56,75,Kz.89 = Steuerpflichtige innergemeinsch. Erwerbe zu 19%
u,u_ef57,75,Kz.46 = Sonstige Leistungen nach §3a Abs.2 eines im übrigen Gemeinschaftsgebiet ansässigen Unternehmers (§ 13b Abs. 1 UStG)
u,u_ef58,75,Kz.47 = Umsatzsteuer zu Kz.46
u,u_ef60,75,Kz.53 = Steuer für Umsätze aus Kz.52
u,u_ef61,75,Kz.74 = Steuer für Umsätze aus Kz.73
u,u_ef62,75,Kz.85 = Steuer für Umsätze aus Kz.84
u,u_ef63,75,"Kz.68 = Steuerpflichtige Umsätze, für die derLeistungs- empfänger die Steuer nach §13bAbs.5 Satz 1 i.V.m. Abs. 2 Nr. 10 UStGschuldet (ab 1.7.2011)"
u,u_ef64,75,"Kz.78 = Lieferungen von Mobilfunkgeräten undintegrierten Schaltkreisen (§13b Abs.2 Nr.10UStG), ab 1.7.2011"
u,u_ef65,75,"Kz.79 = Steuer für vorgenannte Umsätze (Kz.78), ab 1.7.2011"
u,u_ef71,75,Lieferungen und Leistungen
u,u_ef72,75,innergemeinschaftliche Erwerbe
u,u_ef73,75,Steuerfreie Umsätze mit Vorsteuerabzug
u,u_ef74,75,Umsatzst. vor Abz. der Vorst.f.Lieferungen und Leistungen (ohne §13b Steuer)
u,u_ef75,75,Umsatzst. vor Abz. der Vorst.f. innergemeinschaftliche Erwerbe
u,u_ef76,75,Umsatzsteuer vor Abzug der Vorsteuer insgesamt
u,u_ef77,75,abz.Vorst. f. Lieferungen und Leistungen
u,u_ef78,75,abz.Vorst. insgesamt
u,u_ef79,75,Steuerpflichtige Lieferungen und Leistungen (ohne §13b)
u,u_ef80,75,Steuerfreie Umsätze insgesamt
u,u_ef81,75,"Umsätze, für die als Leistungsempfänger die Steuer nach §13b Abs. 2 UStG geschuldet wird"
u,u_ef82,75,"Umsatzsteuer, die der Leistungsempfänger nach §13b schuldet"
u,u_ef89,75,Handelsregisternummer (Registerkennung und Registernummer)
u,u_ef90,75,Ort der Eintragung in das Handels- u. Genossenschaftsregi ster
