"id","jahr","ags","verk","urs_we_umsatz","urs_we_tp_stichtag","g_k2110","k_c13110","v_ef48","e_c25100"
1,2013,"11320044","_kup_re",431.320457732655,16,NA,-67628.4347677357,NA,85059.4279023804
1,2014,"02077759","g___vre",398.05345876032,24,57810.7942909363,NA,1859639.59267259,496738.186769164
1,2015,"04158969","___pvr_",1601.97004558236,8,NA,NA,248086.053193352,NA
1,2016,"10232460","__u_vre",16.9927904238166,11,NA,NA,286183.960650055,26969.5448440331
1,2017,"09096471","g_u_vr_",288.622347539042,19,31810.2872125515,NA,260031.85720496,NA
1,2018,"07342330","g__pvre",89.1282210296057,8,-212240.568194248,NA,157902.803581961,35907.4075250211
1,2019,"14645268","g____re",5361.69613125064,13,-84270.5808532608,NA,NA,28840.0042827712
2,2013,"05659205","g___vre",105.567734160029,15,104824.051870461,NA,16878.3015984487,93732.816365766
2,2014,"09900176","g___vre",1955.86771729695,13,167411.141525224,NA,1431059.92011388,2706464.35937503
2,2015,"14831744","__u_vr_",75.1407675254137,13,NA,NA,128979.1898264,NA
2,2016,"07068221","g___vr_",2183.55623834625,21,-78054.1838784245,NA,808458.896098893,NA
2,2017,"14809380","g____re",646.068316364873,13,17637.3878948703,NA,NA,13442.1764321913
2,2018,"02463251","____vre",26.8018154094908,11,NA,NA,410540.037070806,85025.3525516371
2,2019,"04635055","_kup_re",20.2575133482847,16,NA,119511.964004321,NA,213791.594087938
3,2013,"07876854","g_up_r_",28.7364253425901,17,99919.1436965164,NA,NA,NA
3,2014,"02103890","g___vr_",502.038006776143,8,136852.345367553,NA,44428.3995433459,NA
3,2015,"13275257","g___vre",26.9969700747298,10,-46928.9801466728,NA,15270.797489272,154167.392971589
3,2016,"05051809","___pvre",105.507644624076,5,NA,NA,211455.451647009,174062.260587401
3,2017,"07616249","gk__vr_",27.3542544574,20,67822.7588355464,57225.4017367464,48610.4240110862,NA
3,2018,"08235933","g_u_vr_",1405.92257104807,17,140525.9607773,NA,100236.578224957,NA
3,2019,"11903309","g__pvr_",181.246942607807,9,213124.321309769,NA,21417.9188498505,NA
4,2013,"05881841","g_u__re",13.5734742052241,11,48601.2477778288,NA,NA,46277.4598544623
4,2014,"03590365","g_u_vr_",14810.3858997923,15,200880.827572319,NA,28481.5883007138,NA
4,2015,"02170199","g____re",35.3319084580217,10,74523.5798213565,NA,NA,7229.08907299087
4,2016,"05706721","____vr_",139.301201255735,17,NA,NA,159225.096955993,NA
4,2017,"07792208","g_u_vr_",37.1222464341418,17,62213.333106156,NA,25523.7247018391,NA
4,2018,"07217627","____vr_",25.7046115736692,13,NA,NA,605157.266876788,NA
4,2019,"11618567","___p_r_",186.36882746874,21,NA,NA,NA,NA
5,2013,"07613037","____vre",17.0104211252704,16,NA,NA,34924.9455396343,9611.1639491494
5,2014,"10566170","gk___re",60.7361073313232,16,-31093.2870319565,37113.7769437599,NA,128428.400537415
5,2015,"14244109","____vr_",25.3871586170024,18,NA,NA,22792.5950859584,NA
5,2016,"12878035","g_u__r_",1079.44002199994,15,-19809.6242358786,NA,NA,NA
5,2017,"04534935","__u__re",562.057448991689,16,NA,NA,NA,380001.275506438
5,2018,"09639952","g____re",15148.9019871395,14,-55517.4409175143,NA,NA,33192.2183371187
5,2019,"05004384","g___vre",435.849711214676,9,232223.61698211,NA,432395.390887978,34198.1352819617
6,2013,"10137019","g_u_vre",32.8413215068082,17,-49370.9060688446,NA,155980.075388204,21520.2587927637
6,2014,"05795045","g___vr_",32.3966632667493,7,-9739.7955795439,NA,6107988.44642774,NA
6,2015,"04803682","____vr_",4.35029358923612,16,NA,NA,818921.626053172,NA
6,2016,"11787903","__up_r_",152.30821370221,14,NA,NA,NA,NA
6,2017,"08256707","gk___re",428.575223871924,15,26205.6533608733,-101704.274853562,NA,15329.3817843147
6,2018,"04209503","g_u_vr_",103.275877536496,13,-64329.2099388054,NA,75956.487254519,NA
6,2019,"07839746","__upvre",55.9153782866929,12,NA,NA,76371.3921295914,205315.101151026
7,2013,"05634030","g_u_vre",28.6657558419541,10,124540.006562116,NA,392581.829490685,141512.612914841
7,2014,"13476523","__u__re",891.462087714842,25,NA,NA,NA,3463.52885979196
7,2015,"07789195","_____re",19.7890259968766,15,NA,NA,NA,34632.4273227767
7,2016,"06122966","g___vr_",856.727533549781,19,64482.3701271614,NA,4957.13444421551,NA
7,2017,"15204675","_k_p_r_",1344.42971345444,14,NA,-96554.6872683955,NA,NA
7,2018,"09328945","__u_vre",1480.27345812858,14,NA,NA,106622.398381363,90815.2724425125
7,2019,"13147526","g____re",105.590574093717,24,14791.9874769247,NA,NA,13400.8824332422
8,2013,"08006780","__u_vre",769.416929186618,15,NA,NA,313530.187617421,517192.477366666
8,2014,"04844339","g_u_vr_",304.098119090995,15,25877.7719959223,NA,10014.3184866437,NA
8,2015,"04424549","g___vre",108.470478413634,12,32663.6099696208,NA,493697.963104781,53316.6577123856
8,2016,"07056848","____vr_",198.804866021556,18,NA,NA,208896.392661428,NA
8,2017,"01826220","____vre",114.875596354572,18,NA,NA,67260.7061397152,55326.2187248488
8,2018,"05260510","__u_vre",33.9633639738805,10,NA,NA,218667.070418005,27847.9321579819
8,2019,"14119315","_k___r_",3.11634603126718,22,NA,11727.4566953003,NA,NA
9,2013,"09541954","g_u_vre",1242.05638472905,11,60524.9563578487,NA,308621.472456031,87509.5991000938
9,2014,"05425416","g____r_",643.203647342553,9,-35020.2202839135,NA,NA,NA
9,2015,"04901619","____vr_",438.320189835062,19,NA,NA,2707875.38834197,NA
9,2016,"07930091","_ku_vr_",136.727975423476,11,NA,102261.856243615,165001.338383134,NA
9,2017,"09894828","gk__vr_",181.249572209777,21,-22438.7761885343,-28516.5367606378,32871.3958329934,NA
9,2018,"13393474","g___vre",65.5120367448025,17,-470.92632466591,NA,38539.7404918174,28955.8101683985
9,2019,"01707458","g___vr_",197.271335836293,13,68733.1000445302,NA,518571.883082292,NA
10,2013,"08730776","g_u_vre",508.676476553066,23,-31672.5148137101,NA,555528.953300063,34640.8839408505
10,2014,"16489428","g_u_vr_",14995.4268936806,13,-14483.3092077839,NA,167239.8399988,NA
10,2015,"05407628","____vre",607.268926931633,17,NA,NA,290388.740365982,17245.1216632008
10,2016,"04495056","g_u__re",113.943611111199,20,217194.100066757,NA,NA,41947.6055950051
10,2017,"10873045","g_u_vr_",31.2079547582456,13,-33183.5571510426,NA,347840.29949501,NA
10,2018,"09133357","__u__r_",37.6340205750013,13,NA,NA,NA,NA
10,2019,"04818473","_k__vre",832.427067418108,8,NA,-4615.48162955291,190228.832279122,6099.10138492974
11,2013,"05717072","_____re",16.716879257055,17,NA,NA,NA,20129.0351239254
11,2014,"05186609","____vr_",187.466256469924,18,NA,NA,1566056.52991072,NA
11,2015,"04873356","g___vre",486.877607357387,8,104213.807282914,NA,271015.924634147,64413.1810675945
11,2016,"07661226","_____re",95.7826510578637,16,NA,NA,NA,16871.6051767121
11,2017,"05739151","__u__re",41.6728708131048,15,NA,NA,NA,33941.4050647982
11,2018,"14097046","__u__re",214.335918372024,16,NA,NA,NA,116567.983926657
11,2019,"05283168","_____re",168.747687597704,11,NA,NA,NA,665707.100519126
12,2013,"04907176","__u_vre",20.3966320049579,19,NA,NA,118748.852222388,60263.3918707358
12,2014,"07798243","g___vr_",101.565193514944,16,140705.839261384,NA,8278.65970010683,NA
12,2015,"05991560","____vr_",1868.07320065483,16,NA,NA,301254.664875301,NA
12,2016,"08784028","g_u_vre",136.826572051812,22,50144.1154804096,NA,585409.162323151,39076.5390729136
12,2017,"05779615","____vre",125.211374862799,16,NA,NA,129910.996701101,33495.632290711
12,2018,"04359914","____vr_",368.799648068667,14,NA,NA,42013.0775525645,NA
12,2019,"09889395","gk_p_re",1065.28382525724,21,-122575.505935857,173951.479490284,NA,9790.34121569682
13,2013,"01752827","g_u_vre",2.71748888522689,15,10415.2379661801,NA,135483.019028638,17192.8713709399
13,2014,"08299047","g_u_vr_",1670.36682717642,13,106164.028190322,NA,44230.8876394089,NA
13,2015,"04090692","__u_vre",74.7760702474044,13,NA,NA,182532.395327896,11469.4642205035
13,2016,"05825055","g____re",2.25764818425323,15,53867.2911501624,NA,NA,542569.875850047
13,2017,"05099446","g___vre",173.487289234929,14,49746.8113649578,NA,142980.542782376,6244.52284224592
13,2018,"04934235","__upvr_",1430.61493814028,21,NA,NA,830632.995847437,NA
13,2019,"09453661","g___vr_",514.20594857698,13,-62028.6718456053,NA,2010839.20155508,NA
14,2013,"05915124","____vre",223.922261526409,20,NA,NA,427629.340536911,71721.8102944633
14,2014,"04516197","g_u_vre",341.587969599617,22,160337.022105916,NA,82190.3662792192,43578.6967391889
14,2015,"02129637","g___vr_",163.306791770806,11,249892.113616659,NA,1509619.851327,NA
14,2016,"02204324","____vre",639.320289669695,13,NA,NA,119294.69686326,456453.574017766
14,2017,"14950045","g___vr_",0.622278347141275,12,-222007.837619511,NA,632503.825229251,NA
14,2018,"04601115","____vre",70.4308032932335,13,NA,NA,1721499.04041834,287649.209146519
14,2019,"07990809","_ku__r_",181.050254699649,16,NA,224212.638663951,NA,NA
15,2013,"14390695","g___vr_",125.792286231053,16,103046.177756419,NA,2749895.0554031,NA
15,2014,"08480389","g___vr_",2600.99633387804,20,93937.022434431,NA,371805.612902857,NA
15,2015,"09368244","g___vr_",457.825242614226,15,14291.2382921966,NA,338726.546125934,NA
15,2016,"04949564","_ku_vr_",47345.5188151881,16,NA,220399.043435811,1744759.11480781,NA
15,2017,"04789184","g___vr_",58.8938861699583,12,1308.39277458748,NA,1115008.496084,NA
15,2018,"04579763","____vre",2.01830559996508,17,NA,NA,184176.663492084,356800.366030462
15,2019,"02485870","g____r_",331.120717423993,12,-91974.258057687,NA,NA,NA
16,2013,"06644904","__u_vre",737.749983817922,10,NA,NA,849578.492243984,590975.74138543
16,2014,"14604085","__u__r_",112.485605892132,9,NA,NA,NA,NA
16,2015,"14735607","g_upvr_",222.264181530357,14,-45673.5438756657,NA,47583.5867295024,NA
16,2016,"08966561","g_u_vr_",3.59205275920944,15,-25627.7959968592,NA,271137.508089832,NA
16,2017,"05358671","____vr_",151.603445861319,13,NA,NA,629535.36446189,NA
16,2018,"08147470","____vr_",5.94242578128807,24,NA,NA,414572.690302444,NA
16,2019,"10141459","g___vre",178.877167183726,15,-183229.426289645,NA,17266.8461412065,20079.6922634878
17,2013,"01105940","g___vre",106.395949626508,16,145367.935543977,NA,15196.6384774051,46556.9232657287
17,2014,"07616022","gk___re",7946.6188113326,21,21592.3153240884,158041.020805819,NA,82008.1171712422
17,2015,"08667904","g__p_r_",91.0583342664948,13,107797.577516788,NA,NA,NA
17,2016,"08182554","__u_vre",161.025401577879,20,NA,NA,197332.276120858,123020.612821977
17,2017,"05519510","_____r_",52.523596639836,11,NA,NA,NA,NA
17,2018,"04001823","g___vre",337.311712374788,8,-88655.3501418711,NA,213283.669563356,142872.16215524
17,2019,"08767649","____vre",70.1208097784596,19,NA,NA,442194.396240371,3289.22333924039
18,2013,"10095550","____vr_",70.5374087574428,11,NA,NA,115908.362174179,NA
18,2014,"04377043","____vre",12.2808461010074,8,NA,NA,405353.943505374,67831.900955794
18,2015,"07258842","__u__re",35.7965383988175,13,NA,NA,NA,24033.6167859662
18,2016,"08027865","__u__re",13.0977924528976,14,NA,NA,NA,792881.779587044
18,2017,"08997023","g_u_vre",4.71315527534333,19,-79150.2499368393,NA,242817.046235151,205236.766560475
18,2018,"14025556","____vr_",169.135223474152,15,NA,NA,783120.792802422,NA
18,2019,"07053176","g____re",35.1533378465623,14,3634.21202703124,NA,NA,16621.4439129517
19,2013,"11760201","__u_vr_",21.2135355289131,24,NA,NA,1013888.98660797,NA
19,2014,"06259607","____vr_",539.500290490146,14,NA,NA,298332.507050193,NA
19,2015,"04706972","g___vr_",2.53332611559058,16,112550.167239058,NA,1290943.14518445,NA
19,2016,"14960061","_k__vre",55.1671805321938,15,NA,119051.652303536,165933.149401726,21570.1950453341
19,2017,"11741117","_____r_",168.246303783901,12,NA,NA,NA,NA
19,2018,"08778464","____vre",680.466167422373,14,NA,NA,63799.7614613403,7643.11270307332
19,2019,"09457292","_____re",64.8057581640527,18,NA,NA,NA,14230.3969525546
20,2013,"02851304","gku__r_",40.3956203862794,11,313048.690047699,164759.753821466,NA,NA
20,2014,"16451291","gk_pvre",37.7371940240881,18,-74671.0906492007,93637.7788369926,29802.4966516928,404674.92932409
20,2015,"08002920","____vre",38.6274178997685,16,NA,NA,67272.1901024075,460690.472333287
20,2016,"10128916","__u_vre",869.106258206756,17,NA,NA,76195.0738004262,9386.23544351466
20,2017,"05471224","____vr_",491.679901080935,11,NA,NA,593721.823648082,NA
20,2018,"01850294","____vr_",135.753903321314,16,NA,NA,211274.085930101,NA
20,2019,"09933172","g____r_",179.232110641291,11,95144.5963397697,NA,NA,NA
21,2013,"05986173","g___vr_",399.145651642375,19,55456.0913396713,NA,163499.659576461,NA
21,2014,"05662982","g___vre",35.2880467004638,11,79388.4610662011,NA,85777.8843800927,42427.4695571306
21,2015,"07094228","g___vre",17.7553433320834,18,-43967.9449221415,NA,74772.9492436482,151233.61063248
21,2016,"01641143","__u_vr_",117.345007872139,16,NA,NA,2776.81799311002,NA
21,2017,"14353188","____vre",46.2234322238436,15,NA,NA,189036.79032932,11744.348654489
21,2018,"12480898","____vre",574.470460807869,18,NA,NA,8267.18302603817,82443.5070091773
21,2019,"05630300","g_u_vre",142.450852070743,20,-18729.6886882656,NA,1591422.33264808,62015.9452340151
22,2013,"02479055","g_up_r_",63.8341183093798,16,-43248.667781994,NA,NA,NA
22,2014,"04754134","g___vr_",696.850461105096,12,62412.0641485157,NA,701921.235882796,NA
22,2015,"05863644","g_u_vre",29.4283630529515,23,17536.5569583233,NA,3369832.98008318,227491.136440768
22,2016,"14326508","____vr_",37.3956944447063,15,NA,NA,1623582.33049551,NA
22,2017,"04455554","g___vr_",4.07736693332325,14,298772.939861638,NA,719469.448241751,NA
22,2018,"01056626","____vre",23977.4918239715,10,NA,NA,104343.700268562,3753.72295398998
22,2019,"07793895","___pvre",255.36508157663,16,NA,NA,383186.826443136,155066.714546023
23,2013,"09647410","_k___r_",1101.21667844997,15,NA,267537.817364956,NA,NA
23,2014,"01458540","____vre",848.862985934238,13,NA,NA,20538.1970774946,87834.3244665004
23,2015,"05340938","__u__r_",181.620363376543,18,NA,NA,NA,NA
23,2016,"05356022","_____re",234.959223323531,16,NA,NA,NA,35692.3216528779
23,2017,"05996944","_____r_",45.9459535103566,15,NA,NA,NA,NA
23,2018,"09938701","____vre",597.523957563643,12,NA,NA,340415.180038251,301424.174619741
23,2019,"02802069","g____re",33.0064856736732,15,126562.637045679,NA,NA,159184.239484375
24,2013,"08666094","____vre",59.3318628580438,8,NA,NA,906000.590207475,103735.708263268
24,2014,"08359575","__u_vr_",103.498965408372,14,NA,NA,450610.670046369,NA
24,2015,"05250809","____vre",98.1825762360368,10,NA,NA,1777668.98757884,147304.195333464
24,2016,"08574673","g___vr_",257.510782997931,13,138909.455459786,NA,43914.7349609977,NA
24,2017,"05313087","____vre",249.037191785978,14,NA,NA,89837.7248723613,954458.43639291
24,2018,"07716657","g___vr_",11826.7972752108,15,299904.549655761,NA,584963.301547197,NA
24,2019,"04329597","__u__r_",327.681974197096,17,NA,NA,NA,NA
25,2013,"05883377","g___vre",8720.41766532564,12,92093.9100461942,NA,1118277.30966381,272724.205835373
25,2014,"05500020","_k_pvre",318.219772838185,17,NA,55812.0309804865,289373.472527697,16181.4316638244
25,2015,"14482604","g___vre",1208.23798927743,18,103337.014914804,NA,24618.2541988682,137227.88740328
25,2016,"07983543","g__pvre",686.040218148179,19,26874.3158538233,NA,176146.827906995,160781.009865334
25,2017,"07589739","_____re",13.7962284791743,15,NA,NA,NA,130587.405072647
25,2018,"07037917","__u__r_",11.2935136122526,14,NA,NA,NA,NA
25,2019,"07936608","g___vre",74.9411733858352,16,-9830.4754091853,NA,834515.562195435,45642.2899768295
26,2013,"05281587","gku__re",61.4280305713784,16,143794.866062662,-110404.944468549,NA,74581.638680378
26,2014,"10151622","g___vr_",3.61422268893684,17,-41771.9721827087,NA,258351.65898191,NA
26,2015,"08214099","g_u_vre",13.7666655979734,18,-178669.483198794,NA,16799.7037241072,3122.81905432608
26,2016,"12569200","___pvr_",18.6000585176127,13,NA,NA,97871.5897705132,NA
26,2017,"01122846","_kupvr_",22.6173568653529,18,NA,21684.2774821934,839478.135254291,NA
26,2018,"11323039","g___vre",1140.9189509251,17,67325.9585347931,NA,6609.13230985415,8476.11435427128
26,2019,"16498353","____vr_",745.355891872557,12,NA,NA,163386.499446851,NA
27,2013,"04826097","_____r_",246.719368485774,15,NA,NA,NA,NA
27,2014,"04825206","_ku_vr_",50.8774147072019,16,NA,51951.4556212984,2982332.85639661,NA
27,2015,"14570726","_k__vr_",576.099872623831,18,NA,109239.897776583,462993.476109164,NA
27,2016,"14748307","_k__vr_",209.483855421473,10,NA,-44020.4369516574,1970292.45023362,NA
27,2017,"11300161","_kupvre",615.502796858149,17,NA,-5851.15528693818,610951.763512756,5099.82654352339
27,2018,"12233119","____vre",222.268448784492,16,NA,NA,2069549.25458998,19312.2261381101
27,2019,"05037745","_____r_",29.5988432440224,12,NA,NA,NA,NA
28,2013,"04289815","____vr_",216.738395827486,20,NA,NA,1209416.9738112,NA
28,2014,"05491679","____vr_",40.0422489129702,15,NA,NA,69158.8685343166,NA
28,2015,"01425838","__u_vr_",202.019290748004,12,NA,NA,32609.4064631264,NA
28,2016,"05320330","____vre",106.414976119478,16,NA,NA,373039.098437267,31385.8083672618
28,2017,"05826433","____vre",2357.73880825684,12,NA,NA,962847.992811606,6935.71742448403
28,2018,"05607915","____vr_",75.4727519668903,18,NA,NA,1481594.60107709,NA
28,2019,"05596275","__u_vre",240.415682021975,12,NA,NA,10829.4059430534,78938.8821079327
29,2013,"07997057","__u_vr_",199.013572843501,16,NA,NA,460011.664760703,NA
29,2014,"05174285","g___vr_",700.632063608346,22,10679.0778886417,NA,34266.2339924843,NA
29,2015,"14328535","__upvre",26.0757120190452,14,NA,NA,437960.104865438,17566.0457371628
29,2016,"14637340","_____re",1783.02632937485,15,NA,NA,NA,99052.3344493351
29,2017,"15370909","_____re",89.0927292633361,16,NA,NA,NA,42349.8913173567
29,2018,"07236911","__up_re",11.6490403423363,17,NA,NA,NA,74382.0934874449
29,2019,"16177840","_k__vr_",2457.4356587347,20,NA,174622.718007471,224291.832879261,NA
30,2013,"07925959","g___vr_",593.070649846238,11,104295.843969537,NA,876019.287658846,NA
30,2014,"05460987","__u__r_",661.18706320763,15,NA,NA,NA,NA
30,2015,"07014588","g___vr_",333.938462389411,10,17128.9328727039,NA,269497.722295486,NA
30,2016,"06195047","__u_vr_",54.8721644914492,11,NA,NA,63547.1868288578,NA
30,2017,"07372360","__u_vr_",289.379712296804,10,NA,NA,66733.6757677597,NA
30,2018,"04296972","g_upvr_",98.1054759770834,19,69691.617671592,NA,338391.366096638,NA
30,2019,"04003753","____vr_",68.7211550288054,14,NA,NA,36403.6645803394,NA
31,2013,"08096514","g___vr_",3730.35371483763,21,155511.539073987,NA,37573.8775296213,NA
31,2014,"09139873","g_u_vr_",0.348582435209213,17,79602.7258949236,NA,149531.594927074,NA
31,2015,"04224608","g___vre",128.940107731327,11,144116.491105885,NA,1341444.01118787,18434.2346206033
31,2016,"05171150","_____re",144.533518249485,18,NA,NA,NA,605731.544960511
31,2017,"07232735","____vr_",84.8581448549006,15,NA,NA,148280.972606183,NA
31,2018,"10351252","g____r_",103.72739094188,15,-90986.4298303758,NA,NA,NA
31,2019,"08548798","__u_vr_",342.740582236777,13,NA,NA,778914.42131533,NA
32,2013,"04388678","g___vre",5774.41007956583,15,14206.9633674192,NA,25686.272477626,429335.69766581
32,2014,"08258561","__u_vre",149.140699431116,20,NA,NA,223211.186449924,31447.5611923701
32,2015,"15410258","____vr_",196.900495833376,12,NA,NA,9561.98089772408,NA
32,2016,"07429439","gku_vre",7.97380931562332,15,5222.79438389918,-72294.5581538964,70737.3722265979,45413.6780018685
32,2017,"05321004","g__pvr_",8164.40836117102,14,43552.823006299,NA,7688.348300143,NA
32,2018,"08714096","____vre",39.8777857528558,21,NA,NA,14263.2080774522,129642.348162385
32,2019,"06178208","g__pvre",4.0438153474733,11,98144.3569686878,NA,42295.4555784527,458553.737774233
33,2013,"04907525","_____re",26.662263051585,17,NA,NA,NA,155500.682266969
33,2014,"10164626","g___vr_",5.44394890391808,21,70143.0732667166,NA,63438.27409482,NA
33,2015,"04354515","g_upvre",38.4612308007302,20,219626.181770464,NA,378593.288789941,7632.8425536252
33,2016,"05729500","g___vre",16.3396527965613,13,123524.248644961,NA,43856.2525061353,129164.140035598
33,2017,"05775445","g__pvre",9864.05372291913,16,170012.239084512,NA,11533.268125779,89251.7268983609
33,2018,"04266306","g___vr_",305.277179998025,19,-56651.8974000493,NA,34073.19864617,NA
33,2019,"04218929","g__pvr_",39.1362843665916,14,55773.0752277174,NA,242312.897741068,NA
34,2013,"05701511","g___vre",136.477007636731,7,-38969.4473508333,NA,43740.9002938436,4555.03541061375
34,2014,"04078467","____vr_",726.732897963475,11,NA,NA,147634.492376008,NA
34,2015,"05408971","____vre",1488.55644346726,12,NA,NA,29395.3406042825,202849.782133511
34,2016,"03183165","g___vre",564.231140152442,10,-75756.491965006,NA,68199.9280441328,46278.6387448918
34,2017,"12735773","____vr_",57.5302121209637,10,NA,NA,17212.7807397222,NA
34,2018,"05390258","_____re",129.027555521941,16,NA,NA,NA,36011.3387517171
34,2019,"16044150","____vre",63.3781323733776,14,NA,NA,3584289.97510162,221780.448300383
35,2013,"08878361","g_u__r_",127.617815825124,17,101276.626118467,NA,NA,NA
35,2014,"07298865","g_u_vr_",47.8845661567773,9,95590.41183928,NA,26221.8269039334,NA
35,2015,"05630840","g_u_vr_",73.7215955341746,14,85857.6767515256,NA,487755.528713097,NA
35,2016,"08711903","g___vre",2981.95947407451,14,-12564.2653055707,NA,51919.7638579967,271401.631885011
35,2017,"05943202","g___vre",1.29337781751344,15,199480.280546266,NA,166045.431730562,337894.242675387
35,2018,"04836097","g_u_vre",379.777772600807,12,-131051.063317736,NA,1100735.8153661,21054.3282809345
35,2019,"08264019","g_u__r_",61.9256983345924,18,-67825.0828377318,NA,NA,NA
36,2013,"07298649","g_u_vre",2559.14800236535,19,35820.0546163939,NA,110180.725853163,320508.379533613
36,2014,"05759105","____vr_",556.030438117658,14,NA,NA,38893.486500054,NA
36,2015,"05869898","g___vr_",113.7132562611,20,214818.62254332,NA,42864.6068197954,NA
36,2016,"07026216","g____r_",603.948167604616,10,94054.1843186517,NA,NA,NA
36,2017,"02153060","g____r_",105.842879603528,14,51994.1696122471,NA,NA,NA
36,2018,"04571378","____vre",300.410852485014,12,NA,NA,63972.3223196857,9569.60259231197
36,2019,"05203781","g_u_vre",25.8520455298234,11,146260.450869634,NA,5552.47210768594,78986.0263955383
37,2013,"04596745","____vre",2703.01674545528,17,NA,NA,234082.697292173,164344.67015925
37,2014,"07250931","_k__vre",7969.10836620241,19,NA,108402.864067588,2660900.13288657,20378.7454554304
37,2015,"05482254","____vr_",156.982589199139,16,NA,NA,677037.99476207,NA
37,2016,"12727135","_ku_vre",22.737109387294,19,NA,138861.822563107,202018.587225834,835586.375458746
37,2017,"05493714","____vre",1390.58064324978,8,NA,NA,30610.904957097,842.713030568341
37,2018,"08614659","__u_vre",2116.61364112075,15,NA,NA,76533.3565323925,341858.772710445
37,2019,"08725739","____vr_",106.79523602148,14,NA,NA,89909.2200111002,NA
38,2013,"08970438","gku_vre",205.023946993054,14,20939.94357447,89195.8766776916,251017.553497595,225199.854479673
38,2014,"14587743","_k__vre",36.8227407028796,14,NA,79215.0444444643,192851.551097641,59309.0625345619
38,2015,"05017088","g_upvre",757.278777614111,13,-67450.1648980732,NA,308473.278319222,55239.5498332109
38,2016,"04489817","g_u_vr_",174.736300327419,16,-183553.79982348,NA,119530.454664184,NA
38,2017,"02301737","g___vre",92.7157663006853,14,100468.389467193,NA,552954.920745694,86950.587019306
38,2018,"07724494","____vre",44.9662995493862,18,NA,NA,379104.332519446,2812690.89282957
38,2019,"05210934","__u__re",1276.02734218709,20,NA,NA,NA,233309.763983789
39,2013,"16905110","_____re",83.6992845744277,21,NA,NA,NA,12039.7363563994
39,2014,"05572499","g__pvr_",42.8793698013917,8,-7615.11173902406,NA,39779.5804537086,NA
39,2015,"02893139","_____re",628.794862589403,8,NA,NA,NA,17187.9742520834
39,2016,"15597055","_____re",7183.54555881793,13,NA,NA,NA,4301.72143469215
39,2017,"05031016","g_u_vre",2273.92731011055,12,211684.039370592,NA,2947691.72268373,1965766.41383451
39,2018,"01908963","gk__vre",12.2589385871156,8,-63880.1313348524,-177534.851618122,117885.903778305,7815.69421351482
39,2019,"07339106","_ku_vr_",3494.43276761449,13,NA,-50961.2795913912,148272.852250425,NA
40,2013,"05324968","____vr_",137.128241427959,14,NA,NA,71811.6023472053,NA
40,2014,"15799731","gk___re",2343.93839314747,17,48720.479849182,320682.713001243,NA,143348.808662749
40,2015,"04795616","g___vr_",467.080903514025,15,266512.547115126,NA,49733.3914514482,NA
40,2016,"04080143","g_u_vre",127.706864749257,17,87322.2885483017,NA,17173.1866171906,122720.354282087
40,2017,"07775660","g___vre",439.343050086381,21,97951.5471260775,NA,58977.5060052272,499085.055591656
40,2018,"07981713","g___vre",8.91534192744189,20,89297.2967557898,NA,200157.180658342,160539.326852403
40,2019,"04992160","_____r_",173.697163923988,14,NA,NA,NA,NA
41,2013,"07681171","g___vre",436.820350746857,18,-13668.3950186723,NA,176016.676790244,586007.19585017
41,2014,"05905026","__u_vre",94.813923000613,26,NA,NA,122086.901633092,247154.166331892
41,2015,"05288370","g_u_vre",31.8530314913077,19,207327.002344324,NA,242597.45082721,22749.5272773729
41,2016,"13256769","____vre",1241.25477936657,9,NA,NA,245653.885779163,789709.40523703
41,2017,"04553063","____vre",56.04317053379,12,NA,NA,466096.150333125,602766.985944585
41,2018,"05761635","_k__vre",26.5930918449352,16,NA,36079.1896891765,86844.7785068671,1409605.82883548
41,2019,"07463347","____vr_",341.497558259105,15,NA,NA,58681.2619512575,NA
42,2013,"05116609","g_u_vre",4.14131605050432,12,136154.990928954,NA,72768.3304570737,1475125.15124354
42,2014,"04416315","g__pvr_",13.5171338840076,18,232695.207270629,NA,240603.780938632,NA
42,2015,"05974174","_____r_",1955.12875237952,17,NA,NA,NA,NA
42,2016,"16493819","__u__r_",359.064960841342,18,NA,NA,NA,NA
42,2017,"14552435","_____re",46.1633158031198,15,NA,NA,NA,187892.264031914
42,2018,"04907620","gk__vre",3654.56065406247,13,74435.6398985336,51117.8366607971,457381.119756238,10150.5468259217
42,2019,"04592078","____vr_",138.672887478656,25,NA,NA,7135.68612353284,NA
43,2013,"04096558","gk___re",15.7367750443858,19,43620.1487969321,-227397.147779994,NA,58351.7756897633
43,2014,"05859545","gku__r_",1251.65175508999,18,25202.1351634318,-17348.3724283082,NA,NA
43,2015,"01650174","g_u_vre",99.4363623730443,15,227545.081120199,NA,9173.69874931578,390151.865486903
43,2016,"08286337","____vre",277.730579024931,16,NA,NA,322372.972812378,508912.967063083
43,2017,"05983757","g__pvre",43.3127186460203,13,4394.4607957521,NA,374395.316351538,105664.04455651
43,2018,"05982570","____vr_",81.219259976283,21,NA,NA,54426.9981929678,NA
43,2019,"07318105","_ku_vr_",421.607747711283,11,NA,30481.9827958217,58151.0676130033,NA
44,2013,"07970696","__u_vre",227.543543726291,12,NA,NA,2140.14613922522,360331.274690806
44,2014,"05767126","__u_vre",23.4053786499975,9,NA,NA,16426.8287979299,20334.2944097898
44,2015,"04948495","____vr_",8731.75023879857,19,NA,NA,28868.8376921702,NA
44,2016,"15944383","_____r_",176.95520518931,11,NA,NA,NA,NA
44,2017,"02623765","g___vr_",393.652864031686,13,20901.2215895502,NA,3454.16486459956,NA
44,2018,"07606951","___pvr_",93.5777025295516,25,NA,NA,90218.2697402715,NA
44,2019,"05209637","g__pvr_",3435.9498886185,13,65150.222602852,NA,127379.384018755,NA
45,2013,"04150198","g_u_vr_",0.922767432166305,15,-74246.787517405,NA,62763.6722689281,NA
45,2014,"04272136","gk__vre",182.985619794966,16,-364.99639137648,208255.172715307,34302.9310742557,34942.0050874501
45,2015,"05436810","____vr_",94.67152527605,20,NA,NA,68170.5033276691,NA
45,2016,"13959803","gk_p_re",2187.69048280117,15,-149157.870741262,33131.5040063713,NA,53546.3029159991
45,2017,"07560947","g_up_r_",19.288480688304,18,216780.410660208,NA,NA,NA
45,2018,"05137598","____vre",148.612275094824,13,NA,NA,1905407.68332713,113490.28878726
45,2019,"04346404","__u_vr_",812.698739702515,15,NA,NA,70847.5443601482,NA
46,2013,"02093961","_k___r_",21.003867553788,16,NA,152757.122506554,NA,NA
46,2014,"04961812","____vre",31.8966222699307,13,NA,NA,47561.5839647147,6384.33044410123
46,2015,"09307833","_k__vre",2.86518853552214,13,NA,252399.979339985,146822.495185157,229191.651655084
46,2016,"11211280","__u_vre",3.91075137956246,12,NA,NA,108073.989178379,8496.21481061945
46,2017,"03113909","____vr_",365.610466554039,15,NA,NA,26682.9865966223,NA
46,2018,"07381808","g___vre",37768.2951551363,12,71958.2746584549,NA,279143.559938343,21490.8077114691
46,2019,"07255004","gk__vr_",12.1289711080339,12,35644.8527050001,389286.108690693,520389.476011522,NA
47,2013,"05201690","g___vre",23.8730631143956,22,24228.4922763585,NA,43874.9279272772,35583.7247828058
47,2014,"04168399","_____re",84.0300521586605,15,NA,NA,NA,2276443.35588655
47,2015,"08511937","g____re",619.170170819098,14,106830.385549598,NA,NA,99089.1730978973
47,2016,"02537549","_ku_vr_",67.3782398019844,14,NA,-57233.5739324431,347257.278279396,NA
47,2017,"04184300","__u_vr_",2.29637786136645,14,NA,NA,124960.209343492,NA
47,2018,"10278408","____vr_",2.91578962130616,14,NA,NA,233972.104912665,NA
47,2019,"14546646","__u_vr_",495.679843513377,13,NA,NA,131828.975026587,NA
48,2013,"14932023","g_u_vre",34.3232185536147,10,61863.7597061419,NA,112620.905144309,5994.74799536136
48,2014,"11032034","g_u_vr_",2641.35824796807,16,66591.5995242848,NA,28198.6715384149,NA
48,2015,"05528254","_ku_vre",3556.33053193159,8,NA,19107.170356678,1317482.89815751,17712.0317354982
48,2016,"05925361","____vre",9.83066045043204,9,NA,NA,955384.531216117,67054.6516603538
48,2017,"07183130","____vre",8.66413341950918,19,NA,NA,78478.199812044,549400.9329098
48,2018,"09534868","____vre",87.0017455767697,19,NA,NA,30021.0066979171,40112.8208705366
48,2019,"07916183","g___vre",966.144515225626,8,-62115.2615010502,NA,371185.355589569,80302.3635309273
49,2013,"08826918","_k__vre",210.711355653968,16,NA,-76815.4941800802,46566.5162894598,323016.424195787
49,2014,"04394481","g___vre",116.488071109156,19,56633.1783331224,NA,300499.44104207,35485.1458390601
49,2015,"12270075","g___vre",34922.3525917078,16,-56829.8042002615,NA,17670.0407512956,68554.0190317971
49,2016,"04962986","____vre",1579.78305909058,12,NA,NA,34786.9051473365,21752.0428588354
49,2017,"07557279","____vre",33.54389849962,17,NA,NA,55102.7691548276,66744.4491103692
49,2018,"05388410","g___vre",647.149588726462,13,42709.374738207,NA,200390.648648626,105670.161373274
49,2019,"12455890","_k___r_",6.46180749977392,14,NA,-78949.3567571286,NA,NA
50,2013,"04261226","g_u_vre",214.496383693846,10,218860.737971412,NA,106188.121843486,20338.1387063468
50,2014,"05530701","g_u_vr_",821.936658747004,9,98329.6094583512,NA,515446.068702418,NA
50,2015,"05806308","g___vr_",25.8441605081791,14,109088.416995299,NA,223829.757339937,NA
50,2016,"06218965","g__pvre",117.051965740109,15,-80205.5162284178,NA,11966.5916155958,34401.2681543003
50,2017,"04682820","_____r_",9.61819674068192,13,NA,NA,NA,NA
50,2018,"12535116","____vre",146.156419219604,16,NA,NA,812953.651348165,26811.0068455129
50,2019,"11966484","__upvre",13.0854443034251,13,NA,NA,395255.300225927,195143.244379293
51,2013,"07410029","g_u_vre",126.326489567021,13,-108697.256018109,NA,839238.647586353,330081.482176706
51,2014,"08108303","___p_re",409.67169876092,19,NA,NA,NA,2925.23032459208
51,2015,"05083001","____vre",890.664408980511,13,NA,NA,105660.901849082,82225.8720935442
51,2016,"05874009","__u_vre",191.507973555084,8,NA,NA,25422.084387022,145806.331921848
51,2017,"14797320","__upvre",302.200364255038,14,NA,NA,21128.7778262918,38566.585136413
51,2018,"07695129","____vr_",118.801534990119,19,NA,NA,255603.12177555,NA
51,2019,"09798694","_____r_",303.525608624416,12,NA,NA,NA,NA
52,2013,"06311270","g___vre",17.1224815955105,18,17000.6074088009,NA,1958812.10227193,21199.6247865462
52,2014,"07773304","g_u_vre",530.828175024303,13,-55622.8422443041,NA,55645.7091045406,28286.0975101789
52,2015,"07784203","gk__vr_",98.3168779633256,16,235232.104695711,65569.2092168692,70462.3756548417,NA
52,2016,"08503547","____vre",6.46349137039739,13,NA,NA,23465.5472745868,115959.353671137
52,2017,"09186827","_____re",766.968454379342,16,NA,NA,NA,29609.3246597479
52,2018,"04389765","__u__r_",7379.18338858432,22,NA,NA,NA,NA
52,2019,"13386699","____vr_",3636.86317586904,15,NA,NA,587325.51074228,NA
53,2013,"09543488","_ku_vr_",215.488052681383,13,NA,-62487.7984169094,82472.3817124346,NA
53,2014,"08690892","_ku__r_",9.63468144808715,17,NA,70168.0512818438,NA,NA
53,2015,"08099515","g____re",23.9082584235388,14,59030.748637816,NA,NA,256226.690900546
53,2016,"02407266","____vre",3468.96612393454,17,NA,NA,109994.219477518,288301.079975289
53,2017,"07750070","__u__re",846.800015222649,14,NA,NA,NA,8912.36420003281
53,2018,"04879539","g_u__re",12.5860969198293,23,56037.0095793497,NA,NA,36100.1185800763
53,2019,"05168734","_ku__r_",93.3620219388461,12,NA,-192357.141051778,NA,NA
54,2013,"04195760","g_u__re",137.352805040953,15,94896.0427067914,NA,NA,30758.4879766148
54,2014,"01473216","____vre",178.241033857446,14,NA,NA,84287.0975186287,12226.5385941411
54,2015,"05828834","__u_vre",856.645549469369,13,NA,NA,259219.802660542,13286.9911037325
54,2016,"14720784","_k__vre",1464.03767042837,15,NA,139652.769560135,2853044.65908256,214541.214809316
54,2017,"06730538","____vr_",39.1140007252551,10,NA,NA,1832572.92415188,NA
54,2018,"05857677","_____re",17.8492969326493,17,NA,NA,NA,55888.5361534918
54,2019,"05903661","g__p_re",197.639536863769,13,-102290.973562773,NA,NA,69998.7603857663
55,2013,"05283418","___pvre",23.5662408441451,11,NA,NA,290430.214885908,62633.8125372384
55,2014,"10264003","____vre",0.811272274209038,6,NA,NA,127063.889457602,15917.5769732601
55,2015,"08774020","_k_pvre",303.815440183706,11,NA,90307.4274253116,25515.5682864585,128593.964044979
55,2016,"07885033","g___vre",46.8932743471189,21,-9568.55463643156,NA,1023767.47387998,3169.60117808167
55,2017,"04251065","__u_vr_",30.6247732592649,12,NA,NA,1116078.43261154,NA
55,2018,"04992437","____vre",538.634094330311,26,NA,NA,708614.987290966,22399.5793049866
55,2019,"08058941","____vr_",59.7906229828982,17,NA,NA,9164.85535672748,NA
56,2013,"12961486","__u_vre",1143.54277986089,20,NA,NA,32366.9461232656,165885.895627702
56,2014,"05271967","_____re",26.367554191069,18,NA,NA,NA,149273.436346125
56,2015,"06392093","_k__vr_",9.12824789524873,6,NA,123769.729615119,706409.216563098,NA
56,2016,"05244080","___pvr_",505.200473039495,10,NA,NA,289567.770748516,NA
56,2017,"05672996","_ku_vre",11.6703464045879,13,NA,-8911.33180063016,1852302.86996469,375486.21830407
56,2018,"16670714","____vre",27.9502151340877,15,NA,NA,208613.841604783,206963.600106358
56,2019,"07146043","_k___re",30.7079956284058,13,NA,-166325.911227472,NA,102901.637989838
57,2013,"09448747","__u_vr_",79.8300774007887,13,NA,NA,2595560.54778416,NA
57,2014,"04590586","_ku_vre",1280.18192748026,17,NA,31451.6047916136,1256752.90662963,452495.28159906
57,2015,"14650841","gk___re",1310.19846750441,18,-74950.6574844526,-191882.340672815,NA,11441.5629993761
57,2016,"07746304","g_u_vr_",765.54512523021,15,193263.190068566,NA,252279.220910356,NA
57,2017,"06788850","__u_vre",210.392067741685,17,NA,NA,1607399.29141815,145920.667892352
57,2018,"11038488","g___vre",4651.03705783477,16,72535.3751908873,NA,434878.326363126,16532.9332808293
57,2019,"08022992","__u_vr_",16074.0955433935,16,NA,NA,311640.303453913,NA
58,2013,"05136380","__u_vr_",7.852230293992,22,NA,NA,384965.92762476,NA
58,2014,"05675874","__u_vr_",130.185457302206,11,NA,NA,30803.3685896253,NA
58,2015,"07812349","_ku_vr_",2275.07924840913,14,NA,155109.767588722,65987.9814451063,NA
58,2016,"09382660","___pvr_",218.123456483395,15,NA,NA,41657.2570300845,NA
58,2017,"07005126","g___vr_",200.076978048401,11,14501.426463319,NA,525621.456107916,NA
58,2018,"15778941","g___vre",3333.14655958943,22,-188447.515726214,NA,108601.848986652,551007.054068268
58,2019,"05409127","_____re",28.853886983226,10,NA,NA,NA,1667.87270586506
59,2013,"13201986","__u_vre",416.610468315317,17,NA,NA,12367.1410191863,8878.75035864303
59,2014,"04725269","__u__r_",851.826445965374,19,NA,NA,NA,NA
59,2015,"05971497","g___vre",668.071590755305,17,39364.5629184051,NA,56160.3406248047,18648.8431738883
59,2016,"04516814","__u_vre",991.932332848276,13,NA,NA,140410.724188133,69902.852316661
59,2017,"05397940","____vr_",822.339102035399,17,NA,NA,53563.9089709913,NA
59,2018,"08696931","_k__vr_",41.9852802950921,18,NA,-101732.7521745,166890.778586428,NA
59,2019,"04952748","g_u_vre",48.5713209521331,16,89668.016162294,NA,236531.779861641,71040.3508405853
60,2013,"14942720","g____re",779.513705748613,18,43766.0461882847,NA,NA,238182.918255573
60,2014,"05884246","gk__vre",1258.22698125655,14,281715.173642865,250705.989807914,94255.1351557697,70538.2156240464
60,2015,"05727574","g___vr_",1.25173766580159,14,220528.370765488,NA,165225.764192211,NA
60,2016,"04859361","__u_vre",17.7203534591543,12,NA,NA,806996.693233953,27936.6673504381
60,2017,"01716618","____vre",5.99099251063797,17,NA,NA,53345.6268076232,34975.2947562328
60,2018,"07443098","____vre",16.7676692417905,12,NA,NA,903351.978891592,113016.377591778
60,2019,"05178211","_____re",13.3986579835324,15,NA,NA,NA,5104.10233218775
61,2013,"05514686","____vr_",368.284299950675,13,NA,NA,429294.27925522,NA
61,2014,"07274708","g_u_vr_",1522.78496094309,12,5229.76740156973,NA,39877.5132493473,NA
61,2015,"13543743","____vr_",340.958351783231,15,NA,NA,384529.923977981,NA
61,2016,"12296788","_____re",258.060656891466,7,NA,NA,NA,78962.4059477386
61,2017,"08934725","g___vr_",10.0495077143184,15,60456.8257094875,NA,24114.885090264,NA
61,2018,"05811273","_____r_",31.6319980719665,9,NA,NA,NA,NA
61,2019,"07937666","gk___re",19.4348533839399,18,80880.5622042638,160106.043822609,NA,16846.0573168659
62,2013,"04936289","__u_vre",861.056920188557,13,NA,NA,666718.234683454,41474.6675402123
62,2014,"09154963","g___vr_",53.5137871684669,14,164820.07340776,NA,215775.427412855,NA
62,2015,"07272328","__up_re",258.070063173216,11,NA,NA,NA,158074.412911268
62,2016,"07053074","__u__re",242.915040877981,14,NA,NA,NA,9746852.90516756
62,2017,"08204184","g__pvr_",17.2733833860379,18,-53477.0296981158,NA,2780070.56470025,NA
62,2018,"07707565","____vr_",17.6407441455138,23,NA,NA,57485.4932003679,NA
62,2019,"05930853","g__pvre",4410.34588925102,24,119597.867899558,NA,186378.15696727,21516.7943220087
63,2013,"02970866","__u__re",104.226657591481,22,NA,NA,NA,269603.154010974
63,2014,"05710598","_____re",107.006839487483,20,NA,NA,NA,91860.7073359742
63,2015,"07322430","___pvre",317.003452460099,12,NA,NA,593120.274844079,1047122.15316412
63,2016,"04274948","g_u_vr_",160.448260470125,14,-22777.3569750178,NA,245514.457953424,NA
63,2017,"05573987","____vre",178.206526211551,19,NA,NA,1187928.35919193,10141.0837378309
63,2018,"07937170","__up_r_",5589.92832406911,13,NA,NA,NA,NA
63,2019,"09105650","g_u_vr_",0.574541955550145,16,-853.901410366845,NA,11438772.7761336,NA
64,2013,"11356029","____vr_",0.92549314663939,18,NA,NA,299401.05792955,NA
64,2014,"04941066","g___vr_",106.099929068246,10,106694.91643189,NA,857486.722366833,NA
64,2015,"16065364","g_u_vre",2710.02056400695,13,76487.8978267767,NA,102693.353829733,36374.3960437735
64,2016,"04245460","_____re",34.5988781816248,23,NA,NA,NA,54322.8095321383
64,2017,"07717216","g_u__re",129.5733101265,12,195613.551008838,NA,NA,289467.189997913
64,2018,"05619595","__u_vre",257.765210070752,11,NA,NA,178358.931886061,70513.964283153
64,2019,"12076454","g_u_vr_",29.2102603461383,15,-81529.1650172702,NA,221763.050284648,NA
65,2013,"09279957","g___vre",1.03653633671475,18,-11175.7046701708,NA,33891.1859339412,12996.7953223042
65,2014,"05910721","_ku__re",1957.06878090921,15,NA,94733.2891462118,NA,50268.2587335671
65,2015,"07790553","_ku_vr_",23.4809809417317,17,NA,31628.6847043924,103382.203069573,NA
65,2016,"07701873","__upvre",601.750323877516,18,NA,NA,638524.931159128,15160.1786374264
65,2017,"09993188","____vr_",241.342283334565,12,NA,NA,271458.374469917,NA
65,2018,"09207245","g___vr_",260.735253227137,19,-26329.471974285,NA,492462.355090661,NA
65,2019,"07733949","____vr_",995.322825176778,13,NA,NA,7699936.66567751,NA
66,2013,"04321314","_____re",546.855353302494,18,NA,NA,NA,77737.967306898
66,2014,"04042852","_k___r_",526.655151839532,17,NA,284804.849833809,NA,NA
66,2015,"09839056","g___vre",0.199845326288081,16,64875.9062766787,NA,20753.3744883602,1293.61859816983
66,2016,"15007957","g_u_vre",395.820478877954,14,93391.6551575503,NA,1026313.71949041,506376.450317973
66,2017,"10776607","___pvre",40.217231639749,16,NA,NA,292992.431278748,791289.264428239
66,2018,"07731889","g____re",344.131957455382,17,57346.3976154355,NA,NA,458632.635372449
66,2019,"05876816","g_u_vre",64.9324845611277,12,313538.39192782,NA,2057160.21964703,25595.591793747
67,2013,"10918977","g____re",995.967304176541,18,216366.708850222,NA,NA,6005.1845690401
67,2014,"05075783","____vre",1936.3917439529,8,NA,NA,323617.838507722,23843.3961966273
67,2015,"05785311","____vre",302.8351905647,14,NA,NA,108644.629849674,9130.16824432556
67,2016,"09508758","g___vr_",72.0422327010061,12,16900.7391016147,NA,650358.863145634,NA
67,2017,"04190599","__u__r_",522.720487479662,14,NA,NA,NA,NA
67,2018,"05810773","g____r_",60.5165263392998,13,109020.493184545,NA,NA,NA
67,2019,"07752276","g____r_",843.184317872243,17,56436.8475122189,NA,NA,NA
68,2013,"16420206","g___vre",84.5225525409608,15,-67828.7070167177,NA,327653.566705904,44438.0385078489
68,2014,"04246878","g___vre",103.877254959909,23,85778.6078568003,NA,292308.261675733,141931.198504322
68,2015,"05058539","__u_vr_",2.51879419103345,18,NA,NA,190788.635540351,NA
68,2016,"11362780","g___vre",28.3342050257501,22,102077.728043988,NA,533620.133144125,1863152.33821919
68,2017,"06430808","___pvr_",2414.1149819976,17,NA,NA,240709.219330804,NA
68,2018,"07429798","____vre",482.936504067812,11,NA,NA,136702.232103732,113700.073227327
68,2019,"07727632","__u_vr_",605.354047567602,12,NA,NA,33306.6363666433,NA
69,2013,"08973001","__upvr_",13845.0776384632,12,NA,NA,137285.473021235,NA
69,2014,"11424246","__u_vre",618.213932486878,9,NA,NA,18744.6950423889,1640601.23158092
69,2015,"05527464","g___vre",1259.86383202466,15,167641.539476312,NA,1964864.03909377,44944.7078063259
69,2016,"01076306","g___vr_",744.240653920571,10,186085.510407812,NA,404157.683151176,NA
69,2017,"04842834","g_u_vre",271.810421323517,9,-54415.9731328271,NA,1036331.96029612,100941.07621468
69,2018,"08089704","____vre",347.237969747199,10,NA,NA,1253572.98396206,65096.9831854194
69,2019,"10525653","g____re",4.47020274994579,18,18063.3347298637,NA,NA,90086.3721809803
70,2013,"05218710","__u_vr_",242.304120668284,11,NA,NA,44916.0885708402,NA
70,2014,"15058497","gk__vr_",43.390684343665,14,180462.610348411,-61495.0832542959,21804.0411650808,NA
70,2015,"07907267","____vr_",111.654653807716,12,NA,NA,100999.760991184,NA
70,2016,"15038230","_k__vr_",1577.80313741459,14,NA,76448.5747989522,243441.872591224,NA
70,2017,"04248442","__u__re",2517.15472965272,8,NA,NA,NA,25413.312828451
70,2018,"05511580","g___vre",246.751669692931,19,-107925.802039719,NA,90777.4781646016,11729.5915177029
70,2019,"05762240","__u_vr_",112.257134762975,15,NA,NA,180086.19965609,NA
71,2013,"13041034","g_u__re",1129.42152316064,13,58252.867949969,NA,NA,25098.9679923789
71,2014,"07702900","_k___re",9.367461045845,13,NA,-197529.067263841,NA,24656.7661372616
71,2015,"10796486","_ku_vre",151.915808436108,16,NA,119609.263455281,244425.639140535,238565.550752318
71,2016,"07578944","____vr_",4623.80852016645,15,NA,NA,71975.0559342053,NA
71,2017,"07685223","__u_vr_",96.6218953631109,24,NA,NA,845698.329488215,NA
71,2018,"05716780","g____r_",7869.43437732475,17,126656.21912688,NA,NA,NA
71,2019,"01538747","g_u__re",784.412508442641,11,117866.120012143,NA,NA,4155.78081493446
72,2013,"04650778","g_u_vre",1997.5134590373,11,123353.775820773,NA,279797.602907427,27040.2991560734
72,2014,"05470012","gk__vr_",28.9836361836419,14,7333.79360175844,-92181.0727181271,53598.6691278988,NA
72,2015,"05314073","__up_r_",718.815691219823,8,NA,NA,NA,NA
72,2016,"05476032","g_u_vr_",19.7735769830464,20,-19901.3627119087,NA,127190.840194165,NA
72,2017,"05502725","g___vre",42.6825051881357,14,-69329.1133348921,NA,60507.6977438067,51415.7936318244
72,2018,"07160777","_ku__re",1.13722364990734,16,NA,76477.2898375637,NA,116966.366039687
72,2019,"12307771","_____r_",58.9072380201193,23,NA,NA,NA,NA
73,2013,"05852436","gku_vre",2442.2914081601,18,55768.4892738846,3881.2656954772,471845.564898942,36872.8808775614
73,2014,"15623341","_k__vr_",47.9592947178317,14,NA,120959.505808191,15599.1172934715,NA
73,2015,"08062852","____vre",847.276635832817,16,NA,NA,60516.2176582222,41351.3628412667
73,2016,"05926021","__u__r_",325.06238397596,17,NA,NA,NA,NA
73,2017,"11719710","g___vre",370.100554540078,11,-38448.4798473909,NA,1293264.17266903,95686.1770956499
73,2018,"04696827","_ku_vr_",5037.39979985905,17,NA,189110.838101581,869471.600918154,NA
73,2019,"05577149","__u__r_",84.8240157814632,17,NA,NA,NA,NA
74,2013,"01904177","____vr_",895.072111394423,15,NA,NA,222649.218457491,NA
74,2014,"04425538","____vr_",7415.62112385414,10,NA,NA,505668.159859628,NA
74,2015,"04114478","g_u_vr_",875.522009040588,10,7029.49112421325,NA,1376841.2693318,NA
74,2016,"07047539","gk_p_r_",1108.62607493257,24,-47172.0646959156,29614.3235427201,NA,NA
74,2017,"04461952","g___vre",3.87556074385454,14,172556.97465177,NA,51088.9039644048,29692.0216334704
74,2018,"05686351","_____re",46.2948400684118,14,NA,NA,NA,24146.0393063894
74,2019,"04846492","g___vr_",29.1975785250272,17,71023.6728746392,NA,298524.246272528,NA
75,2013,"04630208","__u_vr_",8.42428767383904,19,NA,NA,33690.3957714484,NA
75,2014,"08042437","gk___r_",374.230004092751,14,85738.4992928658,197777.040872865,NA,NA
75,2015,"12523224","g___vre",103.635180105993,14,104075.052211216,NA,18923.187858358,14300.6813502282
75,2016,"02461593","__u__re",5.14400163341275,13,NA,NA,NA,214149.785747665
75,2017,"10860675","___p_r_",20.9874347884011,27,NA,NA,NA,NA
75,2018,"05812394","g_u__r_",278.259815734664,16,-50367.6875852639,NA,NA,NA
75,2019,"09399624","g___vre",126.436164999148,13,-83713.1132121019,NA,26257.6475443045,309854.01159996
76,2013,"09244333","__u__re",18.2633804356539,10,NA,NA,NA,31306.3273566722
76,2014,"05776287","_____re",228.41176337639,20,NA,NA,NA,129708.035050388
76,2015,"11156415","_____re",522.904213070281,12,NA,NA,NA,34055.4769115308
76,2016,"07850004","__u_vre",203.961906771684,16,NA,NA,213508.978431216,11685.6794826324
76,2017,"04701344","____vre",43.374644588597,12,NA,NA,448849.642901433,130673.466824886
76,2018,"16081609","_k__vr_",168.461158717252,19,NA,188155.67044851,725876.749575926,NA
76,2019,"04914079","g____re",585.335928845319,17,31642.7269767358,NA,NA,82858.1804201062
77,2013,"12212384","____vre",11.7810582267848,12,NA,NA,16154.1052080007,1539.64235946185
77,2014,"09803543","__u__r_",121.44591181292,10,NA,NA,NA,NA
77,2015,"07556382","____vr_",81.864167691492,19,NA,NA,208461.72500021,NA
77,2016,"05578603","___p_re",827.818299918331,9,NA,NA,NA,128245.135340553
77,2017,"05521699","g__pvre",14.2272824217158,12,44744.3248100116,NA,32459.9418501607,164945.902541352
77,2018,"07661358","_k__vr_",6.5302958092931,14,NA,21776.7859459151,48773.7400664791,NA
77,2019,"07536861","_ku_vr_",686.593812654648,15,NA,222878.327985324,17099.0377458802,NA
78,2013,"04464546","g____re",945.289718773722,12,202239.332432547,NA,NA,99925.6646825869
78,2014,"14945492","____vre",145.59472853837,16,NA,NA,8918.07587142127,25580.828556321
78,2015,"06356587","____vr_",147.465677178756,10,NA,NA,655592.873039111,NA
78,2016,"07096771","____vre",96.0317710445831,14,NA,NA,153598.754035098,83323.2445364113
78,2017,"05720744","_k___r_",53.1830157850743,12,NA,180678.535567199,NA,NA
78,2018,"08738405","gku_vr_",814.768592359989,12,-41229.8653655562,-4362.71242223643,76035.8242899108,NA
78,2019,"01642059","g___vre",3.05657010879917,15,14407.6470141431,NA,290493.619921054,76579.3071041696
79,2013,"09660954","____vre",39.4116850103435,12,NA,NA,1054658.48803588,2216.00863700296
79,2014,"04247550","_____r_",3649.760063719,18,NA,NA,NA,NA
79,2015,"04249315","___p_re",214.851497148578,14,NA,NA,NA,79390.4787977689
79,2016,"04577911","g___vr_",92.1826753470113,11,-19254.5080143176,NA,78963.0949535492,NA
79,2017,"11290697","____vre",1.65485326541429,13,NA,NA,80752.6226338675,16188.5619410745
79,2018,"05662060","____vr_",833.088976777468,20,NA,NA,10186.1094933091,NA
79,2019,"09764832","g___vr_",247.959396471984,10,101189.772920252,NA,1799255.70033877,NA
80,2013,"05813619","_k__vre",1422.63193934746,10,NA,-39764.0731913662,55836.8790077652,459294.484122982
80,2014,"05542958","_____re",141.730000254443,19,NA,NA,NA,500638.621092383
80,2015,"05562876","gk__vr_",116.301150487316,18,97298.081203956,176572.336975705,270932.110057624,NA
80,2016,"11117177","___pvr_",13.3338139492968,11,NA,NA,61184.3016607957,NA
80,2017,"04353995","g_u_vre",12.7767068816381,10,164920.901142175,NA,37657.6701763115,245080.57079492
80,2018,"15189468","g_u_vre",10.4068736079001,17,-100890.403697549,NA,133166.340086908,335019.195076132
80,2019,"01168436","g___vre",101.077562815893,20,105025.258191563,NA,51580.4206812009,214667.754183807
81,2013,"12964903","g___vre",12.2701590011123,7,76367.0906453168,NA,92490.6514726865,439932.277233872
81,2014,"05544119","g_u_vr_",2159.64464413879,19,-18823.7839318387,NA,717190.210118812,NA
81,2015,"05143805","____vre",45.8445320894812,18,NA,NA,377987.686303384,134831.681723167
81,2016,"05119606","_____r_",6909.58280480707,18,NA,NA,NA,NA
81,2017,"04240588","__u__re",310.53003468504,14,NA,NA,NA,22548.0556836136
81,2018,"04249845","_____re",55.2215500677749,19,NA,NA,NA,71833.3510003074
81,2019,"14119867","____vr_",141.674953251104,11,NA,NA,200501.804346523,NA
82,2013,"04346844","g___vre",88.2218663110719,14,129355.798551632,NA,134962.593327178,48349.6385594445
82,2014,"07480474","__u_vr_",2526.9493078149,12,NA,NA,1022964.72374774,NA
82,2015,"01359347","_____re",106.780500044877,11,NA,NA,NA,10474.9452922089
82,2016,"09877955","g_u_vr_",62.6642559903744,18,-216713.99194425,NA,95945.2560842858,NA
82,2017,"05490966","____vre",6.85332119367397,13,NA,NA,768870.908824898,3930.26936368192
82,2018,"03474103","_____r_",2.44669602080251,13,NA,NA,NA,NA
82,2019,"05377990","g___vre",661.005306396096,18,80575.4449989899,NA,179809.457970959,7071.33721762179
83,2013,"04381352","_____re",232.009954475879,12,NA,NA,NA,190495.823494512
83,2014,"09795874","____vre",3.39124007494407,14,NA,NA,973641.993491148,204290.356994705
83,2015,"05420536","____vr_",47.2548293669308,18,NA,NA,490897.409197139,NA
83,2016,"05762238","g__p_r_",1067.25925027371,19,119355.218385145,NA,NA,NA
83,2017,"08048106","g_u_vre",154.261231355583,14,-22067.8850355148,NA,382096.069757319,30223.0074726377
83,2018,"08992618","__u__re",57.3082491594406,9,NA,NA,NA,39435.3563452531
83,2019,"04507720","____vr_",35.9788109142754,7,NA,NA,114710.292164202,NA
84,2013,"11550367","____vr_",360.29667946409,19,NA,NA,326584.611164272,NA
84,2014,"09157530","___pvre",185.502544543517,10,NA,NA,470073.750635878,179629.279064835
84,2015,"09068892","g___vr_",298.331872543995,14,96853.0362368827,NA,214550.972788425,NA
84,2016,"04439880","g____r_",3.89712416552128,16,-102256.541014438,NA,NA,NA
84,2017,"07587061","g___vre",116.150125728233,15,103000.293838889,NA,144962.432298527,56100.3648739241
84,2018,"03721794","____vre",32.8433196618686,12,NA,NA,196617.650064763,62023.309258639
84,2019,"03657163","_____re",966.527718211051,12,NA,NA,NA,72327.9117255559
85,2013,"07656656","g___vre",74.15788644433,16,-45826.6953874926,NA,950163.379191647,327424.930455357
85,2014,"14147945","g___vre",3797.61010029599,20,-44982.3716388725,NA,151457.837190348,11029.4058048362
85,2015,"04359931","g_u_vre",82.3506837642845,19,-13064.5260811255,NA,345618.623311034,293642.542512837
85,2016,"10965972","g__pvr_",901.571187620745,18,184205.115309752,NA,93758.7540731643,NA
85,2017,"07908133","____vre",150.378435254423,20,NA,NA,17480.988840564,73088.6984386696
85,2018,"03012711","_k___r_",205.197368884241,8,NA,114818.066322881,NA,NA
85,2019,"12835363","g____re",27.7341439716813,16,59357.4723120972,NA,NA,688729.014590639
86,2013,"07509815","__u_vre",1760.07119167227,14,NA,NA,115918.918353038,22944.3588128441
86,2014,"08618682","____vr_",734.716800418104,13,NA,NA,72960.8380738248,NA
86,2015,"04120289","g_upvre",63.88744135387,11,77608.2073910958,NA,217498.834893002,5527.53058162681
86,2016,"05003216","____vr_",87.5822433552422,15,NA,NA,3960804.11148881,NA
86,2017,"07702803","__u__re",34.7082134262931,16,NA,NA,NA,50448.3118025934
86,2018,"07748033","g____re",10.9721302442275,22,37455.9867664896,NA,NA,69195.0764456249
86,2019,"04352246","g_u__re",478.117019177026,13,22919.3115528323,NA,NA,242757.776038501
87,2013,"01151002","____vr_",107.187982911921,18,NA,NA,205686.154892937,NA
87,2014,"04916494","_k__vr_",2.86285676705215,11,NA,200899.875662433,16132.8539015002,NA
87,2015,"07295445","__u__r_",169.402564392175,19,NA,NA,NA,NA
87,2016,"07746802","____vr_",23.0860780122463,17,NA,NA,538851.48464946,NA
87,2017,"01351223","g_u__r_",17652.018462857,14,128889.322097468,NA,NA,NA
87,2018,"05456985","g___vre",2233.89627207336,13,-20178.3361899385,NA,207126.331710099,1087500.33010675
87,2019,"07276235","g___vre",144.008674400667,18,36041.288182403,NA,81351.143285611,14271.3800320427
88,2013,"07062632","__u__r_",25.1051766661646,17,NA,NA,NA,NA
88,2014,"07491870","g____re",24.605295305976,14,-26960.5014838892,NA,NA,52386.4449942966
88,2015,"07157561","_ku__r_",68.2866468474903,15,NA,217828.437003579,NA,NA
88,2016,"09371729","gk__vre",1247.62728606314,11,121987.385322859,43140.5768467935,510795.138747034,75683.5837934689
88,2017,"04421165","_ku_vre",259.879367716528,15,NA,159993.447362275,284345.43291988,23451.4427608617
88,2018,"10224845","g___vr_",372.750640519354,14,56426.9073409068,NA,405890.976057409,NA
88,2019,"11896150","_ku_vre",22.0808156143119,15,NA,62310.853287898,602025.753707482,36003.9298907608
89,2013,"05714218","g___vre",439.525667372247,11,-495.212068751774,NA,53880.4437447329,13790.7113899477
89,2014,"04282310","_____re",86.1183958661765,7,NA,NA,NA,1452.9886862604
89,2015,"07740676","g___vr_",3778.91236561374,17,262203.802138282,NA,40497.2000607758,NA
89,2016,"04952592","g_u_vre",70.6467317756889,17,33095.9269029083,NA,67063.7692645753,85642.1939578226
89,2017,"07130259","g__pvre",1289.76891686792,14,124210.376533265,NA,104722.130937386,24571.5574139003
89,2018,"08468202","____vre",1683.65380500056,15,NA,NA,144786.469403479,50970.3070630451
89,2019,"04800508","g___vre",11.2982801952351,9,192391.749023894,NA,50414.9877567467,128248.579807046
90,2013,"14992727","_____r_",564.703766783593,18,NA,NA,NA,NA
90,2014,"05931522","g___vre",167.36533061725,10,86439.2077659873,NA,3080645.48490595,473.282295859514
90,2015,"09990021","_k___r_",116.455154440238,20,NA,-250734.577733923,NA,NA
90,2016,"04829930","____vre",100.355298265037,14,NA,NA,829867.107540757,181412.420072586
90,2017,"07287116","____vr_",94.552708600086,19,NA,NA,153712.463848298,NA
90,2018,"14642018","g_u__r_",1004.95579501009,20,-86446.139142485,NA,NA,NA
90,2019,"07182964","g___vre",132.947036422816,14,96340.064918649,NA,10742.8888878249,27125.638272437
91,2013,"04785700","_ku_vr_",77.3321423775884,16,NA,63592.6152257095,23457.1757650825,NA
91,2014,"04273368","____vr_",311.319469345451,11,NA,NA,2203063.93588583,NA
91,2015,"04056571","g___vr_",47.3094850791512,17,75708.9687004937,NA,135144.970865912,NA
91,2016,"04278079","____vre",117.318247274537,13,NA,NA,12501.0310504461,114725.666310422
91,2017,"08425136","g___vr_",9392.34093591051,14,-177371.480960863,NA,167810.840841731,NA
91,2018,"14329288","_k__vr_",97.679421035798,15,NA,-18408.9526048214,74337.3867872604,NA
91,2019,"05190164","____vre",143.379189455732,15,NA,NA,4835.60527993162,4711991.8965638
92,2013,"07870503","g_u__r_",883.414647837021,14,165194.844234579,NA,NA,NA
92,2014,"16914292","_____re",256.025729388223,13,NA,NA,NA,378532.927153158
92,2015,"14855262","_k__vre",29.5188418567842,10,NA,141573.638407941,84636.1084865393,161037.658905566
92,2016,"04420018","__u__re",64.7278080868004,27,NA,NA,NA,5948.3313031946
92,2017,"05593272","__u_vr_",1689.52733878344,16,NA,NA,199275.853954596,NA
92,2018,"08805289","_____re",176.989284894499,15,NA,NA,NA,50638.8700838013
92,2019,"10249399","g_u_vr_",1639.4420705779,15,254.428627825335,NA,10117.2039174047,NA
93,2013,"07267317","_____r_",142.093743986186,14,NA,NA,NA,NA
93,2014,"09072101","__u__r_",708.64277219068,7,NA,NA,NA,NA
93,2015,"07207296","gk__vr_",2875.65223702998,8,8762.68946988689,173650.311542822,464515.093083752,NA
93,2016,"04764537","gk__vr_",798.792968975607,13,93669.2827103513,59078.9447642947,252017.025236858,NA
93,2017,"06278326","__u_vr_",126.309077811666,14,NA,NA,143926.048170244,NA
93,2018,"11716948","____vre",2442.14712000224,14,NA,NA,37872.6860654016,40095.5905694629
93,2019,"05118358","g___vre",1673.29901443935,18,198369.960384256,NA,37406.5246859302,234742.463820487
94,2013,"06273341","_k___re",286.587615515016,13,NA,187315.874303593,NA,64172.4770364557
94,2014,"16959577","g___vr_",51.5704555550725,13,-48970.1975426443,NA,61182.2708959802,NA
94,2015,"09916580","____vre",345.170366697072,17,NA,NA,210283.98677338,58759.289217256
94,2016,"07823717","_k__vr_",29.3812699358238,17,NA,-111259.889936313,69035.8358140287,NA
94,2017,"07994857","_ku_vre",10.4423852157693,23,NA,85366.0805184935,183649.868535078,126122.017306729
94,2018,"05557344","g___vr_",13.0704384899446,12,109971.098081217,NA,390695.703833973,NA
94,2019,"05960091","____vre",26.0101164796401,14,NA,NA,4476446.34830865,21275.1441684362
95,2013,"07005518","_____r_",11.1135665786812,13,NA,NA,NA,NA
95,2014,"04128229","g___vre",264.450415027235,11,56132.3378507556,NA,679668.354941987,2299.49631253191
95,2015,"01382230","g___vr_",10.3058302843493,11,135056.866698842,NA,34056.4905201973,NA
95,2016,"11661083","_____re",109.872096225136,13,NA,NA,NA,19834.6770655751
95,2017,"04499942","g___vre",12.1197095807094,11,142326.393978629,NA,19831.0136254949,32624.7109262808
95,2018,"10640432","g_u_vr_",91.9807451981118,15,66233.1196004386,NA,190589.014478471,NA
95,2019,"04748056","__upvr_",516.147944078875,15,NA,NA,281908.628208792,NA
96,2013,"01090944","__u__re",210.947842211309,15,NA,NA,NA,3462.48465053351
96,2014,"08141743","____vre",678.196829385969,14,NA,NA,133245.415865567,4793.38565463507
96,2015,"07130803","____vre",3.96440417522872,17,NA,NA,41791.4924868972,209279.505438114
96,2016,"10474009","____vre",101.313747808671,25,NA,NA,26263.9867870199,134282.299564553
96,2017,"04573918","g_u_vre",843.087709825515,12,194220.79668205,NA,2052908.35062211,63296.0610444159
96,2018,"07852244","____vre",67.3590606648884,15,NA,NA,290723.066012662,90859.4036509065
96,2019,"01926797","____vr_",123.424508968859,15,NA,NA,290984.046027431,NA
97,2013,"05692512","g____re",22.2489830383505,14,37521.6354476264,NA,NA,566253.245893735
97,2014,"07271283","__u__r_",1100.05536807959,14,NA,NA,NA,NA
97,2015,"05658482","__u__r_",125.829561651596,17,NA,NA,NA,NA
97,2016,"05200962","____vre",468.591247570496,14,NA,NA,23145.492946185,245569.431645992
97,2017,"04727674","g__p_r_",5.94211371081753,14,-10743.3475033273,NA,NA,NA
97,2018,"04435384","__upvre",31.0184471331809,15,NA,NA,465638.412386401,70095.8936679793
97,2019,"04187586","g_up_r_",361.054321371828,18,1014.99145267051,NA,NA,NA
98,2013,"04829547","__u__r_",7359.84684536989,13,NA,NA,NA,NA
98,2014,"07901921","g___vr_",46.2746531568531,12,214324.217244376,NA,105781.183204939,NA
98,2015,"15241305","__upvr_",4.33509190537242,15,NA,NA,479338.401056211,NA
98,2016,"14024943","_____re",4717.10712271278,11,NA,NA,NA,10559.7134995977
98,2017,"06930703","_ku_vre",1687.33803344989,14,NA,206749.972752253,3594335.29174959,14931.944166889
98,2018,"04472360","_ku_vr_",1689.84171323629,13,NA,59926.6214385071,50591.301398854,NA
98,2019,"10543982","_ku_vre",43.0656934410201,17,NA,93358.0673290616,267271.523732015,118407.87399804
99,2013,"05045197","___pvr_",2.1331112229086,10,NA,NA,22957.1692170104,NA
99,2014,"05328428","__u_vre",58.9610380597365,16,NA,NA,25086.8177726159,14162.4612829495
99,2015,"14059428","_k__vr_",3366.0247450679,15,NA,-99886.4934047156,17406.5717539946,NA
99,2016,"08654237","g____r_",37.4048903451936,23,254496.078957908,NA,NA,NA
99,2017,"08715537","_k__vr_",12.3724041552621,12,NA,-57855.4606827547,150244.93532351,NA
99,2018,"05176473","g_u_vre",1561.61359117386,15,-135191.165879574,NA,120032.971342183,68616.035699236
99,2019,"15612700","____vre",58.4281682964563,16,NA,NA,49284.4142637198,33686.8683392633
100,2013,"10171554","____vr_",413.776246054252,17,NA,NA,104345.000821679,NA
100,2014,"05875222","g__pvre",255.136392317458,13,64838.5856969976,NA,129223.527109762,8607.06557928221
100,2015,"14771642","gk__vr_",8.52697875145427,11,85557.9115433465,-24823.0473124293,213292.535822636,NA
100,2016,"08429410","__u__r_",5.16000205068182,13,NA,NA,NA,NA
100,2017,"02434493","gk__vre",79.3880487224126,16,1335.18395662413,181494.979613544,129994.752078939,23464.3305361532
100,2018,"11793538","g____r_",528.992565299729,17,-132156.057667373,NA,NA,NA
100,2019,"07692778","___pvre",170.664692525043,13,NA,NA,985662.281569085,4314.70628272269
101,2013,"01113028","g____r_",2.43013855686338,16,-152713.873935606,NA,NA,NA
101,2014,"07348383","g_u_vr_",3044.14726199848,11,100443.967751187,NA,99929.6159728333,NA
101,2015,"05530416","g___vr_",457.272029454631,20,-3023.78313842956,NA,294826.588462295,NA
101,2016,"14036168","_____r_",152.234103723464,21,NA,NA,NA,NA
101,2017,"01971498","_k___re",19.7536261306525,12,NA,119799.074637861,NA,73857.7228076334
101,2018,"14676157","g____re",3977.43274770826,14,4979.27919348866,NA,NA,19836.2793692769
101,2019,"05551823","_____re",2378.3268873569,14,NA,NA,NA,3806.32710080903
102,2013,"04247217","__upvre",5143.44790520629,12,NA,NA,370268.689259313,308651.184965706
102,2014,"04183505","g___vre",490.347757037431,16,-62355.466959509,NA,257958.580235145,3860.77889706841
102,2015,"08121455","g_u_vr_",275.434705973604,17,12296.9001066814,NA,11845.1861637339,NA
102,2016,"15130859","__upvre",231.732587421954,17,NA,NA,72251.138255289,6570.66158791298
102,2017,"15932103","gku__re",8.2465658945932,13,93357.3710549291,111602.71806594,NA,40080.8903085968
102,2018,"04879523","__u_vre",127.484277530528,19,NA,NA,213714.094196487,83057.7730952191
102,2019,"14245023","_k__vre",59.8947620124747,9,NA,76106.9278701089,34592.084680248,76757.0368858044
103,2013,"12488518","__u_vr_",12.163021292387,11,NA,NA,1174788.03618008,NA
103,2014,"14902111","_k___re",79.1223827407506,17,NA,-81383.4360660037,NA,19790.7613810354
103,2015,"04859185","__u__r_",633.034645807734,14,NA,NA,NA,NA
103,2016,"04669242","____vre",450.938279295145,9,NA,NA,139199.495451063,80485.4094987754
103,2017,"05267472","____vr_",466.340854334393,8,NA,NA,200288.058016368,NA
103,2018,"09305865","g___vre",59.3027310100196,19,164678.067618,NA,43517.2888085376,329681.352754788
103,2019,"05602584","gk___r_",154.441878912725,10,8084.52366932954,67357.7941623093,NA,NA
104,2013,"09121661","____vr_",5.66281468551659,19,NA,NA,116584.816395347,NA
104,2014,"05617689","_____r_",33.2355665190373,12,NA,NA,NA,NA
104,2015,"04301245","g___vre",3900.01255142336,15,40639.2950496301,NA,385915.702542135,4025083.15151478
104,2016,"04984377","g____r_",17.2038247457476,18,-204590.619711375,NA,NA,NA
104,2017,"12603891","g____r_",18534.4595533704,18,18423.5523020878,NA,NA,NA
104,2018,"04167495","____vr_",337.129177033675,17,NA,NA,739464.905675491,NA
104,2019,"07399550","g_u_vr_",32.9910796919347,8,10715.222959948,NA,10732.8308356913,NA
105,2013,"07642566","gk__vr_",382.441278634386,5,-48577.4190086638,-126877.738800138,611857.254454882,NA
105,2014,"08103781","__upvr_",473.088108811575,15,NA,NA,447639.992501786,NA
105,2015,"07180999","_k_pvr_",182.028058683456,15,NA,-5957.6086894411,1290761.84715751,NA
105,2016,"06204807","g___vre",2198.23203720426,12,192038.134366004,NA,43899.4204544698,3363.29484410778
105,2017,"13035466","g____r_",846.940422513234,15,132480.781649968,NA,NA,NA
105,2018,"11795348","g___vre",14.8283830258052,15,-89024.4857390009,NA,16909.4523290808,6591.36395412272
105,2019,"05135100","g____re",96.5074951308244,13,19548.0606489921,NA,NA,8272.30133594418
106,2013,"07864855","____vre",18.4027982207345,15,NA,NA,201854.957326316,18602.0543529928
106,2014,"04015583","____vre",30.7634292770582,15,NA,NA,309708.706731674,23718.7784661336
106,2015,"09377051","gk__vr_",536.844021779487,14,-57399.1005954799,169580.405711318,160551.914132602,NA
106,2016,"09439687","g_u__r_",717.38805352893,12,70613.2130672845,NA,NA,NA
106,2017,"16460241","____vre",483.926890119285,17,NA,NA,97106.3513551175,38983.837539491
106,2018,"06559882","g_u__re",8531.22277921003,18,125708.137728604,NA,NA,1855.35384398429
106,2019,"08871414","____vre",211.379096080499,12,NA,NA,1069132.11480095,632186.514868179
107,2013,"08473736","____vr_",16.2690628337821,11,NA,NA,689740.769019187,NA
107,2014,"02852892","____vre",102.443035048643,12,NA,NA,293825.578682126,248494.376609714
107,2015,"15706882","g____r_",260.756513464951,19,-20554.4976556228,NA,NA,NA
107,2016,"07876911","g__pvr_",807.831378966076,18,137081.666551917,NA,1970196.85238345,NA
107,2017,"05956434","____vre",3827.0819252523,10,NA,NA,4936.12975819016,53572.5620415118
107,2018,"01449686","____vre",60.7032784280296,10,NA,NA,292493.691643843,144609.849194811
107,2019,"02007421","__u_vr_",15.2840409374474,12,NA,NA,2490636.52447233,NA
108,2013,"04628315","____vr_",88.363906494387,17,NA,NA,39527.1874219207,NA
108,2014,"04969195","__upvr_",14.7408941738958,13,NA,NA,326856.494222425,NA
108,2015,"05163177","__u__re",25036.2435757486,16,NA,NA,NA,157816.039886661
108,2016,"07302178","g___vr_",450.995192187041,17,94811.3971248359,NA,187871.735749669,NA
108,2017,"05946119","__u_vr_",188.412753581154,31,NA,NA,44425.9173892549,NA
108,2018,"05573407","g_u_vr_",6258.69597414931,18,-6233.95140235725,NA,918536.596266546,NA
108,2019,"04280495","_____re",28.2954527819379,17,NA,NA,NA,21411.2487250692
109,2013,"08889228","___pvr_",1549.96968403205,18,NA,NA,406049.321798225,NA
109,2014,"05800055","____vr_",5.0801204881378,15,NA,NA,700803.506686957,NA
109,2015,"06217225","g__pvr_",166.054749037269,9,95503.1855397996,NA,63867.3068766749,NA
109,2016,"02484662","_k___re",3283.20676268787,13,NA,273198.713266334,NA,607563.004189207
109,2017,"03832452","gk___r_",4650.96988949193,13,31723.202254038,219925.244828037,NA,NA
109,2018,"14272735","g_u_vre",13.1583561667605,17,-3933.16592485913,NA,403493.684934908,1856838.85201058
109,2019,"05500629","__u_vr_",1874.12314572561,18,NA,NA,816626.104446002,NA
110,2013,"05089320","g___vre",12045.9130145558,13,49525.5132887678,NA,454679.727114001,69465.1034202095
110,2014,"09016059","g___vre",253.101183537731,14,79135.1031777548,NA,1256316.488919,7452.05908093907
110,2015,"09143222","g____r_",0.806151668566027,7,-18981.5911703419,NA,NA,NA
110,2016,"11950020","__u_vre",134.108306020801,20,NA,NA,276041.538878127,142670.733847458
110,2017,"07920578","__u__re",76.871666387005,9,NA,NA,NA,21421.8841946851
110,2018,"07464557","__u__r_",46.7960404885698,21,NA,NA,NA,NA
110,2019,"08217291","____vre",88.1506607979517,9,NA,NA,6293428.60540141,65416.8763724472
111,2013,"07101747","_k_p_re",565.435483990419,13,NA,-82469.4427395377,NA,70987.3206227166
111,2014,"05688014","_ku_vr_",135.646720469557,16,NA,28487.7435235805,176414.842640828,NA
111,2015,"04669747","g___vr_",701.027296799558,17,186330.446618561,NA,263394.389894261,NA
111,2016,"05184665","____vr_",2440.13639291425,16,NA,NA,68444.8443567603,NA
111,2017,"14339704","_k_pvr_",26.2914377170105,13,NA,95757.2985176737,254329.82348711,NA
111,2018,"05487238","_____re",15.0601306186296,18,NA,NA,NA,103307.936963706
111,2019,"11018402","g___vr_",117.336068717057,15,-16104.1143132765,NA,265904.485870455,NA
112,2013,"11607326","____vre",159.525839175003,15,NA,NA,225895.187270824,125627.914195525
112,2014,"01904163","_____r_",109.12107597948,16,NA,NA,NA,NA
112,2015,"06788622","__u__r_",59.5605997316558,17,NA,NA,NA,NA
112,2016,"09577438","g_up_re",839.066055336128,15,57772.8040745195,NA,NA,8653.96027991207
112,2017,"09181228","____vre",1181.16314952832,13,NA,NA,532966.059508916,40234.2357900738
112,2018,"04947881","g_u_vre",5737.53341241402,12,76433.5128949811,NA,271617.682697346,68339.7046233391
112,2019,"05153635","_k___re",96.6333029001545,15,NA,86238.0648212731,NA,620154.707265029
113,2013,"09123169","gk__vr_",854.656539558,18,162010.49692036,67706.0619345443,70763.658106309,NA
113,2014,"05456702","__u_vr_",829.361044020774,16,NA,NA,18379.6905424789,NA
113,2015,"04379749","____vre",95.1398888443602,15,NA,NA,835077.923119845,114964.613762033
113,2016,"09620564","g___vr_",79.7717208459702,16,183643.764021827,NA,27987.547618884,NA
113,2017,"07256139","_ku_vre",147.011910318492,17,NA,34762.9204355944,190691.06098018,189558.567546949
113,2018,"05899609","g___vr_",87.7384277937591,9,144828.898281384,NA,3156923.81857017,NA
113,2019,"16215818","g__pvr_",527.635914622573,18,-19014.3856426773,NA,172191.887865774,NA
114,2013,"04400060","g____re",30.9109222403749,11,-97416.9443963296,NA,NA,35011.2085255541
114,2014,"09434297","____vre",1975.96410094625,15,NA,NA,92412.3197078752,635263.709894575
114,2015,"05595095","_k___r_",334.5640816578,17,NA,99756.7684602828,NA,NA
114,2016,"08306776","g_u_vr_",421.147919561637,19,133351.684952678,NA,197752.334379346,NA
114,2017,"04699166","g____r_",50.1498139292234,13,-100001.149290278,NA,NA,NA
114,2018,"07102302","g__pvre",59.9052732694441,19,102229.404554726,NA,822715.048113987,11732.3132151319
114,2019,"05475114","g____re",76.7902475288873,14,248567.17891092,NA,NA,194273.346403693
115,2013,"10053920","____vr_",558.494498038366,11,NA,NA,790205.805919558,NA
115,2014,"05754205","gk__vre",31.5774287075917,16,-1646.93790287664,33298.0081657955,129226.661780377,563242.030917183
115,2015,"11650396","g___vr_",1377.83387021346,12,82127.9081189657,NA,55222.7200084992,NA
115,2016,"15032144","g__pvre",97.4198129695612,19,239753.346201859,NA,32572.3148788524,437309.836353681
115,2017,"05533277","___pvre",74.3498052973989,12,NA,NA,414071.151146655,67814.9581056253
115,2018,"07813103","____vr_",867.848871422532,10,NA,NA,843256.062210407,NA
115,2019,"07314490","_k_pvre",152.560036678421,16,NA,-122401.557450076,1106478.55932975,57849.9151650391
116,2013,"05913531","g_u_vre",177.711391645337,16,229253.208796452,NA,654183.125971357,60501.6568072952
116,2014,"07380861","g_u_vre",331.135103965889,18,24678.0444361274,NA,223278.420604669,53450.8350444817
116,2015,"04815783","g___vre",3.84426614270454,11,69023.746414356,NA,102136.875065359,43066.5990951651
116,2016,"04287497","g_u_vre",874.818314725369,13,-13779.7721723521,NA,58137.9829035291,186665.641749919
116,2017,"07126785","gk__vr_",25.1711806374753,9,156763.281259885,83299.002732009,191618.44532709,NA
116,2018,"05811914","g___vre",132.742419646809,8,121200.139837124,NA,104947.644411216,1458781.74618425
116,2019,"11690063","____vr_",10.2157150399449,13,NA,NA,141995.964346413,NA
117,2013,"07531930","g____r_",11471.2038877905,17,163291.706493445,NA,NA,NA
117,2014,"08047106","g_u_vr_",180.026901630942,19,-11911.0964881705,NA,172736.542351838,NA
117,2015,"14557152","g_u__r_",948.677914119253,8,155360.292548411,NA,NA,NA
117,2016,"08085398","g___vr_",6.24728995900029,17,119128.290205803,NA,86393.069932897,NA
117,2017,"02084165","g_u__r_",6467.73072101144,23,108989.551021878,NA,NA,NA
117,2018,"05251976","gk__vr_",11.3475869921827,15,167882.23486174,70588.6238101913,608539.765644364,NA
117,2019,"05890871","____vr_",309.837891991796,9,NA,NA,13919.7270297519,NA
118,2013,"08188959","g__pvr_",34.0278968654228,12,97333.7612645802,NA,105491.500119423,NA
118,2014,"04983102","g___vre",34.5392062778458,20,49030.9178027203,NA,183764.797570317,16957.4643301946
118,2015,"09488014","___pvre",1020.70046514254,18,NA,NA,57932.2320715608,277300.735314204
118,2016,"04529868","g__pvr_",29.5210705130017,20,157740.014915203,NA,8219.52683084641,NA
118,2017,"05524261","gk___re",30577.2169675813,12,128823.948344838,-113787.144582014,NA,24025.9824967196
118,2018,"05800603","_ku__re",86.6870203373931,12,NA,236779.404334359,NA,41006.5232511161
118,2019,"06084315","__u__r_",54.7997682479654,9,NA,NA,NA,NA
119,2013,"04953406","____vr_",891.926032223487,16,NA,NA,758606.416325924,NA
119,2014,"05955768","g___vr_",34.5493764895924,26,-17649.4591505877,NA,640415.553883819,NA
119,2015,"04465748","__u__re",641.598771090224,7,NA,NA,NA,402731.50598498
119,2016,"05915089","__u_vre",344.342332891533,21,NA,NA,48710.6805576918,11371.3312452967
119,2017,"04556995","____vre",1224.70869353071,14,NA,NA,7789950.43900881,44199.7501955984
119,2018,"07977815","__u_vre",12.1344409346908,11,NA,NA,323014.067991561,194150.228245097
119,2019,"05181107","gk_p_re",1.51122797575669,18,189724.923134776,139155.081420817,NA,103360.560655229
120,2013,"04417241","g____re",195.134297100615,19,112415.475025051,NA,NA,16023.1091723824
120,2014,"08660970","g____r_",246.17156896407,11,67825.3949829582,NA,NA,NA
120,2015,"08749072","__u_vr_",2618.43421978679,12,NA,NA,113464.219168968,NA
120,2016,"04149680","g__pvr_",592.465300894537,16,-65802.9930068962,NA,104093.089385013,NA
120,2017,"09460491","__u_vr_",166.457305600565,19,NA,NA,35494.1787657356,NA
120,2018,"02962123","g___vre",104.141642099503,18,64514.7348769645,NA,1605233.63691665,609084.917416393
120,2019,"05385463","g_u_vre",5217.64231006307,16,172941.824481032,NA,47454.0113087115,8988.98029160151
121,2013,"01014500","___pvre",69.8114906772041,15,NA,NA,51168.9623761977,550817.413428738
121,2014,"12233150","__u_vr_",28.5651937426958,22,NA,NA,393389.162481852,NA
121,2015,"05467315","____vre",87.3755105355578,18,NA,NA,66439.156286486,42911.7336840742
121,2016,"08878605","_ku_vr_",7.78754006636166,11,NA,187087.417132951,26821.0931376063,NA
121,2017,"08851261","_____re",58.1811279463653,14,NA,NA,NA,313508.78907526
121,2018,"05541456","_k__vre",1754.14169580676,9,NA,93601.6417436971,3210158.89412576,77711.8977677247
121,2019,"04502853","g_u__re",63.636117389888,17,99172.5840045966,NA,NA,615920.287995574
122,2013,"04398133","_k__vr_",154.930556524775,11,NA,-33527.7860483002,133320.729462263,NA
122,2014,"12846883","__u_vre",119.279084174833,19,NA,NA,525968.283010435,101758.14850867
122,2015,"05994364","__up_re",388.291401547648,17,NA,NA,NA,3272521.42817623
122,2016,"07042462","____vr_",97.8423841724336,13,NA,NA,87319.9219005167,NA
122,2017,"01530381","g___vr_",93.591109359576,19,55227.7507317552,NA,89400.0468896235,NA
122,2018,"04061197","____vr_",16714.6083306128,16,NA,NA,2763521.66575053,NA
122,2019,"07705036","_____r_",68.9289619666411,16,NA,NA,NA,NA
123,2013,"09666656","_k__vre",76.0347129913562,19,NA,-169955.606984232,340923.977458775,8763.40440764337
123,2014,"05171076","g___vre",9457.99788534955,8,-21114.5492501778,NA,1614187.62847236,27618.6689572481
123,2015,"08939863","____vr_",3822.94896699255,11,NA,NA,106102.273585861,NA
123,2016,"02603094","g___vr_",120.514891315501,19,45045.729645646,NA,157863.279181174,NA
123,2017,"07810292","__u__re",4134.9702264904,15,NA,NA,NA,1010822.08225255
123,2018,"02022593","g___vre",176.937161118048,15,107547.93405757,NA,164174.63423588,114291.656144787
123,2019,"13707969","g_u_vre",57.26420040343,16,2442.84246611484,NA,193614.262065321,121390.628277013
124,2013,"09191345","__u_vr_",645.364751080718,16,NA,NA,16829.5078657396,NA
124,2014,"04792718","g___vre",2018.63052350927,17,-44749.4919556277,NA,17378.693889901,7960.37250874746
124,2015,"04870690","__u__re",151.137590785537,9,NA,NA,NA,550644.019209247
124,2016,"04348607","gk___re",223.715281576494,14,-98779.6486730275,196760.943100724,NA,15482.7121655707
124,2017,"16242064","gku_vre",32.4833903501036,12,83408.5750841149,67579.7656996952,70545.462764599,65459.4027588889
124,2018,"05540579","g__p_r_",18.4052323241448,15,32242.2002257542,NA,NA,NA
124,2019,"05930215","____vr_",1313.97461850033,12,NA,NA,36962.9859705238,NA
125,2013,"07027162","_ku__r_",109.984348924344,13,NA,116561.19253716,NA,NA
125,2014,"04620752","____vr_",1433.97017579197,15,NA,NA,188751.343127938,NA
125,2015,"12482237","_____re",372.004660122418,11,NA,NA,NA,26914.1081221537
125,2016,"16917203","g___vre",336.395999111651,18,122852.161815821,NA,1533606.16225324,65768.818813875
125,2017,"05553836","g___vre",4167.61453533323,14,122652.759966162,NA,23902.8409126295,82589.3569721128
125,2018,"10308126","____vre",115.856365048551,17,NA,NA,54613.1878131119,9386.72124890038
125,2019,"07344676","_____r_",69.5505786201113,11,NA,NA,NA,NA
126,2013,"09493906","gkup_r_",213.907119766699,12,-27905.513117322,72320.0361779208,NA,NA
126,2014,"05043977","g_u__re",23200.8261685154,12,7718.70533513903,NA,NA,358987.016779642
126,2015,"07617525","____vre",64.8015731592233,15,NA,NA,151986.39464503,487977.661210206
126,2016,"02112871","__u__r_",414.550222092136,16,NA,NA,NA,NA
126,2017,"08190805","_____r_",129.852845040971,9,NA,NA,NA,NA
126,2018,"11558797","g___vre",13.3611837941074,15,166904.103574664,NA,36530.0015542817,109398.865823564
126,2019,"01014723","g_u__re",13.1159258003188,12,167364.486067821,NA,NA,248571.353006852
127,2013,"09376469","g_u_vr_",62.7383629555187,12,-9647.24932719413,NA,64727.7208950148,NA
127,2014,"12636204","g___vre",178.028111214181,15,53308.9262516405,NA,2147512.39364261,43289.331357159
127,2015,"11325733","gk__vre",58.1889956513359,10,31079.0588196291,-25718.1018576352,232852.962469017,33785.2782253147
127,2016,"05740773","g_u_vr_",302.625452267332,10,-103730.534129359,NA,22855.9810672063,NA
127,2017,"05781310","__u_vre",540.43493725987,14,NA,NA,641203.558367531,1114526.94614615
127,2018,"05207768","g_u__r_",173.700763744137,15,-11153.1300222,NA,NA,NA
127,2019,"10213479","g___vre",3053.92298344866,13,195500.458558183,NA,265210.829401894,62794.5100321119
128,2013,"12195680","g_u_vre",1089.69143551851,16,131784.644108885,NA,50966.075289815,4415.62625880505
128,2014,"04910170","_____r_",2614.53672798647,20,NA,NA,NA,NA
128,2015,"07018361","____vre",6.21836981587046,12,NA,NA,296042.423470178,18361.847090565
128,2016,"09766191","____vre",158.208364310474,19,NA,NA,377356.587426515,310248.356638429
128,2017,"04517924","_____re",340.315704491775,8,NA,NA,NA,1157854.27559294
128,2018,"04496777","gk__vr_",43.5058669186436,15,110179.917556801,141056.083321284,28278.8713054004,NA
128,2019,"11725933","gku_vr_",42.5261530748279,18,11372.7620703126,148451.389653608,385785.084332417,NA
129,2013,"07070543","gku_vre",50.1025470749091,11,100291.773693878,54146.5982562337,1536863.58704327,331879.297880592
129,2014,"05972094","g_u__r_",201.563263921144,12,-102525.650987042,NA,NA,NA
129,2015,"14626404","g___vr_",751.164554561127,14,127684.053961849,NA,303308.339262114,NA
129,2016,"09707051","____vr_",613.496046754108,17,NA,NA,174240.861977033,NA
129,2017,"05923483","__u__r_",12.4091491856227,19,NA,NA,NA,NA
129,2018,"05294157","_____r_",10.6098141818522,15,NA,NA,NA,NA
129,2019,"07690639","g___vre",459.4869139364,11,-54496.1364977397,NA,11860.7512433267,14396.4706993796
130,2013,"05210514","g___vr_",111.471756929471,16,-65748.5958439443,NA,11606.6789576904,NA
130,2014,"08368411","____vr_",61.7182206564544,19,NA,NA,590658.481360496,NA
130,2015,"02969343","g___vr_",72.0391238790986,9,59221.2848267267,NA,5147.95819391544,NA
130,2016,"04219495","____vr_",1893.60389534874,13,NA,NA,29395.4482704405,NA
130,2017,"04244989","__u_vr_",5.77953349268209,18,NA,NA,109332.83119846,NA
130,2018,"08977829","____vr_",0.556259131056221,19,NA,NA,86312.8952782128,NA
130,2019,"05195754","__u_vr_",101.151516297177,15,NA,NA,1193324.38958112,NA
131,2013,"04143631","_k__vr_",588.285117300152,13,NA,433031.369284352,35656.7933780275,NA
131,2014,"04621161","__u_vre",1.99131839490009,13,NA,NA,555334.361457247,87138.2979212824
131,2015,"02356872","_k_pvr_",121.612125745524,16,NA,86119.6955076396,137117.630738,NA
131,2016,"11945369","g_u_vr_",53.2467339196632,13,146410.074522676,NA,11558.9077533058,NA
131,2017,"01642968","g____re",6154.51050071811,13,168846.623779726,NA,NA,5450.05524064958
131,2018,"01855010","__u_vre",7.09063562596302,12,NA,NA,3547001.40582065,162275.442169364
131,2019,"03220686","g___vr_",78.5937297661964,17,35745.0014214699,NA,82054.9266783627,NA
132,2013,"08258881","g_u__r_",120.532592713902,12,-32250.6484958718,NA,NA,NA
132,2014,"04314063","g___vr_",183.371204986906,17,161321.916637783,NA,163114.107818399,NA
132,2015,"05067087","___p_r_",81.1377203258405,15,NA,NA,NA,NA
132,2016,"12813504","g____re",1645.16638661656,11,25675.7146803016,NA,NA,7297.1041824936
132,2017,"13790396","_____re",8.61710851763637,18,NA,NA,NA,46513.1109203356
132,2018,"13643775","g____re",221.953253165248,15,-70159.6026789509,NA,NA,61159.9049442239
132,2019,"05293293","__up_re",176.845799607096,18,NA,NA,NA,196734.553379271
133,2013,"08883017","_____r_",101.679651052675,14,NA,NA,NA,NA
133,2014,"16149473","____vre",125.130222953999,17,NA,NA,40735.3910844642,131948.869065772
133,2015,"05115272","____vre",21.675570440176,17,NA,NA,97292.8749315085,48922.2459911584
133,2016,"04764833","g____re",247.209140947133,13,-57796.4629632641,NA,NA,89030.1095775941
133,2017,"05637524","g_u_vre",644.250559825744,10,81661.2970674765,NA,38166.3558596131,8062.13847160981
133,2018,"07585470","g___vr_",573.771627189655,18,47283.3557565715,NA,387648.803346414,NA
133,2019,"07806922","__u_vr_",4449.83489650544,11,NA,NA,501329.856289363,NA
134,2013,"06480456","____vre",259.903369271759,16,NA,NA,204334.552078841,241021.051569487
134,2014,"11161688","_k__vr_",77.5884639827707,20,NA,63062.8285945113,290403.357025992,NA
134,2015,"02047225","__u_vr_",3.51822309823589,14,NA,NA,2347120.36276124,NA
134,2016,"01121174","____vr_",305.059372855226,13,NA,NA,48171.2732171191,NA
134,2017,"05056858","g___vre",2.07466672977077,14,69618.8473933738,NA,1182541.00004015,27649.5060926028
134,2018,"05353881","____vr_",277.517451757961,14,NA,NA,519999.078104802,NA
134,2019,"04553363","__u__r_",236.589276018576,12,NA,NA,NA,NA
135,2013,"04209931","____vre",259.678991864056,14,NA,NA,1154756.89023768,168143.85353885
135,2014,"12675261","g_u_vre",2.14163450388546,15,10915.8854534852,NA,312616.751617088,1869286.89581498
135,2015,"07024492","g___vre",35.7511174875924,16,125606.48881609,NA,213569.006938593,23321.7493666132
135,2016,"07901123","gkupvr_",21.2815467915834,21,110285.961725419,-91169.823993459,139886.850077276,NA
135,2017,"05305412","____vre",27.0133332696268,13,NA,NA,932198.281298944,40175.0051209785
135,2018,"04015483","g__pvre",297.695408149121,18,109138.971651942,NA,685301.564785015,140171.060958132
135,2019,"01756868","_k__vre",61.352596582665,18,NA,-313991.672079393,279792.362947791,216920.064229216
136,2013,"04253393","__u__re",5822.23321331591,12,NA,NA,NA,6690563.32613345
136,2014,"05455464","_k___re",324.388976856008,16,NA,311449.047127091,NA,86024.9198296921
136,2015,"14400665","g_upvr_",569.504923607321,15,10121.4682524532,NA,1183622.91149497,NA
136,2016,"08507564","__u_vre",396.961850031644,13,NA,NA,44340.3906554583,12266.6457936554
136,2017,"05524128","g___vr_",1237.11631814925,18,-120921.461886936,NA,12178.8855959966,NA
136,2018,"04038650","g____r_",2127.56586354697,10,100103.561877415,NA,NA,NA
136,2019,"07018184","_k___r_",130.167749183681,13,NA,129731.803469809,NA,NA
137,2013,"04927570","g___vre",15.9384050159453,24,-55527.0376788931,NA,645194.619714011,675194.136747139
137,2014,"14030983","g___vr_",8.59944774831987,14,113882.864606343,NA,375296.972821373,NA
137,2015,"04167585","__u_vre",10046.0428527628,18,NA,NA,128392.601223736,6523.82419327999
137,2016,"08721079","__u_vre",145.113597518999,16,NA,NA,15301.1293043787,138100.295798259
137,2017,"09574644","g_u_vre",528.607000921394,14,37392.8104581854,NA,558851.609290014,30741.3179485939
137,2018,"12393903","__upvre",236.977348519272,16,NA,NA,36461.7713504575,74315.3428393559
137,2019,"09356247","g____r_",41.834961834616,20,36018.67272603,NA,NA,NA
138,2013,"09858182","_____r_",11.8979681464241,21,NA,NA,NA,NA
138,2014,"07768519","g_u_vr_",1220.8532971582,17,-167572.756245035,NA,1593216.52626321,NA
138,2015,"09976754","gkupvre",145.273906542005,10,8804.13933830367,-14348.0906288977,32078.065880719,151668.938751107
138,2016,"05025967","g___vre",12813.868135557,12,147389.341357393,NA,1154724.6076496,55221.1032388412
138,2017,"12983606","gk__vre",875.979095054541,19,-23879.3234436856,17463.1043997608,47217.4374009966,16860.3335129138
138,2018,"05330590","_____re",432.099136189442,12,NA,NA,NA,144285.988788854
138,2019,"11641548","g____r_",31.3256720488015,13,-7193.00260327847,NA,NA,NA
139,2013,"05553367","__u__r_",596.899672053748,9,NA,NA,NA,NA
139,2014,"05231382","g___vre",2.33984120352297,14,145749.958908484,NA,7897.3462578832,27397.9102320766
139,2015,"01190940","g_u_vr_",13.6735939912137,10,181862.757644527,NA,323980.137251411,NA
139,2016,"05430941","__u_vre",59.784817891253,12,NA,NA,1742484.13358001,606043.351252083
139,2017,"07335414","___pvr_",147.34784760111,25,NA,NA,53761.8811133222,NA
139,2018,"07922820","____vr_",416.283848576883,19,NA,NA,39568.9844971314,NA
139,2019,"08438651","g__p_r_",6.23745220236238,21,67541.4020192176,NA,NA,NA
140,2013,"08625783","__u_vr_",6.42138896408567,17,NA,NA,7021273.95721837,NA
140,2014,"05998420","g_u__re",244.383478507375,12,49709.1458183934,NA,NA,5109.067559229
140,2015,"05673089","__u_vre",485.247606216016,11,NA,NA,213701.883207146,484578.431003876
140,2016,"04562239","___pvr_",827.207232182487,19,NA,NA,3840794.37617828,NA
140,2017,"04587276","gk__vr_",192.870856658916,11,79951.5959873391,135138.113353979,232635.424668092,NA
140,2018,"14500179","___pvre",10.8176794838393,12,NA,NA,5900330.59797909,87466.5074344309
140,2019,"05241929","g___vre",3.77120577070378,13,-54025.4290677075,NA,753708.223215841,177749.377473862
141,2013,"07786444","g__pvre",34.5977539701307,14,-53396.2765250526,NA,62385.4781127051,167134.777544651
141,2014,"05366587","_____re",12.921911675739,14,NA,NA,NA,71354.2166495745
141,2015,"07912925","___p_r_",506.113102824621,12,NA,NA,NA,NA
141,2016,"12885260","____vr_",541.128032240954,12,NA,NA,45696.8779406446,NA
141,2017,"07902625","_k__vr_",9.56284344867114,14,NA,207241.608281621,791067.297271583,NA
141,2018,"04401505","____vr_",599.628797849217,24,NA,NA,589937.271021887,NA
141,2019,"15015580","_____r_",846.136887230301,22,NA,NA,NA,NA
142,2013,"05310952","g___vre",275.71422931929,15,73334.0450027661,NA,143565.983997884,16514.372644357
142,2014,"04290126","_____r_",1282.04505388488,14,NA,NA,NA,NA
142,2015,"15853141","_____r_",4912.32590137213,20,NA,NA,NA,NA
142,2016,"14489447","g___vr_",96.0487182271824,15,125092.261182481,NA,214885.276481901,NA
142,2017,"05441336","__u_vr_",198.642093544213,15,NA,NA,148119.326081987,NA
142,2018,"12549805","g_u__re",928.83178228122,14,202720.679265789,NA,NA,46890.7211920118
142,2019,"16487362","____vr_",61.3731659235688,11,NA,NA,193497.378927944,NA
143,2013,"05993732","____vr_",36.8266340925951,17,NA,NA,972245.00243167,NA
143,2014,"05168823","g____r_",1167.43262627552,15,-136405.584950055,NA,NA,NA
143,2015,"08308635","gk___re",72.4481800949664,7,-15297.0776750049,114160.723189362,NA,3636.53875489267
143,2016,"05155473","____vr_",296.291322451563,21,NA,NA,269743.038584536,NA
143,2017,"07885807","g_u_vre",1098.88754218267,16,190143.536622642,NA,315895.358387575,46957.6903211136
143,2018,"05682511","___pvre",139.218622261017,17,NA,NA,60654.7376932367,1293053.61332019
143,2019,"16244361","____vre",500.794644695027,15,NA,NA,55495.6808960445,1025881.39934306
144,2013,"05601914","g____re",1390.34903539618,17,112988.372104928,NA,NA,100420.116087215
144,2014,"10130656","____vre",26.6139661269163,12,NA,NA,373408.037155762,1145460.41828942
144,2015,"08921798","____vr_",19.0992682721082,11,NA,NA,23165.8722361114,NA
144,2016,"07990864","____vr_",517.444686807474,16,NA,NA,137115.369507992,NA
144,2017,"05415741","gk__vre",8.85301789490772,14,243657.58570988,85154.0607390825,358149.938741802,4165.86512255446
144,2018,"08349433","__upvre",405.591221630208,12,NA,NA,160258.791566047,313160.620285179
144,2019,"14260538","_ku_vre",71.1332210817409,15,NA,-57574.6994291136,762974.061213281,67611.8555718398
145,2013,"04339221","____vre",9.05868026481787,14,NA,NA,269357.504155551,208546.260681001
145,2014,"12134920","_____re",11.2588502254095,15,NA,NA,NA,95799.2471645968
145,2015,"07604048","g___vr_",18.7061531576026,12,44470.8760792151,NA,185692.751898262,NA
145,2016,"08279619","gk__vr_",692.876264181651,9,-111880.1373028,300648.271133991,2047885.45140827,NA
145,2017,"05326378","gku__re",663.063020815332,17,66861.7425095931,-11665.9209221045,NA,1822045.54992009
145,2018,"05635138","_ku_vr_",12.039506102647,18,NA,96284.1979037291,200658.038977647,NA
145,2019,"05876498","g_u__r_",37.9645266866263,12,16716.1410482726,NA,NA,NA
146,2013,"10753411","__u_vr_",41.600443833531,15,NA,NA,311695.826909869,NA
146,2014,"05214392","__u_vr_",1.17278872638,13,NA,NA,133682.960101815,NA
146,2015,"04498452","__upvre",8.81418194668326,20,NA,NA,1504513.35222057,269369.621396619
146,2016,"12110408","____vr_",319.245974576063,17,NA,NA,22298.334981426,NA
146,2017,"04933850","g_u__re",53.1760624401963,9,32683.2138145635,NA,NA,90394.1398672677
146,2018,"16283133","____vre",1644.93200742938,11,NA,NA,26544.9805147977,16485.6281863466
146,2019,"05196850","g___vr_",30.8129734304349,22,184783.006602439,NA,156065.515298412,NA
147,2013,"04429726","g_u__r_",672.231532317882,12,46143.1226446641,NA,NA,NA
147,2014,"04317748","g__pvr_",191.36904483428,14,-155295.369362045,NA,643943.118105799,NA
147,2015,"05915239","____vre",1350.80322479599,13,NA,NA,462688.200996075,14509.8998794777
147,2016,"04244649","_ku_vre",40.921382098284,17,NA,11346.1156578642,24604.0612560024,168582.713188726
147,2017,"07059649","g___vre",248.809961756235,10,27595.2386657739,NA,604113.833782842,41504.3876904802
147,2018,"05804847","g___vr_",1394.14610400353,12,98982.286998037,NA,98319.8778755056,NA
147,2019,"03592603","__u_vr_",35.4794476080853,14,NA,NA,501377.396079458,NA
148,2013,"11778425","_____r_",82.8469864940934,22,NA,NA,NA,NA
148,2014,"13853256","_____r_",77.3765299581762,18,NA,NA,NA,NA
148,2015,"05173292","____vre",21.3812237218905,13,NA,NA,2482766.28889643,1139377.97358986
148,2016,"05492209","_____re",422.401938167038,19,NA,NA,NA,227334.432429138
148,2017,"05517852","___pvr_",724.597686768047,15,NA,NA,288186.527400296,NA
148,2018,"04867018","g____re",23.1281278958911,14,88075.7255525275,NA,NA,322731.318698298
148,2019,"08123924","__u_vr_",52.0145486254967,15,NA,NA,301139.890702745,NA
149,2013,"02430689","g____re",7499.77730930028,15,33155.9046823296,NA,NA,65666.3828686235
149,2014,"09632470","____vr_",390.651544615533,10,NA,NA,26901.26962407,NA
149,2015,"07993572","____vre",130.922376192725,15,NA,NA,17116.4938746952,38095.6107690127
149,2016,"05496441","_k__vre",633.65141470208,16,NA,-17641.9021182682,54857.1443867738,254055.443167382
149,2017,"02927270","__u_vr_",10.5883595666051,19,NA,NA,1279636.14222851,NA
149,2018,"04271976","__u_vr_",57.5832120500643,16,NA,NA,14971.7517385992,NA
149,2019,"04599264","___p_r_",300.426425001595,14,NA,NA,NA,NA
150,2013,"09764862","gk__vre",13.7301271532643,14,203480.649813057,-62608.8686041166,27416.0946825254,138675.586474519
150,2014,"14839373","g___vre",2017.65780291531,13,90730.8315012538,NA,334910.00368482,109835.777797109
150,2015,"05460381","g___vre",1357.39637673082,15,36509.7696571938,NA,72305.145843935,2010.60831045753
150,2016,"08375122","__u__r_",16.0456020835774,12,NA,NA,NA,NA
150,2017,"10226310","__u__re",595.317348595055,20,NA,NA,NA,126914.968071535
150,2018,"03472050","g____re",843.583156929107,21,155978.938040392,NA,NA,10710.3715467343
150,2019,"05876405","g___vre",220.630571729726,12,67635.0801204572,NA,18638.1164052024,36575.5300696424
151,2013,"10708332","____vr_",29.8533585521759,18,NA,NA,296707.328233078,NA
151,2014,"05282589","____vre",26.8187380482398,19,NA,NA,546109.560431999,140683.23443595
151,2015,"05210491","____vr_",1567.90079177955,17,NA,NA,142858.275057477,NA
151,2016,"09148085","____vr_",24.4356908542843,11,NA,NA,579942.87061971,NA
151,2017,"04675623","____vre",19.3787575866671,11,NA,NA,38762.3616594345,510251.890228652
151,2018,"10963075","g___vre",29.7765390506314,15,314827.261292676,NA,121029.614597117,639673.658356522
151,2019,"09570241","___pvr_",219.521094396407,12,NA,NA,147723.994954658,NA
152,2013,"07221700","g__pvre",63.777503282251,14,79360.3153098503,NA,316817.801551061,710294.19102812
152,2014,"05072612","_____r_",5.30957789272471,17,NA,NA,NA,NA
152,2015,"04765446","___pvre",2328.01793773157,17,NA,NA,569377.506469073,41029.1348196277
152,2016,"05991486","____vre",6.38049566689976,17,NA,NA,283498.885016994,26079.7970260541
152,2017,"15821328","g___vr_",288.164053292145,19,-182069.424782605,NA,41122.3380309571,NA
152,2018,"05287415","g___vre",3971.3892214171,15,142498.384753764,NA,253857.063217937,3991.68600305018
152,2019,"05680241","_ku__re",34.4011869824908,15,NA,-68044.6040211925,NA,224249.559655932
153,2013,"04185022","____vr_",323.034176713094,20,NA,NA,587462.990325456,NA
153,2014,"09755235","_ku_vre",355.260100790114,9,NA,83546.3564347217,399920.800951413,23562.6995453156
153,2015,"15176697","__u_vr_",22.10291621572,13,NA,NA,156254.347632993,NA
153,2016,"04326185","gkupvre",7.92610321359643,15,147159.614351378,205085.221752067,252247.219874593,1127617.70722136
153,2017,"07508420","____vre",30.5936302770547,17,NA,NA,60511.1901371927,12469.6600806146
153,2018,"08133999","g___vre",135.398090674373,13,46429.2542716632,NA,69643.861487426,45924.8699427507
153,2019,"08799799","g_u_vre",617.183003708214,17,158868.931172946,NA,225546.439733808,1332943.04861932
154,2013,"05871408","____vre",26.5314764978122,14,NA,NA,58730.4650008962,112967.132763555
154,2014,"07513067","____vr_",419.43095423269,12,NA,NA,257038.902239118,NA
154,2015,"06505797","____vr_",565.238524990047,18,NA,NA,29836.5149321442,NA
154,2016,"04832161","__u_vr_",107.877369560479,10,NA,NA,266928.930775962,NA
154,2017,"09399136","g_u__re",82.1709455872187,13,17228.0604124241,NA,NA,22917.1965721966
154,2018,"11819558","g_u_vr_",11.5898922045593,16,227532.928289543,NA,116986.424371884,NA
154,2019,"05494433","____vr_",1615.72651306485,13,NA,NA,27466.0491116433,NA
155,2013,"05129445","____vre",27.2331258110232,23,NA,NA,715987.273070937,13076.0649539099
155,2014,"05600842","g_u_vre",226.519071056587,17,42084.2469858041,NA,95433.8391642483,23646.0334342178
155,2015,"07736084","_k__vr_",288.025986941422,14,NA,117699.684233683,26436.2115222272,NA
155,2016,"13406167","g___vre",28.6616529627022,10,-15675.5237895243,NA,199703.601142712,188190.149280028
155,2017,"04151910","g_u__r_",234.889562451278,14,-129209.930571743,NA,NA,NA
155,2018,"14032053","__u__re",103.195884370228,11,NA,NA,NA,21827.3357833646
155,2019,"14900505","g___vre",48.7638747290542,17,-12145.6878733348,NA,2032968.76802853,35393.5251843958
156,2013,"05560772","__u_vr_",25.4054963695695,15,NA,NA,1844.25598439504,NA
156,2014,"02791253","g_u_vr_",3104.1973953515,15,-132482.82143274,NA,308333.723019286,NA
156,2015,"08627139","__u__re",1181.00743362693,17,NA,NA,NA,67797.733312303
156,2016,"09461369","____vre",6524.47584642991,11,NA,NA,54263.3614155614,367797.150974372
156,2017,"05373860","____vr_",165.346165299678,15,NA,NA,347964.843786122,NA
156,2018,"11347234","g_u__r_",68.4784706761989,14,199834.685042997,NA,NA,NA
156,2019,"05920850","g___vre",204.812491015294,12,173676.492884266,NA,58247.3727904531,593225.613485659
157,2013,"01625852","g_u__re",441.769116441884,15,122285.971642046,NA,NA,89710.442439959
157,2014,"07203440","__u__r_",5.7543808208483,10,NA,NA,NA,NA
157,2015,"04660674","g___vre",252.050724760107,17,73470.691794548,NA,85805.1645625569,5449.83331290432
157,2016,"07602623","____vre",1035.36569593121,10,NA,NA,12476.1157025441,10424.447480998
157,2017,"07184520","_____re",14.581021240499,15,NA,NA,NA,174608.142498632
157,2018,"05202954","____vr_",633.131127003881,16,NA,NA,5034.5936821853,NA
157,2019,"11867836","g___vr_",2.42802509608252,13,100755.416460651,NA,243368.884395311,NA
158,2013,"08205997","_k__vr_",585.696370393334,12,NA,-53739.6628249127,293598.194062644,NA
158,2014,"05133745","g___vre",32.5354704535498,15,-467.438001405171,NA,388620.545480493,694143.832877696
158,2015,"09576445","g___vr_",185.393912418175,16,117214.914203931,NA,28248.9215126412,NA
158,2016,"09443766","g___vre",339.996509170296,12,40548.4359499431,NA,145006.969740612,44833.1598725092
158,2017,"05219837","g____re",16.505868160081,17,46006.1082504731,NA,NA,32091.1581130578
158,2018,"07223613","__u_vr_",95.6386198038765,16,NA,NA,154162.701421607,NA
158,2019,"09610885","gk__vre",238.762892226624,6,39072.4101546393,32119.6529844567,426957.843348342,470891.026304494
159,2013,"12764243","___pvr_",87.0335839910012,20,NA,NA,99698.823830368,NA
159,2014,"07171582","_k__vre",159.591240284104,14,NA,64838.2735699118,662800.946617582,417651.120489132
159,2015,"01195607","gk__vr_",5407.80192299762,10,83038.1203432668,367262.683533855,1522104.14726713,NA
159,2016,"16564375","__u_vre",8643.58815527782,14,NA,NA,77876.6731255948,314795.943112057
159,2017,"08047819","g___vre",365.289461635577,11,216474.840464683,NA,868586.844340949,6917.29839593139
159,2018,"04581500","_k__vre",100.19620344853,10,NA,57239.3751319356,302578.798894673,58604.2917077635
159,2019,"02267013","g___vr_",3.31326749283918,12,60872.9254127003,NA,93685.693235528,NA
160,2013,"14068066","____vre",12.2491010144049,12,NA,NA,674095.928058962,47338.2773429262
160,2014,"05908432","g_upvr_",18.3346112105705,15,224886.986520305,NA,311096.408166619,NA
160,2015,"05214910","__u_vre",10782.5674970905,15,NA,NA,784642.416152877,5128.31084612991
160,2016,"12754704","____vre",76.0971522179217,19,NA,NA,801220.802916337,19634.0156092972
160,2017,"12650279","gku_vr_",136.629120496684,22,161488.492286824,327838.025602231,92759.9936183071,NA
160,2018,"05514507","____vr_",227.628011731739,14,NA,NA,122186.169899139,NA
160,2019,"11593193","_____r_",126.676656786889,19,NA,NA,NA,NA
161,2013,"14896648","g___vre",199.881813827668,17,24440.1168633391,NA,65931.4444419443,13248.1105440102
161,2014,"11800405","g_u_vre",877.381013027935,17,28873.9779875919,NA,705850.497546745,25955.2611039174
161,2015,"08648246","gk_pvr_",261.2945391685,14,225435.883129817,14969.7334302658,295129.377410033,NA
161,2016,"04561476","__up_r_",148.000864129006,15,NA,NA,NA,NA
161,2017,"10566076","g__pvre",38.7985371791564,23,90328.7763281008,NA,116061.087751485,46144.6176997454
161,2018,"12742617","__u__r_",3726.65997601339,16,NA,NA,NA,NA
161,2019,"07717664","____vr_",356.954898983641,12,NA,NA,407090.640223259,NA
162,2013,"01725766","_k__vre",35.6770290569897,12,NA,-164287.767511348,339666.724412309,101913.558917333
162,2014,"05841777","g_u_vr_",75.5218190554378,15,-11231.9035520632,NA,872777.766422327,NA
162,2015,"07746163","g___vr_",6.88528341000469,18,-192062.363941166,NA,25316.2413618876,NA
162,2016,"05521958","g_upvre",755.689377336636,7,114282.833684304,NA,66688.1176804261,23342.3575210508
162,2017,"14171841","_ku__r_",345.129932417749,12,NA,-101423.696686135,NA,NA
162,2018,"14039289","____vr_",108.993451880483,16,NA,NA,65147.236587613,NA
162,2019,"05938927","gku_vr_",27.0829012492449,11,55557.8146499877,-112182.150567265,219752.780726296,NA
163,2013,"07189566","__upvr_",126.789628547159,17,NA,NA,884166.456845307,NA
163,2014,"08286011","g_u__re",26144.7088510329,8,141679.125010597,NA,NA,184042.999797719
163,2015,"04757535","___pvr_",6061.90972497364,19,NA,NA,502328.255943016,NA
163,2016,"05734726","_____r_",78.7343026552435,18,NA,NA,NA,NA
163,2017,"04705257","____vre",23.3303354304973,19,NA,NA,21083.3102197324,74111.8681901214
163,2018,"07983599","__u__re",14805.0236960518,19,NA,NA,NA,225256.51834433
163,2019,"04033069","g___vre",45.1012165737823,15,3986.10864689916,NA,24381.8492020974,59584.6239092684
164,2013,"02039009","____vre",40.6370253701027,12,NA,NA,12703.3577280713,36858.996685076
164,2014,"07203444","gku_vr_",76.9602431445931,13,221428.307713723,-33524.6175071939,1969481.93639601,NA
164,2015,"14148909","___pvre",2803.63662038039,12,NA,NA,1208383.54180286,280661.81556464
164,2016,"05198579","g__pvr_",9737.98558535543,18,92317.2962297178,NA,684917.512519446,NA
164,2017,"04330522","____vre",75.863614061817,19,NA,NA,422311.941072454,52686.4835456381
164,2018,"05233973","g___vre",620.78514955161,21,52511.5312792826,NA,268998.748286058,67467.9981145012
164,2019,"04922562","__u_vr_",11.97222713364,19,NA,NA,35338.0713163054,NA
165,2013,"07361241","g___vr_",2178.24787432909,13,90181.4741051871,NA,507727.166235785,NA
165,2014,"05505236","____vre",5.49522043659062,14,NA,NA,35510.5582446444,106658.97874501
165,2015,"16392645","___pvr_",398.821962323125,15,NA,NA,9685.13683643823,NA
165,2016,"05071408","____vre",653.872033971655,15,NA,NA,119928.022822002,104974.547689683
165,2017,"13127536","g___vre",99.5291744992808,18,236878.157334637,NA,946188.211503268,10924.6464030079
165,2018,"12655841","g___vr_",67.8376958841694,17,62915.3719358207,NA,27676.6009462742,NA
165,2019,"07807844","____vre",28.7667236370416,16,NA,NA,127142.659524085,1498086.93198124
166,2013,"02878618","__upvre",24.7509696373389,16,NA,NA,3061491.22049182,30991.5982597788
166,2014,"07545311","___pvre",606.193562511743,18,NA,NA,344310.519263765,192220.905755052
166,2015,"07861441","gk__vr_",30.7953493785002,16,88399.8766979884,-141307.761088816,40501.3376869192,NA
166,2016,"10916770","g____re",40.6046788642789,18,70053.3387841443,NA,NA,173684.165306964
166,2017,"05293877","g_u_vre",628.445824002317,17,-28616.0797514589,NA,130988.727949729,5807.10289944416
166,2018,"07380675","__u__re",153.936230909583,17,NA,NA,NA,442521.663229322
166,2019,"07359109","____vre",94.3697092521917,14,NA,NA,64514.1495374728,48791.7801624168
167,2013,"04098327","_ku_vr_",133.946823534262,18,NA,221332.659501187,329568.778028906,NA
167,2014,"07550821","_____re",222.207061020165,17,NA,NA,NA,11120.6031216434
167,2015,"05591554","_____r_",103.078706327929,16,NA,NA,NA,NA
167,2016,"04071397","__u_vre",862.898572976609,13,NA,NA,5497099.82258224,3884.38538688175
167,2017,"05551735","__u__re",44.8536053775308,14,NA,NA,NA,4469.04778572066
167,2018,"04850004","__u_vr_",684.204683541968,10,NA,NA,34630.1823533789,NA
167,2019,"09204987","__upvre",598.544089481311,11,NA,NA,6938.97679587153,27780.194955705
168,2013,"07661989","g____re",1388.88964466043,25,193757.898678327,NA,NA,73445.1982445667
168,2014,"05795864","g___vre",42.5947553833387,22,90859.8189247642,NA,186532.074917845,38975.159663407
168,2015,"09296596","gk__vre",938.45112127399,17,-66277.2546574352,-133957.97446168,356332.793719508,117684.337325274
168,2016,"16427838","g___vr_",399.092243005154,13,175091.856864673,NA,307630.487805588,NA
168,2017,"16681497","__u_vr_",272.682754202472,24,NA,NA,611384.01430174,NA
168,2018,"05636962","g_u_vr_",60.5208513890507,12,49678.2750363194,NA,392451.209846953,NA
168,2019,"05961619","g___vre",240.629978761617,15,-58285.2254829674,NA,147240.139819495,301039.03140669
169,2013,"07800529","____vr_",78.1326491305322,23,NA,NA,21187.1172190024,NA
169,2014,"13177976","gk__vr_",1019.97293512861,22,70085.9327323873,170444.035824642,519651.382695331,NA
169,2015,"07456929","g_upvr_",232.74591308489,10,64382.5929543055,NA,65935.2589781808,NA
169,2016,"03650265","____vre",4319.656751623,12,NA,NA,120799.655616324,3070.18313928472
169,2017,"07899978","g____r_",946.302838285056,17,106654.391304083,NA,NA,NA
169,2018,"05648015","__u_vr_",700.435482788447,11,NA,NA,850703.849556666,NA
169,2019,"08078371","_____r_",1901.23052651078,8,NA,NA,NA,NA
170,2013,"04164561","g__pvr_",82.3076259981813,15,-122365.488735444,NA,655017.436102611,NA
170,2014,"14590714","____vre",4349.79489935658,14,NA,NA,56647.5822053528,6088.54505405151
170,2015,"01625569","g___vr_",255.943071320333,15,-24485.396283399,NA,534023.870995796,NA
170,2016,"07472788","____vr_",13.0205714833073,16,NA,NA,45480.1813822778,NA
170,2017,"07629204","g_u__r_",5.15709239472191,24,-204345.535911135,NA,NA,NA
170,2018,"07987292","_____r_",42.8735765737445,16,NA,NA,NA,NA
170,2019,"11500685","gku__r_",1.11461866608263,15,60032.8431517483,88259.0834932163,NA,NA
171,2013,"08363883","g_u_vr_",80.8879515544013,19,113157.87099605,NA,15262.8826613987,NA
171,2014,"09306568","gk___re",311.589774207687,11,93706.8064114123,-78835.9488624681,NA,25426.2044068713
171,2015,"04633231","gk_p_r_",421.287475357468,13,4734.15299724384,257133.37168306,NA,NA
171,2016,"05777314","g____r_",11.2625072970885,12,67743.186715668,NA,NA,NA
171,2017,"02204341","____vre",774.265887504918,9,NA,NA,354069.968460786,134272.301544809
171,2018,"09422431","g_u_vre",6.29908606732874,20,84615.8894678997,NA,68520.9650641169,56438.2560497476
171,2019,"05906874","g_u_vre",3078.09023337585,24,23678.9872199903,NA,192800.048951754,179684.529380139
172,2013,"05526155","gk__vre",22.603116365163,21,-80093.9767895491,139023.996762447,72521.4274444028,8372.87856393288
172,2014,"10605802","__u_vre",173.847245127531,15,NA,NA,336792.371452694,284925.965377955
172,2015,"07916924","gku__r_",296.612453317536,13,-111290.043645174,229390.940182503,NA,NA
172,2016,"07812600","__u_vre",567.253002304554,17,NA,NA,285717.681808748,130997.730807549
172,2017,"07932212","_ku__r_",477.613713511908,12,NA,-48556.1547510345,NA,NA
172,2018,"09926186","_____re",281.196313613412,11,NA,NA,NA,158468.867887282
172,2019,"05448749","____vre",167.421800549248,11,NA,NA,730229.118924134,270937.688313487
173,2013,"10484056","g_up_re",64.5585638189071,18,21860.8110690595,NA,NA,41896.5836207776
173,2014,"11787416","g_u_vre",517.347824546362,16,-115391.95667498,NA,19667.7867706895,50486.2423049955
173,2015,"12924614","___p_re",157.708854063017,10,NA,NA,NA,611751.878786126
173,2016,"07251677","_k___r_",127.436151762843,10,NA,108321.416192583,NA,NA
173,2017,"04422456","__u_vre",3.02881413787083,12,NA,NA,616336.471457906,77830.9021720111
173,2018,"09500035","g____r_",885.656938067171,13,-18452.6317413373,NA,NA,NA
173,2019,"02299833","g_upvr_",1794.8170650556,20,74181.6826125603,NA,1902906.67057205,NA
174,2013,"13274322","g___vr_",28.0139277292339,14,199595.981301065,NA,31465.4990043295,NA
174,2014,"05591876","g____re",229.471731728898,19,72107.3518858588,NA,NA,287952.641091706
174,2015,"04818241","____vre",4.59716902988252,12,NA,NA,87205.7216818144,4138.03193703662
174,2016,"12238460","__u_vre",94.3403945371953,16,NA,NA,234976.12174989,141138.573754785
174,2017,"08310636","__u__re",307.88889884613,12,NA,NA,NA,59066.195163144
174,2018,"04448487","g___vr_",289.348509110198,20,119586.699346061,NA,28759.8820839502,NA
174,2019,"07843660","____vr_",14.1339207463728,19,NA,NA,252378.601980631,NA
175,2013,"05856409","_____r_",945.395465257719,14,NA,NA,NA,NA
175,2014,"16634539","_____re",203.049284531923,14,NA,NA,NA,278434.93274341
175,2015,"05868362","__u_vre",2110.72993615884,16,NA,NA,86714.6877583966,13389.4956551227
175,2016,"09237648","___p_re",251.594738831461,18,NA,NA,NA,345991.242817446
175,2017,"08776583","gk__vr_",358.40995257393,20,-155081.74866652,-189051.978455391,1156903.90089217,NA
175,2018,"04034518","g____re",2.37602454601329,20,-13717.7535312438,NA,NA,1209.80481838016
175,2019,"03621825","____vre",511.421160083288,10,NA,NA,707998.452476819,125664.40583491
176,2013,"10362630","g____re",2.61109953793378,8,93742.2435975951,NA,NA,213926.721040245
176,2014,"08055810","____vr_",2.55552107603431,14,NA,NA,1836356.25132312,NA
176,2015,"05505406","gk__vr_",792.150942269363,21,252051.882454471,-108675.377605992,322284.98993053,NA
176,2016,"16127738","__u__r_",7.92501752341864,16,NA,NA,NA,NA
176,2017,"08677362","gku__re",135.848035564717,14,-85424.8209483708,72785.8645240199,NA,85357.0477375904
176,2018,"12426783","_____re",139.834986212079,20,NA,NA,NA,533859.866653156
176,2019,"05044878","g_upvre",1292.3548564954,21,7611.16495281605,NA,462458.709151541,448534.594994479
177,2013,"04176531","g___vr_",2008.70823519084,18,101492.786481255,NA,276685.953637549,NA
177,2014,"01909399","___pvre",679.681300604773,14,NA,NA,621827.713093,6917.361236517
177,2015,"10912233","____vre",37.8252408404117,17,NA,NA,1079764.91383227,15347.1266428348
177,2016,"07547400","g_u_vre",553.119387393341,15,189212.198490583,NA,205600.53644144,5786.46301755903
177,2017,"09461780","_____r_",4.82714018652101,15,NA,NA,NA,NA
177,2018,"07045005","g___vre",231.430873492902,21,171028.228135316,NA,68801.0051205106,31477.4362385696
177,2019,"08881023","__u_vr_",61.3860949079809,14,NA,NA,30204.4166901406,NA
178,2013,"05479525","__upvre",14.4383588575808,18,NA,NA,124810.442954426,108849.973141859
178,2014,"10794717","g___vr_",4928.71240999601,15,67913.7782659245,NA,31420.5394738275,NA
178,2015,"07948309","_k__vre",899.132354350938,13,NA,88463.4849580685,1022105.85142826,72199.8747855702
178,2016,"01483084","__up_re",47.4070381970996,13,NA,NA,NA,24181.1807177241
178,2017,"06136104","__u__r_",31.4625407155226,13,NA,NA,NA,NA
178,2018,"04141586","gk_pvre",33.1877773593133,13,45159.8139827953,58279.6006118774,48871.6598122419,3843.33535423869
178,2019,"10556907","__u_vre",251.865844462896,18,NA,NA,110915.948418994,130710.130697507
179,2013,"09342900","____vre",73.5305613627442,9,NA,NA,603279.399321605,44863.7493356057
179,2014,"12708512","_k__vre",45.537073871804,17,NA,-7970.11502352946,2816579.31088347,189672.756805239
179,2015,"05042277","_k___r_",1442.6424877776,18,NA,72090.8294785627,NA,NA
179,2016,"01394513","____vre",296.931653454014,17,NA,NA,17417.5853958344,30427.7531723896
179,2017,"14865339","____vre",4450.32558562455,10,NA,NA,94574.1008215101,134419.148583615
179,2018,"01091883","g____r_",324.428144863537,9,25736.9972687985,NA,NA,NA
179,2019,"04596605","_ku__r_",31.7066243241503,9,NA,163219.901927322,NA,NA
180,2013,"05902789","____vr_",3.76355077985316,15,NA,NA,54572.1988954361,NA
180,2014,"09955115","__u_vr_",82.7387656612781,16,NA,NA,61369.1729728464,NA
180,2015,"05250065","g____r_",103.314570302148,26,85880.4432841305,NA,NA,NA
180,2016,"09659750","____vre",766.094531345537,16,NA,NA,398090.62081207,569597.825191923
180,2017,"04505861","_____re",740.225933877159,19,NA,NA,NA,12833.6426654989
180,2018,"07576198","__upvr_",222.690880839109,15,NA,NA,10529.6700844204,NA
180,2019,"11815697","_k___r_",26.2955855816357,11,NA,155961.5963054,NA,NA
181,2013,"09379954","g_u_vr_",695.294178743447,15,194.120903311705,NA,1235098.15909714,NA
181,2014,"14274558","__u_vre",598.388389442824,22,NA,NA,100944.174955142,442904.122551757
181,2015,"14662233","____vre",21.7822937382635,22,NA,NA,157995.126137852,54382.5205515512
181,2016,"04170215","g___vre",55.2136822967592,12,213354.159511924,NA,23934.6937008274,60582.3473353934
181,2017,"07711869","g_u_vr_",1775.84823702457,10,-17307.9689913553,NA,9215.36200454394,NA
181,2018,"08366892","g___vr_",21.6556352092832,11,83434.6166986123,NA,49751.2209255712,NA
181,2019,"15380895","____vre",32.3330845154745,15,NA,NA,248787.321635685,122857.979907528
182,2013,"08362241","g___vr_",1492.14666329057,11,165664.878609819,NA,53429.0416632428,NA
182,2014,"11543746","_____r_",51.3239051123172,11,NA,NA,NA,NA
182,2015,"04342460","_k__vre",66.0269051532156,13,NA,-141159.979293371,159305.271754501,20509.3389807239
182,2016,"04852681","g_u_vr_",822.514463527993,13,36032.7434920504,NA,37089.5731922925,NA
182,2017,"14683177","____vr_",29.0719269246737,14,NA,NA,246584.418485679,NA
182,2018,"04991585","_____re",487.877551954448,19,NA,NA,NA,177047.279231885
182,2019,"07911957","___pvre",214.07150824192,9,NA,NA,150705.012639812,158623.768634532
183,2013,"09106216","_____re",5.44919883385452,15,NA,NA,NA,32095.1626029627
183,2014,"09271095","g___vre",353.707031666078,14,130954.653663604,NA,378595.318409576,1856.68627822728
183,2015,"05541554","g_u__r_",458.400245834501,12,-111201.580638821,NA,NA,NA
183,2016,"14381928","g___vr_",1685.06933978702,16,134527.901331151,NA,1770523.50839476,NA
183,2017,"04998684","__u__re",444.480217864443,17,NA,NA,NA,1742025.44022913
183,2018,"04125702","_____re",281.135500766357,21,NA,NA,NA,45390.7166864315
183,2019,"12658323","_k___r_",189.896395822984,9,NA,145338.663671098,NA,NA
184,2013,"04693942","g___vr_",123.022865345436,16,144194.78275647,NA,276618.037123471,NA
184,2014,"04221822","__u_vre",23.4268866399922,18,NA,NA,128850.962380465,8949.59960014194
184,2015,"04757910","g_u__r_",10.4786605812776,20,114488.631650387,NA,NA,NA
184,2016,"05060480","__u_vr_",870.898588027059,17,NA,NA,110975.369886781,NA
184,2017,"09548641","g_u__r_",279.506169943816,13,46700.1260742058,NA,NA,NA
184,2018,"14900290","____vr_",473.467436390401,14,NA,NA,4581.44536969531,NA
184,2019,"09202302","__up_r_",303.625751709696,19,NA,NA,NA,NA
185,2013,"05463513","____vr_",39.0177541516729,13,NA,NA,417709.797169202,NA
185,2014,"07203878","g_u_vre",13.1838136954832,16,110258.904859879,NA,318824.989722859,434488.141647223
185,2015,"05181202","____vr_",120.887355173688,14,NA,NA,307479.118684122,NA
185,2016,"04628548","g__pvre",86.7428494803943,14,173092.199718175,NA,41103.5390495643,13860.8194306276
185,2017,"05237791","_k__vr_",37.6637441963982,15,NA,-232180.270582419,774034.397094812,NA
185,2018,"14667617","_ku_vre",29.8322361846621,16,NA,21404.6210740879,143434.484413306,3250.44896071833
185,2019,"12360772","____vr_",176.807760423101,14,NA,NA,4161061.82039968,NA
186,2013,"05657243","g_u_vr_",890.550275890212,17,60834.9913824635,NA,44065.2401068307,NA
186,2014,"08800526","____vre",610.682301433463,13,NA,NA,46160.8255675301,192724.540746394
186,2015,"04516870","__u__re",2241.28140780745,12,NA,NA,NA,8166.22419378132
186,2016,"09204647","g_u_vre",184.464232671404,18,126511.513521872,NA,300116.692219328,49691.8241337914
186,2017,"04008286","_____r_",11.7621172696723,18,NA,NA,NA,NA
186,2018,"12199344","g_u_vre",113.387478334212,20,9086.53318440116,NA,134906.417089386,29635.0484580436
186,2019,"03314725","g___vr_",4864.98174006923,17,175471.678019029,NA,779570.377598237,NA
187,2013,"07655486","_____re",285.075658922171,16,NA,NA,NA,106608.992437858
187,2014,"05713090","g___vr_",2.62702597783197,18,11424.8435760259,NA,284746.538905755,NA
187,2015,"05493003","__u_vr_",128.257571505862,16,NA,NA,78411.5657855718,NA
187,2016,"15604914","____vre",508.495546952844,17,NA,NA,74649.5223739661,121836.52187847
187,2017,"14713344","g__p_re",476.798370310141,15,41826.1182018518,NA,NA,9583.17946943333
187,2018,"16660380","g___vre",2129.41100587406,15,-21539.35985091,NA,79147.8226167808,9744.07686722031
187,2019,"11432272","g____r_",21.4942708569148,16,50274.7499090679,NA,NA,NA
188,2013,"07349812","g_u__re",2151.98313539587,9,119239.156403072,NA,NA,76252.2050849937
188,2014,"05760295","____vr_",86.6245908532678,18,NA,NA,338532.291890424,NA
188,2015,"14959853","__u_vre",174.930996212271,12,NA,NA,90714.1103965366,3699.32529728177
188,2016,"04827906","g_u_vr_",511.138062189002,21,67990.9926248892,NA,85450.7931670251,NA
188,2017,"04088104","g___vre",74.9411705153849,9,-24993.352141303,NA,121077.902363184,8718.69541318184
188,2018,"04005334","g____r_",3439.78942804242,15,133012.999496544,NA,NA,NA
188,2019,"04737805","__upvre",11943.2735136363,12,NA,NA,221631.675816427,4373.92134233994
189,2013,"05670907","g____re",307.845917280223,15,179283.400793761,NA,NA,32079.7764194636
189,2014,"08262606","____vre",11.1926415203608,20,NA,NA,202897.509019335,38910.0865161812
189,2015,"01406730","g___vre",50.4408740188277,11,-119272.498579403,NA,1227226.11803413,13203.4703715446
189,2016,"07406570","_ku_vre",8.55747853828015,16,NA,160776.825521688,22673.0482379234,868372.142912994
189,2017,"04388748","_k__vre",631.60785865615,14,NA,152582.808510631,3772004.59728298,17558.5108491826
189,2018,"07248351","gk__vre",83.0190499963469,18,-62977.0111474877,153414.377674764,126098.398926272,61828.3359267791
189,2019,"15089898","____vr_",109.125467380354,18,NA,NA,238171.949537531,NA
190,2013,"11322529","g___vre",4090.07123722426,17,78126.2536606971,NA,388427.120208955,215461.426164821
190,2014,"07737474","____vr_",42.4520002998106,17,NA,NA,483944.05929341,NA
190,2015,"01304781","g____r_",88.0652454808219,16,40515.1153486415,NA,NA,NA
190,2016,"01788199","____vr_",350.210162213712,14,NA,NA,1650092.83933427,NA
190,2017,"10888219","g__pvr_",978.055178664654,12,-103601.830490191,NA,145230.834739038,NA
190,2018,"02041541","g____r_",238.653886630415,18,-107050.419573353,NA,NA,NA
190,2019,"07734579","__u_vre",1141.15961620064,17,NA,NA,33415.07315243,563511.210435185
191,2013,"08439086","____vre",1749.21352669816,19,NA,NA,19064.0650844829,43037.6164793489
191,2014,"04600165","g_u_vr_",11.5189860575698,22,51932.8353441209,NA,311796.670339716,NA
191,2015,"16690693","__u_vr_",6.2067053497732,15,NA,NA,181951.53055531,NA
191,2016,"02250026","____vre",2679.38389632601,9,NA,NA,127609.162070317,12090.3920585979
191,2017,"08640454","g___vre",12.8232776842407,14,-97455.1068999963,NA,105499.764928183,41704.4511640404
191,2018,"09990373","g____re",4643.13420695359,17,104585.253494602,NA,NA,5836.56585206043
191,2019,"05964252","_____r_",2132.65375029447,13,NA,NA,NA,NA
192,2013,"04974795","_k__vre",797.434742989997,10,NA,325573.484943757,6617.99622612418,63416.1160336629
192,2014,"07999380","__u__re",6.26941986068518,20,NA,NA,NA,315541.467843657
192,2015,"07034064","__u_vre",209.422323316275,13,NA,NA,27021.3997035709,30781.209761703
192,2016,"01239204","g___vre",209.595700128978,18,44957.9265293413,NA,25017.7361379951,2865703.35677947
192,2017,"04295033","g_u_vre",195.276781913499,17,-63608.37334267,NA,214333.698427849,104459.758671355
192,2018,"09633341","____vr_",96.2142259191306,9,NA,NA,64707.4015029015,NA
192,2019,"08701915","__u_vre",65.9644614266791,11,NA,NA,284762.311841464,63076.8837796376
193,2013,"07880098","____vre",241.651047206911,14,NA,NA,34305.0238904838,214931.82212488
193,2014,"16211801","__u_vre",30.0553117123332,19,NA,NA,167102.35438464,260468.032408222
193,2015,"05265848","____vre",2546.44209185786,18,NA,NA,577112.244273195,28353.9379695309
193,2016,"04516455","g_upvr_",84.7687482459775,19,-28289.9945356476,NA,388755.089602023,NA
193,2017,"14419445","gk__vr_",550.998227817899,21,-27946.6189062308,194639.173504182,10356.7681010679,NA
193,2018,"08492796","g_u__re",135.168314958576,11,-25118.0081111021,NA,NA,97936.7917256865
193,2019,"05623546","g___vr_",71.8773237443616,9,44580.9466852778,NA,177982.388389053,NA
194,2013,"09619627","g___vr_",300.895807237232,16,99162.0637271194,NA,190401.330889071,NA
194,2014,"05816910","__u__r_",40.6697108404014,14,NA,NA,NA,NA
194,2015,"04449830","____vre",927.515792242809,22,NA,NA,81112.7081786582,56536.9498775183
194,2016,"14371872","___p_re",676.501810140207,10,NA,NA,NA,692486.137413092
194,2017,"05715351","g_u_vre",36.7007133755697,19,-46377.1867501912,NA,942420.08221624,131784.904177137
194,2018,"05314584","g____re",71.8331589021914,15,-96953.213211098,NA,NA,20466.9726545517
194,2019,"07356079","g____r_",200.077666000663,11,82833.2185012418,NA,NA,NA
195,2013,"08752076","_____re",150.180504971363,17,NA,NA,NA,19100.3557559054
195,2014,"05929807","____vre",49.3709637039194,21,NA,NA,841334.833186676,141153.732900021
195,2015,"07249980","g_upvre",584.404563915263,12,-63950.2712826549,NA,16725263.6833345,27739.8786597777
195,2016,"10011491","__u_vr_",1253.43549573418,15,NA,NA,10862.164623079,NA
195,2017,"05358383","gk__vre",264.538967527873,15,-40742.3675838181,30056.0077622863,550234.358138067,73584.6435952452
195,2018,"07314850","g____re",53.3793939667091,13,49208.498949575,NA,NA,7198.02796088929
195,2019,"15510252","__u_vr_",14.0771492785211,15,NA,NA,83995.6981342179,NA
196,2013,"07795154","g___vre",42.4576438227337,21,-86801.079288304,NA,129212.156141473,171878.774370208
196,2014,"04366003","g___vre",69.4238373424553,19,29048.9578225072,NA,59061.7728178362,75769.3078196354
196,2015,"05684608","____vre",904.295802272948,17,NA,NA,574964.387337243,379742.628460285
196,2016,"15422423","g___vr_",270.800922347811,10,112727.433202403,NA,217805.955563271,NA
196,2017,"05962862","g_u_vre",256.591263361671,12,135188.263883093,NA,258112.411016714,84237.6762891198
196,2018,"04243300","g___vre",2504.70732611676,18,-32971.3550256783,NA,1648040.15490206,13778.3139304886
196,2019,"09981091","__u_vr_",263.314194420613,19,NA,NA,64929.0968414573,NA
197,2013,"04153701","____vre",1151.50518831578,13,NA,NA,59619.455032156,27033.1574702766
197,2014,"07115778","gku_vr_",173.913093640114,21,-41242.3876562206,11663.289024326,1485770.79498809,NA
197,2015,"07221124","____vre",1183.64666840927,10,NA,NA,1700832.79906556,63623.8782412231
197,2016,"04609254","_k__vre",10.5269999961574,14,NA,90909.4802290812,68905.2830139444,37645.5876980368
197,2017,"04776800","_k__vre",252.555633585521,21,NA,67418.6238336693,57083.4205623824,17169.1438568996
197,2018,"05126866","_k_pvre",19.7323358075999,18,NA,184325.372255156,192407.495405705,16995.4105823839
197,2019,"04200891","__u_vre",1204.80868646809,14,NA,NA,311944.176394593,12846.7220606495
198,2013,"13387518","____vr_",3230.85365767153,18,NA,NA,130567.865824418,NA
198,2014,"05977110","g_u_vre",6.80685848210084,21,160109.356798076,NA,2600828.82013913,36865.5485012667
198,2015,"16906868","__u_vre",374.651207386044,20,NA,NA,4490602.37605818,97906.4008280048
198,2016,"05808022","_____re",220.359470413877,19,NA,NA,NA,27143.8299793448
198,2017,"05785767","_____re",244.31662864588,9,NA,NA,NA,6154.10979655275
198,2018,"14795715","g_u_vr_",25.2671197286675,18,235035.267477443,NA,520030.418602319,NA
198,2019,"04337183","___pvr_",2402.80799123583,11,NA,NA,86793.0156102534,NA
199,2013,"04452466","g__pvr_",47.1581244553565,19,-96242.5742082059,NA,339883.032270768,NA
199,2014,"08318035","__u__r_",1027.99490203473,17,NA,NA,NA,NA
199,2015,"05216377","g____r_",102.806799103305,6,-151058.436521844,NA,NA,NA
199,2016,"07423336","____vr_",385.742747341518,23,NA,NA,1035732.48065195,NA
199,2017,"04597412","g____re",525.736783610506,12,-72307.2460956645,NA,NA,36817.9762168467
199,2018,"15403991","__u_vr_",201.165630380228,17,NA,NA,34234.8131519689,NA
199,2019,"04980061","g_u_vre",324.863808025632,9,48151.2621494385,NA,89922.0651115166,7645.02424802365
200,2013,"07437844","g_u_vre",837.918813900632,15,28891.6629645347,NA,322486.103487882,735712.658407484
200,2014,"05037537","g___vre",22.9014740741774,11,28395.9340542415,NA,232748.414670922,1830293.91783012
200,2015,"07219103","____vre",3.40380572942271,14,NA,NA,1203566.74285568,33196.4042267599
200,2016,"04993577","_____r_",64.7272829230687,20,NA,NA,NA,NA
200,2017,"05261268","g___vre",75.1644541631796,20,2295.82743496417,NA,123095.07913648,5047.80059158409
200,2018,"08468979","_____re",56302.9929819244,10,NA,NA,NA,14657.0886514163
200,2019,"07819015","g_u__r_",416.460852712866,15,117977.384047482,NA,NA,NA
201,2013,"08610039","g____r_",7.41672275821557,12,37004.7773843517,NA,NA,NA
201,2014,"05310359","_____re",5.20709574492545,13,NA,NA,NA,45313.6443521068
201,2015,"09918252","g____r_",7.20036123670533,15,1934.93194953697,NA,NA,NA
201,2016,"04980453","____vre",198.555455385613,25,NA,NA,3362374.6008907,81316.8286543076
201,2017,"05922316","__u_vr_",57.6842494011943,11,NA,NA,67498.6257281039,NA
201,2018,"04435819","gk___r_",448.576646587277,9,60216.1762776424,116796.840899296,NA,NA
201,2019,"04135183","_____re",466.208136505695,14,NA,NA,NA,14078.2885823278
202,2013,"09576912","g___vre",1269.14225420704,15,237885.457594066,NA,43047.3016870737,30743.4044650299
202,2014,"05687162","g____r_",461.621844088684,20,182313.202297744,NA,NA,NA
202,2015,"07005291","___pvr_",264.546987878365,25,NA,NA,7053.51004962394,NA
202,2016,"04948473","__u__re",17.0791036982159,16,NA,NA,NA,148244.129490091
202,2017,"04178579","g____re",141.624620176727,11,139560.860532612,NA,NA,5810.94395664214
202,2018,"05600067","____vre",25.3167671034855,10,NA,NA,56900.3020036248,88566.6988221674
202,2019,"04957878","__upvr_",183.193736634965,13,NA,NA,177757.56319137,NA
203,2013,"05210676","____vre",149.670847239775,16,NA,NA,413166.270208709,45992.1628962906
203,2014,"07607095","_____r_",358.351983482494,16,NA,NA,NA,NA
203,2015,"14389891","g___vr_",1740.8463256389,19,193205.251082229,NA,50951.3068197405,NA
203,2016,"05416046","g_u_vre",204.380399116529,17,-27742.8662262355,NA,9001.74075707842,111194.786904876
203,2017,"07891269","g____re",42.9943589204521,9,18525.2723255053,NA,NA,89603.935674255
203,2018,"10111851","_____re",1468.58144200388,10,NA,NA,NA,25281.337405184
203,2019,"07499549","____vre",5.74478808227731,19,NA,NA,872138.446256503,84622.6897699075
204,2013,"07215160","____vr_",359.214839424396,14,NA,NA,378508.138300443,NA
204,2014,"06076945","____vre",13.2488341201002,21,NA,NA,59340.988399647,55106.479463169
204,2015,"01365934","_kup_re",19.8002670309065,24,NA,1983.8119071992,NA,53069.5650035397
204,2016,"07170638","____vr_",13.0125333300514,18,NA,NA,74360.8921271121,NA
204,2017,"13718310","__u_vr_",8.20910504876278,13,NA,NA,852185.952433178,NA
204,2018,"04882225","_____re",1710.03496528132,12,NA,NA,NA,23681.849141854
204,2019,"05230598","__u_vr_",1859.25409989117,16,NA,NA,2604147.84257384,NA
205,2013,"01353650","_____r_",2.8929047947356,16,NA,NA,NA,NA
205,2014,"16047911","g_u__r_",2063.77957901931,16,124165.467740872,NA,NA,NA
205,2015,"04979989","g___vre",0.670550648454961,9,53014.7085114494,NA,268345.123770302,3662.34566593344
205,2016,"11427559","_ku__re",39.3165413728545,15,NA,261032.368962406,NA,108638.124115785
205,2017,"11528982","____vr_",79.4118563068311,12,NA,NA,169675.015546151,NA
205,2018,"12824888","__u_vr_",54.1418023553274,10,NA,NA,15552.1957788983,NA
205,2019,"04828250","g___vr_",19.2995786485416,10,-83598.6735797414,NA,112757.748332982,NA
206,2013,"09871002","____vr_",5699.79815559281,18,NA,NA,249446.659588963,NA
206,2014,"04420714","____vr_",2.84949110208341,19,NA,NA,233022.288841801,NA
206,2015,"06159477","___pvr_",51.0110108524739,13,NA,NA,351156.396430876,NA
206,2016,"05309881","g_u_vr_",1380.61875145744,21,-51798.4564158598,NA,221643.276452161,NA
206,2017,"04394537","_ku_vr_",40.8295189826825,9,NA,184706.927638283,143806.521929479,NA
206,2018,"09469862","g____r_",955.21149409553,18,66706.2054661958,NA,NA,NA
206,2019,"04500652","g___vre",61.2751379852653,19,175458.421948106,NA,2968448.08811572,8841.98904261539
207,2013,"02445292","__u_vre",261.166763152472,19,NA,NA,559409.148188092,52159.6851391568
207,2014,"08762056","_k__vre",719.998668943308,17,NA,58265.007509305,598990.420752466,24538.5051372736
207,2015,"04950818","__upvre",877.593478900682,18,NA,NA,105241.340192727,46962.7595774525
207,2016,"08038709","_____r_",110.361775269868,7,NA,NA,NA,NA
207,2017,"08600421","g____r_",474.278040128436,16,240142.772862724,NA,NA,NA
207,2018,"15643437","g___vre",32.5234366711082,15,-17209.6369325469,NA,1232215.80079132,38235.8555513625
207,2019,"09834010","g___vr_",158.438202389096,20,-60766.5853727699,NA,87299.4922674253,NA
208,2013,"16581767","_____r_",79.5345957361544,18,NA,NA,NA,NA
208,2014,"11838498","g____r_",358.532054930429,12,-112880.654995819,NA,NA,NA
208,2015,"08059765","__u_vre",213.872485648148,18,NA,NA,420149.017765009,19867.4897148453
208,2016,"14771398","_____r_",3338.62354513243,17,NA,NA,NA,NA
208,2017,"07234258","__u_vr_",729.498515078819,12,NA,NA,13484.7543728296,NA
208,2018,"05482419","g__pvr_",416.034158480258,17,25907.2001050868,NA,76598.9948977919,NA
208,2019,"02742518","_____r_",125.72706259782,16,NA,NA,NA,NA
209,2013,"04426322","____vre",139.904350679263,18,NA,NA,146084.940140458,95582.5353462797
209,2014,"05082069","g____re",1806.25191404503,15,56083.3002848747,NA,NA,17629.6609682697
209,2015,"04609750","____vr_",92.2284887075996,14,NA,NA,1893917.40067922,NA
209,2016,"04858142","g___vre",120.434942259603,9,92750.2987208031,NA,144629.685223607,380530.985102823
209,2017,"08151958","____vre",41.0456357940688,18,NA,NA,57268.8110547751,30074.5576730298
209,2018,"09896885","g___vr_",252.660384702555,8,89278.3257680988,NA,1082757.51130581,NA
209,2019,"07245745","_k__vre",151.812058911656,12,NA,25652.3009824869,306169.54951158,12736.4301027447
210,2013,"05203408","_____re",44.151000326204,12,NA,NA,NA,51746.2296615332
210,2014,"09754358","g____r_",32.0601784430251,20,98776.2598752925,NA,NA,NA
210,2015,"09561989","____vr_",2320.00582485704,11,NA,NA,404374.097916297,NA
210,2016,"04235574","_____r_",4988.2315544877,12,NA,NA,NA,NA
210,2017,"04915019","____vre",33.0931256905759,21,NA,NA,2007493.52546984,30785.5716056816
210,2018,"04371483","__u_vre",498.543629989743,18,NA,NA,1081593.06875374,171924.878030571
210,2019,"04792509","g_u_vre",100.981459668261,20,-125671.458944235,NA,1661699.55101798,14075.792790837
211,2013,"01539519","g____r_",679.767215382072,13,-14994.7431129568,NA,NA,NA
211,2014,"04741771","___p_r_",51.2491463100393,21,NA,NA,NA,NA
211,2015,"07769802","g___vre",201.844946702914,15,-30590.6383596828,NA,214515.816670191,33925.6147382304
211,2016,"10630563","____vre",8.41794226113445,16,NA,NA,122964.669138362,20527.8377209646
211,2017,"04973145","gk__vr_",1441.78500959142,13,-25191.0715933337,-94781.1552527645,726419.610841915,NA
211,2018,"07751417","_____r_",397.818105792977,17,NA,NA,NA,NA
211,2019,"10042974","____vr_",138.034523778574,13,NA,NA,9455.1950415062,NA
212,2013,"04849762","gk__vre",660.102239944897,16,11074.8560919087,275619.341107924,13836.0001857538,37675.9611336005
212,2014,"07743092","____vre",211.63094106796,14,NA,NA,33556.9160483158,105786.106203917
212,2015,"01041502","g____re",3072.99953335804,12,-103281.253687695,NA,NA,7584.64852522267
212,2016,"05054720","_ku_vre",17.2396103603169,23,NA,-122962.322623809,30173.3695310105,325412.036914768
212,2017,"03572541","g____re",351.58883088198,13,63984.6604573643,NA,NA,16947.110633197
212,2018,"06880295","g___vr_",620.595621272173,10,98168.2404693178,NA,401249.957020309,NA
212,2019,"07937927","____vre",24.3685247150644,15,NA,NA,21964.8749359777,38563.1896882045
213,2013,"05953424","_ku_vr_",50.5360926635053,14,NA,142996.824252786,18366.1201399994,NA
213,2014,"08385195","g___vr_",360.383643245696,15,-122178.345526752,NA,56912.8743130987,NA
213,2015,"05797453","__u__re",976.50573489831,11,NA,NA,NA,22089.5328950557
213,2016,"06546480","_ku__re",468.675908424631,15,NA,173421.948366532,NA,7427.89237143979
213,2017,"05859749","g____r_",620.803280148196,17,-66404.4108390264,NA,NA,NA
213,2018,"08433357","___pvr_",101.064653128053,16,NA,NA,255059.947477179,NA
213,2019,"14416101","g___vre",14.1478492290459,12,-37181.2438681573,NA,710145.217639481,11484.857809719
214,2013,"05816788","____vr_",267.407912914054,12,NA,NA,1977324.77992436,NA
214,2014,"04979055","_____r_",540.983062078594,14,NA,NA,NA,NA
214,2015,"07209541","gku_vre",6.5811792304461,12,137295.883150904,-36988.7089096115,39109.2275640656,3188935.85940807
214,2016,"07466711","__u__r_",83.9160618234881,15,NA,NA,NA,NA
214,2017,"09994668","g_u_vre",143.817144985057,17,-69483.5482798564,NA,171012.55078954,33631.3103067658
214,2018,"08745559","__upvr_",418.238149531458,20,NA,NA,214381.102958408,NA
214,2019,"14047858","g___vr_",3140.06841344764,11,131640.178002551,NA,56380.0267374956,NA
215,2013,"04028569","g__pvre",170.599811209536,15,266093.097577193,NA,229620.72345941,68907.5276269823
215,2014,"05476059","__upvr_",6.86850793134864,16,NA,NA,140738.184795237,NA
215,2015,"05505624","__u__re",1551.01939436306,15,NA,NA,NA,52346.7888699652
215,2016,"06745080","g___vr_",123.088680468102,12,125482.785544266,NA,73376.4817882398,NA
215,2017,"05256470","____vre",5.88512083427717,8,NA,NA,105772.314863407,1067133.18112389
215,2018,"11032469","___pvr_",1385.96022016381,19,NA,NA,419858.053220258,NA
215,2019,"04326454","g___vr_",50.8932911651228,11,75574.2636659171,NA,81236.857962841,NA
216,2013,"09586631","g_u_vr_",67.2902748613195,18,56102.0468911785,NA,402043.571565441,NA
216,2014,"08580468","____vre",1836.72343909041,28,NA,NA,411310.883191216,68796.1422390446
216,2015,"04252942","__u_vre",1868.52279194275,14,NA,NA,12267.5035413492,21210.5865832086
216,2016,"05010716","g___vr_",229.594122235438,14,166561.56457855,NA,95025.1187221085,NA
216,2017,"07608597","____vre",10.4920298478939,19,NA,NA,15018.6114675361,26536.4368678896
216,2018,"08719516","____vr_",48.4507178456883,14,NA,NA,33544.5085037591,NA
216,2019,"05183742","__u_vr_",198.482797849819,15,NA,NA,4732706.0462837,NA
217,2013,"09181199","__u_vr_",25.2479513379399,10,NA,NA,61854.9263575344,NA
217,2014,"05789253","__u_vr_",865.785676483522,15,NA,NA,129196.097029684,NA
217,2015,"11460359","__upvre",23.695957115595,16,NA,NA,48462.646084389,36992.3052621708
217,2016,"05155484","____vre",458.419546087753,17,NA,NA,483596.99559404,18589.5598801157
217,2017,"08552814","g___vr_",373.854684001722,23,44438.127889745,NA,45060.933945971,NA
217,2018,"04469702","__up_r_",6.40798971166159,26,NA,NA,NA,NA
217,2019,"08395135","_k__vre",40.3756233511038,17,NA,143406.257345387,883716.487613792,11247.1508368807
218,2013,"06522931","__u__r_",0.85280633161039,13,NA,NA,NA,NA
218,2014,"14583645","__u_vre",32.2505935037433,14,NA,NA,519830.205304012,35073.9575960933
218,2015,"07362572","g___vre",108.876075723978,16,818.722610517645,NA,810525.629008185,83509.1667151338
218,2016,"07718395","__u_vre",125.542600635924,14,NA,NA,84804.2857735038,111137.338836457
218,2017,"09609871","____vr_",2183.1551081698,21,NA,NA,281397.586978937,NA
218,2018,"07150674","g_u_vr_",6.20548517501414,16,68260.5637946819,NA,307386.758359765,NA
218,2019,"04589706","gku_vr_",144.59224510224,11,-911.228077794971,79112.1817216776,84719.0220855128,NA
219,2013,"08224944","g___vre",208.817969753363,8,60780.5247926723,NA,68550.1341649717,341372.936437352
219,2014,"14351587","____vr_",4.4662523145966,12,NA,NA,44377.4800733661,NA
219,2015,"01836364","____vr_",136.070131185007,8,NA,NA,423001.187204521,NA
219,2016,"12188598","__u_vre",6.52094648456437,15,NA,NA,218950.299466247,61324.9169254531
219,2017,"04749445","g___vr_",827.695902964368,16,90211.6157968271,NA,99116.5450059401,NA
219,2018,"15895263","gk_pvre",422.501627244174,13,-12493.7927548203,-5704.6714047228,217510.600384563,1137.45756107267
219,2019,"04639544","_____re",292.779900977455,23,NA,NA,NA,223510.519064401
220,2013,"09928173","___pvr_",27.7916093872842,18,NA,NA,7513.79344865387,NA
220,2014,"05875708","_____re",48.190263755532,21,NA,NA,NA,2679.65609838333
220,2015,"13611105","g___vre",105.356520931642,20,34198.9801235299,NA,140230.980929632,23278.8908334405
220,2016,"05813312","____vr_",164.291327334804,22,NA,NA,330911.649522755,NA
220,2017,"05099218","___pvre",12.4604870926677,8,NA,NA,101802.842647941,366121.229051539
220,2018,"09801526","____vre",776.821304122094,12,NA,NA,1503996.73826994,265674.791578585
220,2019,"14603701","____vr_",67.1554132693647,13,NA,NA,62479.7484369988,NA
221,2013,"02763439","_____r_",101573.046929377,12,NA,NA,NA,NA
221,2014,"01529659","g____r_",173.834943084016,18,15643.7300488423,NA,NA,NA
221,2015,"05875340","__u_vr_",2410.43654641376,16,NA,NA,568939.526874223,NA
221,2016,"04510156","___pvr_",100.722654628048,13,NA,NA,105655.022157191,NA
221,2017,"07917193","____vre",152.559440440278,14,NA,NA,451572.495454339,46933.2138807409
221,2018,"10852117","g_u_vr_",1609.45788834452,11,68160.5293132521,NA,79573.9260515144,NA
221,2019,"05361914","_k__vr_",41.32743653683,13,NA,10335.4381054766,270459.739462058,NA
222,2013,"09800171","____vr_",203.2559878872,21,NA,NA,217147.047703441,NA
222,2014,"12664658","___pvre",954.454682885469,16,NA,NA,658180.331714005,172781.941956199
222,2015,"09561531","____vre",50.2830473925976,7,NA,NA,169062.887831721,36232.9334307039
222,2016,"04210562","gk___r_",247.439282583011,17,-145191.870689254,-10181.3190482271,NA,NA
222,2017,"15111427","__u__re",207.533988664559,13,NA,NA,NA,8584.28510038571
222,2018,"08927979","___pvr_",35.0168258567404,23,NA,NA,210708.442678801,NA
222,2019,"07918379","____vre",1018.75116825087,12,NA,NA,37578.1729396637,10921.6215662004
223,2013,"09310773","g_u__re",107.32407978161,26,195063.366270779,NA,NA,22657.3472747565
223,2014,"14543177","g_u__r_",125.306489131839,11,225741.157980066,NA,NA,NA
223,2015,"05514039","____vre",14.9570653467386,14,NA,NA,283398.69010067,138172.169517517
223,2016,"07664301","g____re",15.0724841591118,12,21996.2360409608,NA,NA,746787.371917516
223,2017,"07610606","__u_vre",16.6416050225293,15,NA,NA,946088.58389408,183585.344325523
223,2018,"08050013","__u__re",361.584466032733,21,NA,NA,NA,127278.419043248
223,2019,"07787595","g____r_",1201.74293802021,16,103743.334102961,NA,NA,NA
224,2013,"03476155","__u_vre",134.348641391533,18,NA,NA,6188003.05540829,3356.21472379713
224,2014,"14430626","g___vre",298.650986137631,18,7732.72099225171,NA,23061.5276950629,21133.4715026394
224,2015,"05691980","__u_vr_",106.228868260099,10,NA,NA,29256.7116544932,NA
224,2016,"05885733","_ku_vre",40.9229600132279,23,NA,169515.999098208,58144.3880265644,230743.167966936
224,2017,"14670661","____vr_",0.0877314259082635,17,NA,NA,87299.0198592612,NA
224,2018,"05381068","____vre",88.0323427218889,11,NA,NA,179531.041154298,21061.9575947427
224,2019,"03965912","_____re",159.080725618655,10,NA,NA,NA,285076.936649608
225,2013,"01232994","_____r_",117.129557665777,18,NA,NA,NA,NA
225,2014,"07613896","____vre",167.03300615615,16,NA,NA,511236.177800169,57374.6039442184
225,2015,"04846843","_k__vre",42.0951073405461,17,NA,19638.6206852172,550982.440657406,16259.4741823907
225,2016,"06267029","___pvre",105.111265350825,11,NA,NA,88968.0854044396,32004.9792216182
225,2017,"04569708","gku__re",1.10461964726119,21,-30402.6303098022,-1904.03350463758,NA,6531.41059694324
225,2018,"05310377","g_u_vre",141.525440513982,11,-29453.3663447705,NA,63419.1132719737,207740.127076346
225,2019,"08107310","g___vr_",267.609511958443,16,-24599.6616862756,NA,95133.2486184364,NA
226,2013,"09510880","g___vre",92.9150513900038,14,29820.9425072338,NA,50111.8217669942,345169.876037221
226,2014,"04342972","____vr_",445.303955932426,17,NA,NA,148927.736872619,NA
226,2015,"05862268","g___vre",24.1550823014825,15,131407.694667821,NA,34124.2114832002,7999.5362321859
226,2016,"13009591","____vre",37.0857489349048,19,NA,NA,2020064.0866824,181512.558436869
226,2017,"05548188","____vre",1652.42735815331,15,NA,NA,80683.539154711,431171.960730654
226,2018,"08334692","g____re",974.325491858648,15,144664.641518748,NA,NA,12904.1258198759
226,2019,"05459922","_____re",3.08804787857659,14,NA,NA,NA,285550.496139343
227,2013,"08078782","___p_r_",107.850901068913,19,NA,NA,NA,NA
227,2014,"05276197","__u_vr_",102.794302303853,14,NA,NA,211642.549192924,NA
227,2015,"10448493","____vre",2673.29007428191,20,NA,NA,576814.485050552,40322.3413221537
227,2016,"04741922","g_u__r_",127.483514407341,14,-173533.606698771,NA,NA,NA
227,2017,"07469107","g___vr_",8667.39002847069,10,114693.326816016,NA,190218.184508243,NA
227,2018,"05212275","g____re",15.2938487739465,16,-123716.144231977,NA,NA,36896.0327006519
227,2019,"07626771","_k___r_",803.195216241088,14,NA,-56969.3475367367,NA,NA
228,2013,"07988028","g____r_",37.9893344314504,11,184460.09665283,NA,NA,NA
228,2014,"05488176","____vre",48.3693500971839,16,NA,NA,547311.056286268,58895.8511935735
228,2015,"01824075","__u__r_",4.92172440232898,12,NA,NA,NA,NA
228,2016,"05126478","g_u__re",47.6751090942835,14,-106828.999327468,NA,NA,377182.632225009
228,2017,"05250683","__u_vr_",37.7480077902307,9,NA,NA,35448.5835406085,NA
228,2018,"05557084","____vre",47.9084084358169,16,NA,NA,262623.638053642,96477.8246416718
228,2019,"08194403","___pvre",106.597607160724,17,NA,NA,4934.29199262668,154585.144991073
229,2013,"08835424","___pvr_",12.9372745368853,15,NA,NA,89923.3756121226,NA
229,2014,"05657222","____vre",297.342018400972,14,NA,NA,235360.383505333,188940.501736356
229,2015,"05040068","_____re",324.012152465923,21,NA,NA,NA,27429.7192294432
229,2016,"08265486","____vr_",1156.31043299992,7,NA,NA,314848.807727373,NA
229,2017,"01990212","__upvr_",25.2943615657823,18,NA,NA,244777.616087808,NA
229,2018,"09360642","g___vre",45.9358393349343,16,104150.749895169,NA,214076.059999753,50010.7777229546
229,2019,"01466137","_____re",43.8478091758241,18,NA,NA,NA,113589.314096043
230,2013,"05285666","____vre",75.5173127506798,13,NA,NA,27343.9617503843,70005.4371458824
230,2014,"08899847","g___vr_",547.170715518272,11,-138539.992402937,NA,217059.736619553,NA
230,2015,"14933760","g_u__r_",139.751632246988,15,60130.9623636086,NA,NA,NA
230,2016,"07179815","_____re",7.79210413374292,11,NA,NA,NA,54193.3528098629
230,2017,"03605663","____vre",118.678461485776,12,NA,NA,409271.915775604,21034.1632252305
230,2018,"05395526","____vre",58.9629942747335,17,NA,NA,40101.6982547857,19201.5070340981
230,2019,"08566594","gk__vre",1336.91387678108,17,161069.59798048,-132373.664037997,535504.277389248,63261.2824816741
231,2013,"04730269","g__pvre",20.6321368363165,18,-144321.661100944,NA,34284.7295527731,204315.310069082
231,2014,"04265100","___pvr_",45.2812241371486,14,NA,NA,162224.131925658,NA
231,2015,"04125979","___pvr_",260.334620731783,18,NA,NA,106490.248256188,NA
231,2016,"03614665","g___vre",1504.56366031856,7,47285.2275295677,NA,36413.6251750092,288445.057593323
231,2017,"14679037","____vr_",2767.85459874697,18,NA,NA,110295.83394068,NA
231,2018,"01366562","g___vr_",33.7124958131507,14,-12647.4001036282,NA,112677.359385118,NA
231,2019,"11931867","g___vr_",62.4850077049546,13,93741.1054032274,NA,622995.657565291,NA
232,2013,"09184106","____vr_",47.6723283699551,13,NA,NA,169021.363623899,NA
232,2014,"09039306","_____r_",21.0547210820823,16,NA,NA,NA,NA
232,2015,"02451819","g_u_vr_",2.02040559647867,15,-112067.088552403,NA,1446090.70245294,NA
232,2016,"05628460","g___vre",1.83094238134357,18,90352.474704045,NA,2515667.48215015,31179.095077821
232,2017,"06741495","_k__vr_",10.3372916044189,12,NA,-139025.28176637,556940.272204655,NA
232,2018,"06642534","___pvre",151.35501543579,15,NA,NA,63479.1031856274,32103.8010378009
232,2019,"05540016","g___vre",631.178014413734,16,-70410.5605017861,NA,1013680.58998484,9128.75879694386
233,2013,"10236589","____vr_",361.690938959475,18,NA,NA,349911.185479238,NA
233,2014,"01083032","g____r_",2315.50726114235,6,129801.308776843,NA,NA,NA
233,2015,"08787920","gku_vre",46.3981335098951,20,63926.8140616009,169782.365052851,11014.8418892602,34015.1081691232
233,2016,"04824933","____vr_",36.7044950956422,18,NA,NA,300645.839116654,NA
233,2017,"05708244","____vre",2229.86932839048,15,NA,NA,690335.175361586,69387.835751804
233,2018,"04347212","__u_vr_",57.8574627292751,11,NA,NA,1146889.09409943,NA
233,2019,"05812513","gk__vre",2.8126812872714,14,83611.3475601125,207909.005352904,103303.344426873,19317.2747343521
234,2013,"04541946","g___vre",195.897537785862,19,-98039.0328074716,NA,22844.2046103206,6978.82480333072
234,2014,"07645985","___p_r_",23.5000669349411,13,NA,NA,NA,NA
234,2015,"05177276","__u_vre",393.919898958288,9,NA,NA,68511.2024528305,19057.5069448203
234,2016,"01042446","____vr_",799.693134612252,19,NA,NA,2543484.66333566,NA
234,2017,"12594256","g____r_",1019.35290267492,19,-134196.886284129,NA,NA,NA
234,2018,"05165974","g___vre",109.783468462254,16,-12808.8537142007,NA,4375552.7925991,90167.1699032349
234,2019,"05057178","____vre",2.91103474129904,10,NA,NA,2417290.41274241,263504.276633371
235,2013,"03408167","__u__r_",65.3826316348872,12,NA,NA,NA,NA
235,2014,"11787161","____vr_",86.3720581146131,17,NA,NA,413060.463629695,NA
235,2015,"05266057","____vre",113.637605225072,18,NA,NA,16911.8353593504,4180.08841708727
235,2016,"14390521","g___vre",105.534802862888,17,12552.2020794209,NA,388624.600261588,381937.286156352
235,2017,"07602746","g____r_",17.8143648852797,8,-63972.2424246757,NA,NA,NA
235,2018,"05611032","g_u_vr_",524.17270860831,11,71927.6515488443,NA,290177.75320064,NA
235,2019,"07104692","_____r_",453.730339068474,20,NA,NA,NA,NA
236,2013,"05123031","g___vr_",10.3487313179843,14,52413.3589852667,NA,56154.9565028544,NA
236,2014,"04006241","g_u_vr_",181.934220432073,19,-59967.9225055044,NA,43719.3874284937,NA
236,2015,"11555701","____vr_",266.300510124331,16,NA,NA,40545.4730794019,NA
236,2016,"04506056","___pvre",47.6655343810467,19,NA,NA,194982.246318361,26017.6390547552
236,2017,"04702916","g____re",62.0782740615244,22,136191.367443915,NA,NA,72000.1038280311
236,2018,"01096772","__u__r_",475.494373255485,14,NA,NA,NA,NA
236,2019,"05127700","g_u_vre",3980.26345355996,15,301108.387216856,NA,426277.941639387,23846.0061287148
237,2013,"05392342","_k__vr_",36.9011690993635,9,NA,145939.052509733,118978.696827572,NA
237,2014,"03860596","__u__r_",34.9541389542471,15,NA,NA,NA,NA
237,2015,"05916858","__u_vre",43.6113310399715,14,NA,NA,226102.705014798,5587.12434994499
237,2016,"14777471","_____r_",3.70042569113866,13,NA,NA,NA,NA
237,2017,"08213736","____vre",62.4996837069742,16,NA,NA,329851.710366924,28285.4386914072
237,2018,"07851960","gku_vr_",1061.20848660735,16,-96870.8135994399,109732.645779246,171916.783490992,NA
237,2019,"07460667","g_u__r_",8.62581126027227,15,80398.1812413402,NA,NA,NA
238,2013,"03694380","_k__vr_",77.1997358790944,25,NA,-201384.947925667,122775.084897999,NA
238,2014,"07795360","g___vre",8.24238583978952,20,-161625.465237384,NA,148650.668871512,91229.5829557647
238,2015,"13455828","g__pvr_",1205.90393313375,15,89854.1140948857,NA,523316.904938852,NA
238,2016,"14987022","g_u__r_",10.9229147071149,15,-18199.1086998113,NA,NA,NA
238,2017,"09537069","g_u_vre",19.4080619102382,14,-33969.2794183352,NA,324902.746286039,1380.7677347059
238,2018,"07262739","__u_vr_",20.9674422028158,12,NA,NA,72722.1620320759,NA
238,2019,"05763448","g___vre",13.6475645466978,15,137855.685404306,NA,243751.520425582,7084.78458990176
239,2013,"01950452","g_u__re",36.1546337973469,14,-195889.998994052,NA,NA,51777.3312411802
239,2014,"04502658","__u_vre",448.810407815284,17,NA,NA,3695738.21799824,35133.4884949067
239,2015,"05044213","gk__vre",1256.62265206602,16,4846.27157958179,190060.705553251,30900.1461626908,468905.890000631
239,2016,"09222822","___pvre",49.8212001100032,13,NA,NA,171549.900278721,23951.0601532045
239,2017,"05627969","g___vr_",686.179214428604,14,-81391.4254819057,NA,46274.3216981866,NA
239,2018,"05567658","gk__vre",133.96162311158,9,57588.8948404208,-2262.18095714778,767630.153853902,149733.463509638
239,2019,"09285789","gk__vr_",1179.39064894689,18,35294.8941418651,219969.914266804,5969072.72287943,NA
240,2013,"05972530","g____re",89.1673375575127,20,-108894.103365494,NA,NA,18778.9422600046
240,2014,"04310975","g___vre",56.1061862900611,10,98056.2104939334,NA,271784.859395279,182931.172728055
240,2015,"04934712","g___vr_",38.1217052328204,25,43556.429876481,NA,165988.028243501,NA
240,2016,"10378896","g_u_vre",2089.33315269786,10,38005.3537577354,NA,8492.88296099759,33458.304171745
240,2017,"05037653","____vre",121.291853390846,16,NA,NA,2204936.4095781,3986.92593967227
240,2018,"05951824","__u_vre",4391.21820639521,18,NA,NA,17150.156219687,13550.3231394974
240,2019,"02456487","_____re",259.587187615763,13,NA,NA,NA,51026.2838755262
241,2013,"01024016","g___vr_",8.71204920206412,17,-45478.3309720087,NA,191725.748230043,NA
241,2014,"10698393","g____r_",499.398484358021,12,-121541.318268839,NA,NA,NA
241,2015,"04281811","g___vre",66.9633998988021,20,92284.0121032024,NA,48738.050014142,18969.293835946
241,2016,"05187261","_____r_",40.4680242568845,14,NA,NA,NA,NA
241,2017,"05363043","_____re",273.644857914334,19,NA,NA,NA,58541.0478890547
241,2018,"07232574","_____re",223.905957905843,8,NA,NA,NA,204963.803030739
241,2019,"04803722","_____r_",1326.14626348007,17,NA,NA,NA,NA
242,2013,"05630371","_ku__r_",145.086129213654,14,NA,23630.3061696689,NA,NA
242,2014,"07044473","gk__vre",300.873210112012,19,-35373.3900952659,78050.6197693253,299962.598517887,2743.79354655556
242,2015,"14738223","_____re",955.393710270641,14,NA,NA,NA,304506.854485546
242,2016,"05716062","_ku_vr_",403.45668129369,10,NA,-69570.3391393577,95801.8319482166,NA
242,2017,"04437139","g___vre",396.977640071266,11,-76904.0526559187,NA,113494.374541756,15311.6027620101
242,2018,"04909910","____vre",92.8568085118896,14,NA,NA,1506427.91130344,262870.714687074
242,2019,"15060175","g___vr_",2184.83062190057,21,110762.924225327,NA,49592.4377005841,NA
243,2013,"05362495","gk___r_",32.620126595292,14,67607.3152112738,92297.380460797,NA,NA
243,2014,"10473126","____vre",4871.74830662661,17,NA,NA,132308.003161123,37827.8846768933
243,2015,"10132682","__u__re",389.278112831447,10,NA,NA,NA,57430.8894863821
243,2016,"05680566","__u__r_",30.5886766195718,25,NA,NA,NA,NA
243,2017,"01609568","gku_vr_",67.9096817095054,19,6759.80971665456,-105364.711874232,64739.4862184991,NA
243,2018,"04094714","g___vre",16.5689629220104,22,44885.302165314,NA,96016.0104856008,11385.3168179343
243,2019,"05036161","____vr_",125.396277751937,14,NA,NA,480552.509082616,NA
244,2013,"05634175","_k___r_",107.219545661519,12,NA,42062.0402016994,NA,NA
244,2014,"14919503","g_u_vr_",99.7406443258619,12,61321.3311008239,NA,1109706.09363657,NA
244,2015,"07033026","g___vre",259.753824956691,15,199611.680849686,NA,7450416.8326524,3165347.18825761
244,2016,"07229870","_k___r_",13.5234468129526,19,NA,104465.418405105,NA,NA
244,2017,"08521460","_____r_",1490.78020580497,11,NA,NA,NA,NA
244,2018,"05734878","__u_vr_",86.0875146762718,20,NA,NA,759851.14008526,NA
244,2019,"05201135","____vr_",119.467688207427,19,NA,NA,974332.192975096,NA
245,2013,"09965871","____vr_",18.2397587222479,20,NA,NA,23210.0065506336,NA
245,2014,"12166265","_ku_vre",2693.61813098638,12,NA,-30897.7002929148,285942.38139581,137458.805193021
245,2015,"04953141","g____r_",102.375422659452,14,70964.7365573955,NA,NA,NA
245,2016,"12007044","____vre",20.9048001295608,10,NA,NA,17664.8387916624,395758.883746741
245,2017,"12686750","_____re",1149.20037925875,12,NA,NA,NA,523174.523514138
245,2018,"16544549","g_u_vre",68.3449132236769,12,122449.828423365,NA,118944.9999241,451894.29461089
245,2019,"07113517","__u__re",665.615388516035,16,NA,NA,NA,65541.7410431961
246,2013,"05642359","gk___r_",910.413946592775,16,82235.9253833122,60700.0062110283,NA,NA
246,2014,"15571584","__u_vr_",3105.72888485273,16,NA,NA,218231.169666129,NA
246,2015,"04684682","gku_vre",159.771129085342,15,90003.6832845328,32674.9015293525,506477.990350282,214397.349343605
246,2016,"04285412","__u__r_",12.0979134085975,17,NA,NA,NA,NA
246,2017,"12342299","__u__re",319.869362693115,15,NA,NA,NA,211839.386047212
246,2018,"08980365","____vr_",387.065048297007,9,NA,NA,354467.758997246,NA
246,2019,"09695692","__upvr_",40.2510058635312,12,NA,NA,91676.5368760873,NA
247,2013,"09923119","____vr_",10.9077710168391,13,NA,NA,70686.6596806198,NA
247,2014,"04798888","___p_r_",21.920174309642,16,NA,NA,NA,NA
247,2015,"08533222","__upvr_",113.88053510126,15,NA,NA,117422.021748729,NA
247,2016,"07051738","g___vre",544.219114610454,18,20176.2188069986,NA,1584788.41187432,61350.1283463869
247,2017,"08365618","g____r_",117.078556805462,16,132855.866546949,NA,NA,NA
247,2018,"12659878","g____r_",4.21761015029728,15,123933.888396456,NA,NA,NA
247,2019,"07650142","g_u_vre",213.492128659954,15,36089.169724541,NA,31013.3423693196,74604.5748829294
248,2013,"05895924","g___vre",111.118031293364,13,-112771.668731975,NA,82886.091778732,6666.73402541395
248,2014,"07773056","g___vre",256.444538346235,19,-18022.3053351267,NA,983397.224929496,30506.4167208771
248,2015,"08682473","g_u_vr_",530.595021600145,16,-86171.7980958891,NA,680389.278120509,NA
248,2016,"11561637","__u_vre",2.69341662656887,17,NA,NA,254180.272310025,21442.6458181712
248,2017,"05230846","g_u_vre",1635.41257660915,14,209847.067688278,NA,12306.3977017676,26109.0030970341
248,2018,"12177752","g___vr_",86.9330759666327,17,186868.411493741,NA,158760.774752185,NA
248,2019,"05945838","____vr_",61.2289558204479,17,NA,NA,208599.453492186,NA
249,2013,"04810194","g___vre",186.944321719839,11,32442.6513172514,NA,129905.508815497,492993.148605552
249,2014,"10689164","g_upvr_",191.875232277771,16,-76341.9440076026,NA,43392.4831089996,NA
249,2015,"11369552","g_u_vr_",145.463256247584,18,136550.393968091,NA,121323.793859401,NA
249,2016,"05402210","g_u__re",17260.3260769035,14,36114.1704022323,NA,NA,26411.9117015695
249,2017,"08384061","__u_vre",2206.71735101814,18,NA,NA,1679703.17271853,44377.9210985626
249,2018,"05475223","g__pvr_",6.61589773358555,11,-67773.8445062475,NA,138778.104892006,NA
249,2019,"04513734","g__pvre",29.3677701755395,9,113076.158670844,NA,157291.49548983,366806.935282084
250,2013,"05515521","gku__r_",141.76764269865,14,90787.8589963173,51361.3483951771,NA,NA
250,2014,"08553547","g___vr_",1585.68541068073,22,-14981.5119818756,NA,50057.0783438097,NA
250,2015,"05404599","g_u_vre",47.5016118681179,15,-23879.6126247112,NA,287587.37273265,12314.859339334
250,2016,"07493786","_____re",1108.26679006697,12,NA,NA,NA,88907.2375871312
250,2017,"08870285","__u__re",276.559425190856,15,NA,NA,NA,103573.994128629
250,2018,"08934816","__upvre",203.872409781548,17,NA,NA,42300.1147044281,1282130.24643055
250,2019,"04677807","__u_vr_",2646.66203715809,16,NA,NA,874867.950219075,NA
251,2013,"05531515","____vre",6963.2212822605,15,NA,NA,28477.2988642473,83686.4954564496
251,2014,"14989449","gk___r_",21.258498369432,23,-33206.739145379,222886.827948881,NA,NA
251,2015,"04341886","__u_vr_",165.182126818966,11,NA,NA,323574.595446936,NA
251,2016,"08846770","____vre",959.125398486613,11,NA,NA,172592.268614806,60690.7541433864
251,2017,"11223541","g___vre",26.8306903885826,11,-52966.0359136857,NA,210888.335339413,148391.644960155
251,2018,"04265640","____vr_",321.023017706462,13,NA,NA,133720.54931136,NA
251,2019,"10760193","g_u__re",404.427422537085,21,182479.806296464,NA,NA,440889.275558874
252,2013,"04933814","g_u__r_",63.1780575623172,15,169837.287032543,NA,NA,NA
252,2014,"05438806","g__p_r_",9.62606566921144,15,157577.408051871,NA,NA,NA
252,2015,"07362169","____vre",71.5083681396292,15,NA,NA,111127.254790375,2373.02092168953
252,2016,"05952742","g___vr_",4615.5648471927,16,124641.377037988,NA,178191.954566402,NA
252,2017,"04768593","___pvre",284.198244131255,14,NA,NA,303638.334609887,24942.2897241707
252,2018,"06042151","____vr_",4187.5847519321,16,NA,NA,56784.471896019,NA
252,2019,"05005344","_____r_",1.38005781995238,21,NA,NA,NA,NA
253,2013,"13709617","_k__vr_",426.484287048867,15,NA,349030.690930842,1836583.12048651,NA
253,2014,"02072667","g____r_",944.238192859738,20,152860.427918134,NA,NA,NA
253,2015,"04852011","g_u_vre",131.554604747451,14,25515.1594636142,NA,8398.30214952491,121411.995979626
253,2016,"04630287","g_u_vr_",1762.83702608501,11,146884.782826734,NA,226179.544447111,NA
253,2017,"05662789","__u_vre",15056.4751351263,16,NA,NA,792574.296533362,43068.440571076
253,2018,"16364986","g___vre",79.9832059658583,16,105146.321679483,NA,1510174.65321938,14819.2087633029
253,2019,"03100904","g___vr_",10.4104465719033,14,101995.490652667,NA,392810.098597757,NA
254,2013,"08928607","_k__vre",122.831357448783,17,NA,-10191.6646825269,21723.1379687038,29916.3346593996
254,2014,"08273398","__u__re",91.7654194256418,12,NA,NA,NA,279250.623401453
254,2015,"14488971","____vre",60.5943711756053,11,NA,NA,12857.0024149483,215826.952352534
254,2016,"08427304","___pvr_",35.2450187659265,12,NA,NA,213203.985133041,NA
254,2017,"05570322","g___vre",358.988261602671,14,-165668.882287199,NA,179551.984927483,362271.908598129
254,2018,"07626709","____vr_",1163.59625022272,14,NA,NA,103470.764832234,NA
254,2019,"07305621","g___vre",0.350850522269744,16,107492.476789026,NA,53550.004259913,529511.151366113
255,2013,"11914809","___pvr_",75.1234946839348,12,NA,NA,292465.206130592,NA
255,2014,"07221706","__u_vr_",23.1909054220149,13,NA,NA,19789.2964096269,NA
255,2015,"07436905","__u_vr_",988.635419430087,18,NA,NA,298239.66150949,NA
255,2016,"05825678","g____re",180.64962864187,15,39894.3434758849,NA,NA,148163.107847174
255,2017,"02139406","____vre",219.570493435705,10,NA,NA,901876.172878303,185701.034228159
255,2018,"04664605","____vre",23.6403686101815,14,NA,NA,325603.349729196,18287.8277251923
255,2019,"07978133","g_upvr_",204.809368033564,19,150426.062600396,NA,272839.224850168,NA
256,2013,"07689883","__u__re",569.339253902549,8,NA,NA,NA,31845.7843801379
256,2014,"09989113","g__pvre",76.5640609009161,7,78974.3314466596,NA,127971.626383591,19447.2968573576
256,2015,"08295562","__u_vr_",27.6253263598313,11,NA,NA,1550757.81410849,NA
256,2016,"05859721","g__pvr_",53.285989200079,15,158939.371416717,NA,55939.3135311848,NA
256,2017,"04967213","__u_vr_",3743.85565062397,15,NA,NA,279193.685835248,NA
256,2018,"08825193","g_u_vre",154.636785950816,21,-56863.4476456459,NA,79334.781783427,51914.9034060776
256,2019,"01206566","g_u_vr_",1008.48969237284,16,60940.7027703671,NA,825005.289046065,NA
257,2013,"15079353","__u__re",719.968169454075,17,NA,NA,NA,3957.12887056545
257,2014,"14663498","____vre",187.143299680903,11,NA,NA,48322.157443691,173257.730512985
257,2015,"07195988","g_u_vre",8.78472959895008,10,71858.4293901471,NA,79337.6092319856,21262.2137106075
257,2016,"05771457","gku_vre",583.285431715901,6,93860.9867046018,-13681.4634186965,6724.70198001365,75584.5370306121
257,2017,"11502576","____vr_",199.094506736089,16,NA,NA,1167546.4980825,NA
257,2018,"05948581","_____re",116.504701788794,13,NA,NA,NA,13004.3086931775
257,2019,"03010294","gk_pvr_",814.633614949367,11,69211.8914618903,10921.3517756052,232620.523320346,NA
258,2013,"05658708","g___vr_",2.56714247434649,12,60739.5262041883,NA,44910.62925472,NA
258,2014,"10474761","g__pvre",19.3760660667908,22,98989.1966360035,NA,188095.123618295,248361.589861841
258,2015,"04660872","_ku__re",22.9555667088867,19,NA,102249.527674191,NA,13242.5812136646
258,2016,"07505026","____vre",15711.9733412384,12,NA,NA,17618.8439722487,57602.0718216047
258,2017,"06819547","_ku__r_",248.760754950503,13,NA,274569.515092172,NA,NA
258,2018,"08013769","__u__re",781.097583466443,15,NA,NA,NA,74125.945974199
258,2019,"09668724","g___vre",281.936137810356,8,-30846.7645910431,NA,121829.538789588,65172.3541938309
259,2013,"04587831","g___vr_",1420.8941754656,18,-6239.12538164412,NA,74679.3707476205,NA
259,2014,"05305081","___pvre",27.3424562913056,11,NA,NA,69468.3164438442,241973.892815403
259,2015,"03015471","_____r_",305.008054976581,12,NA,NA,NA,NA
259,2016,"09276437","__upvr_",134.254692888696,17,NA,NA,92328.508514832,NA
259,2017,"05435642","__u_vre",100.702428414626,18,NA,NA,286429.907029407,10597.0571522816
259,2018,"04467532","_____r_",31.286687046971,22,NA,NA,NA,NA
259,2019,"07189700","gk__vre",52.186032702319,17,132378.470523371,21539.4522825798,1429111.35351275,38005.3332634295
260,2013,"08600123","g_u_vre",198.106869808854,17,37292.4562772615,NA,26822.220224994,1754279.85193458
260,2014,"08824929","___pvre",1331.56349027208,17,NA,NA,35168.3309444042,103102.451791636
260,2015,"08954695","_____re",324.665225190098,9,NA,NA,NA,130006.806468336
260,2016,"08641517","___pvr_",797.785581070687,16,NA,NA,159132.666465827,NA
260,2017,"05422644","__up_re",522.202452264741,18,NA,NA,NA,15485.6708469578
260,2018,"05118260","__u_vr_",362.185749935256,15,NA,NA,69333.8263862141,NA
260,2019,"15148580","____vre",8.63260162635039,8,NA,NA,92278.5126686352,378346.671998496
261,2013,"08333483","__u__re",160.555728219,18,NA,NA,NA,1497792.64430081
261,2014,"10112604","_kupvre",102.245760224994,15,NA,126889.326273974,62013.8866474159,53098.8722168912
261,2015,"08058669","g_u_vr_",90.5601947546455,11,56328.0401429971,NA,270327.764215663,NA
261,2016,"04731563","g_u_vr_",3339.65814650645,17,27543.5809247732,NA,55857.5835055332,NA
261,2017,"15751898","_k__vre",153.964059028613,20,NA,78973.0745690027,117712.74960825,147818.030797088
261,2018,"05394653","g_u_vre",10.7642819174228,16,-30626.3303585949,NA,2804384.42006521,40303.7193732397
261,2019,"09783936","g___vre",137.656816663601,15,-51452.2902529045,NA,5763.16497429336,49109.9458040891
262,2013,"05983116","_____r_",20.1645365431986,21,NA,NA,NA,NA
262,2014,"16828713","g_up_re",7.43710257377684,11,83423.3688286882,NA,NA,54069.5814701079
262,2015,"10385372","_____re",2.40525171669189,22,NA,NA,NA,34119.9230935725
262,2016,"05260572","g_u_vr_",83.5222706917975,20,43172.7400774437,NA,26072.5730818051,NA
262,2017,"12581629","__u_vre",319.889306282873,15,NA,NA,174353.502851019,102688.365039487
262,2018,"07496683","g____r_",7.37755281119204,10,1215.62337889342,NA,NA,NA
262,2019,"04515146","g_u__re",10.8246097622497,19,199096.048946994,NA,NA,148191.408540785
263,2013,"08540111","____vre",314.996971597168,24,NA,NA,333219.760477839,47142.1819426348
263,2014,"09516417","_k__vre",476.896046711359,9,NA,78780.0820201177,361002.001357128,4282.42251162549
263,2015,"08176367","g__p_r_",1210.02205590613,22,189690.230057128,NA,NA,NA
263,2016,"09310439","____vr_",35.4435743659154,11,NA,NA,4490920.35956789,NA
263,2017,"04659711","____vre",2672.34753695696,19,NA,NA,4887400.52362975,85006.525793623
263,2018,"06693601","g___vr_",132.32564815485,13,-194882.306886707,NA,8148.79539982279,NA
263,2019,"02041596","g_upvr_",687.926419980271,11,132023.633720566,NA,99731.2515272255,NA
264,2013,"09349210","_k__vr_",207.26928916642,10,NA,-27487.1662894335,327072.83232079,NA
264,2014,"04556974","__u_vr_",372.005892967696,20,NA,NA,58770.4438034924,NA
264,2015,"13759417","____vre",315.202171628129,18,NA,NA,27232.8320193035,32266.2220509716
264,2016,"05689331","____vre",1444.48049683092,15,NA,NA,587613.76484135,2482.60715770549
264,2017,"08179618","g_upvre",99.8834448402538,23,-20316.6424237151,NA,847987.768437822,33258.597773704
264,2018,"09377264","____vr_",2194.72087255097,11,NA,NA,164254.171947408,NA
264,2019,"01618490","__u__re",88.9213689774057,15,NA,NA,NA,250244.148340749
265,2013,"14875842","____vre",14.7865420138355,21,NA,NA,1747444.3672776,2796.19472595047
265,2014,"10794808","____vr_",655.137184196981,17,NA,NA,831623.120773554,NA
265,2015,"10573917","gk__vr_",5009.83085286349,16,164061.396546493,25962.095630436,1072369.1189441,NA
265,2016,"07921246","g___vr_",22.0365726881455,22,-76966.3509225139,NA,3206171.88765793,NA
265,2017,"05061168","_____re",35.0207422605218,9,NA,NA,NA,7434.86379982293
265,2018,"13779641","__u__r_",223.834170193637,14,NA,NA,NA,NA
265,2019,"07681858","_____re",1012.2366766657,18,NA,NA,NA,56005.1007581617
266,2013,"01826431","g___vre",2274.25778826776,14,-52489.9552715011,NA,30752.173193677,138212.272821967
266,2014,"05456263","__u_vr_",410.007824610854,12,NA,NA,80804.5171803231,NA
266,2015,"15323472","g___vre",1136.38033551957,16,92653.4753737008,NA,23808.5201961722,298879.225996265
266,2016,"12912076","____vr_",2040.49011367703,15,NA,NA,119667.760222907,NA
266,2017,"09881518","g____re",329.090277437203,16,74837.9494109052,NA,NA,116097.840095942
266,2018,"09072075","__u_vre",75.1782494050401,11,NA,NA,746287.722994585,373472.73761491
266,2019,"11805690","g___vre",252.755477193746,20,76317.8424971919,NA,20331.7856048241,39751.6021141845
267,2013,"10573250","__u_vr_",8.28185072550392,19,NA,NA,73556.8101012961,NA
267,2014,"07901122","_____r_",538.868114951043,14,NA,NA,NA,NA
267,2015,"14929831","____vr_",2587.18178363082,12,NA,NA,201661.451379241,NA
267,2016,"01348489","g___vr_",567.882331735992,20,-66349.4649168352,NA,117162.214274253,NA
267,2017,"04816607","g_u_vr_",31817.5822913383,13,120319.552423344,NA,4830.06879476815,NA
267,2018,"14434212","g___vr_",2582.81182857937,14,249123.774184049,NA,20042.5794193403,NA
267,2019,"08990442","____vr_",58.787137890196,10,NA,NA,282794.896760239,NA
268,2013,"15614752","_k__vr_",38.1459254011163,9,NA,117378.695500357,43414.1655801031,NA
268,2014,"05933290","g___vre",38.6303837870262,17,-117237.983595599,NA,466414.804270809,82634.5040581076
268,2015,"09315008","g___vre",941.28761953194,19,190220.767629964,NA,84755.3472982447,84586.314430495
268,2016,"09962264","__u_vre",16.6591187561849,15,NA,NA,481607.331488755,5290.72512525312
268,2017,"08558424","__upvre",104.824512588023,19,NA,NA,127179.622660304,120199.859017494
268,2018,"10845719","gk_pvr_",1.81809382425784,18,52646.8815362214,-33720.8715094967,23611.7786187133,NA
268,2019,"04647742","g___vre",64.2213385932684,14,57091.9039987677,NA,263885.565845026,404667.577004074
269,2013,"05993130","_____re",90.2386257298724,18,NA,NA,NA,894973.969261348
269,2014,"05774612","g_u_vr_",16.8344264918558,17,-32729.3025471353,NA,193534.153789054,NA
269,2015,"05351196","g_u__r_",1438.73218276665,17,95616.1834920255,NA,NA,NA
269,2016,"05800966","__u_vr_",315.287659084218,13,NA,NA,320344.32209771,NA
269,2017,"05650760","_ku_vr_",73.9262203186235,14,NA,114263.274706573,253800.972108515,NA
269,2018,"12675682","_ku_vre",65.5499775174078,15,NA,93945.7934666287,3422007.25980292,287270.059545482
269,2019,"05841033","_ku_vre",861.527832531709,9,NA,33866.4024796853,34422.7541600483,1696197.93061354
270,2013,"05319478","____vre",2839.32397788397,15,NA,NA,56661.6944744264,445521.068121737
270,2014,"15692295","__u__re",15.1970704653344,19,NA,NA,NA,31378.1721203042
270,2015,"14983947","g__pvre",360.441043026804,18,-49362.9887665995,NA,75590.4245323413,381035.448154516
270,2016,"07125667","gku_vre",357.333648546262,20,128460.303612771,169053.637702612,32571.3166745742,71410.8071718429
270,2017,"04755714","g___vre",49.8569705610843,22,180231.708789331,NA,87626.0977097907,39387.8847902209
270,2018,"05945640","___p_r_",25.7544439057639,7,NA,NA,NA,NA
270,2019,"10467591","g____re",872.237296478678,15,135837.031732252,NA,NA,313335.019478436
271,2013,"14101604","g___vr_",50.4952813409766,20,34659.9464757469,NA,80025.6446245111,NA
271,2014,"12985126","_____r_",205.930751614568,20,NA,NA,NA,NA
271,2015,"05324061","g___vr_",533.986420357399,17,76715.1896277341,NA,21403.3951969008,NA
271,2016,"04477033","___p_r_",605.342039868017,18,NA,NA,NA,NA
271,2017,"07843417","_____r_",1.53578320010338,6,NA,NA,NA,NA
271,2018,"04830174","g_u_vr_",8.93854475297392,18,76500.0479739436,NA,119375.738112573,NA
271,2019,"16852375","g___vre",398.38123543804,13,-25115.8964621048,NA,2021437.73545007,13309.5891800094
272,2013,"05952349","g___vr_",3.82081342274512,22,53676.6345404211,NA,212812.091773305,NA
272,2014,"04973753","____vre",358.376274266056,17,NA,NA,242546.493897711,457487.215303428
272,2015,"05246637","____vr_",78.2738528011905,10,NA,NA,370499.657620043,NA
272,2016,"11249269","gk___r_",135.327515015464,13,148273.693765162,117238.075239806,NA,NA
272,2017,"10689046","gk__vr_",89.9172703154798,21,132056.630453238,173611.81890812,262565.294666775,NA
272,2018,"06683211","____vre",10610.3516655557,15,NA,NA,214741.043882081,31129.1305415101
272,2019,"08749898","____vre",701.761730206708,12,NA,NA,145254.373687852,210579.754490936
273,2013,"05357334","gkupvr_",208.587653018792,15,11814.0873260458,338392.729550305,22591.8429435788,NA
273,2014,"02097660","gk_pvr_",115.391281565296,15,-44715.6698314865,-22203.6107935785,285323.488590102,NA
273,2015,"05985580","g___vr_",83.771004234231,19,49169.0765633675,NA,418387.809300867,NA
273,2016,"08796168","g___vr_",828.529136267129,24,150438.723752844,NA,57196.8794730976,NA
273,2017,"05102367","____vre",54.130246027034,18,NA,NA,82246.5202489144,4792.78209346665
273,2018,"03459057","_____r_",2119.77641456374,18,NA,NA,NA,NA
273,2019,"14768979","g____r_",131.023117062207,10,35530.1871735773,NA,NA,NA
274,2013,"04678417","___pvr_",224.974875487945,19,NA,NA,13706.1148567756,NA
274,2014,"12798187","__u_vr_",75.7113465091663,20,NA,NA,215244.007046478,NA
274,2015,"04280322","g_u_vr_",4029.50081861826,13,122645.86030997,NA,199893.202601602,NA
274,2016,"15293590","_ku_vr_",106.040711713012,14,NA,-59771.7807122112,1432497.14997296,NA
274,2017,"05540947","_k___r_",84.1719136426016,14,NA,-149674.054745915,NA,NA
274,2018,"11707490","g_u_vre",49.0219517129793,11,128756.436942083,NA,493114.732599167,77060.6622880583
274,2019,"11533094","g_u_vr_",139.464561028758,16,-89312.6670728243,NA,151184.150602956,NA
275,2013,"16079990","____vre",1.65624745812401,13,NA,NA,200682.969805889,11089.1657000418
275,2014,"07774369","g___vre",72.0444384061134,20,116861.692286243,NA,117143.092213404,359394.703707177
275,2015,"10290759","__u_vre",507.054247627597,15,NA,NA,126823.312916715,4891.02795454573
275,2016,"02249220","_kup_r_",250.399049618739,16,NA,70696.8446164117,NA,NA
275,2017,"08733219","____vr_",63.628127641236,12,NA,NA,132093.518487882,NA
275,2018,"07362054","_k___r_",834.850793152078,13,NA,54484.4864336835,NA,NA
275,2019,"05388777","g_u_vre",30.0771371401728,15,280179.603836355,NA,13329.7443993025,63507.1418642801
276,2013,"15467929","g_upvr_",65.2960223662108,15,107868.616363739,NA,94031.5046749725,NA
276,2014,"04892070","_____r_",1090.16756793365,12,NA,NA,NA,NA
276,2015,"02005526","_k___r_",61.5337588630117,16,NA,100018.557781244,NA,NA
276,2016,"09093251","g_u_vr_",292.353328399443,9,33536.0498821873,NA,83622.4057102407,NA
276,2017,"05412408","____vre",453.614254045349,12,NA,NA,47163.4819360743,682434.363534268
276,2018,"06525978","_k__vre",836.501508912787,18,NA,-22154.514213332,76606.8680435051,109759.151226894
276,2019,"05485931","g_u_vr_",363.499334929779,11,-96365.204758147,NA,10332.9076415083,NA
277,2013,"06074442","_____re",2890.38675274474,17,NA,NA,NA,14386.0870355254
277,2014,"09975705","g_u_vre",0.950098134250677,15,76061.6564884647,NA,172842.385727277,3655.14648880137
277,2015,"05800535","g___vre",563.381985001978,16,33947.8806884615,NA,204974.295442055,332076.868676492
277,2016,"07489829","g_u__re",27.7334615350873,19,-45329.2961117066,NA,NA,27030.2511607918
277,2017,"05983256","__u__r_",651.794478868674,18,NA,NA,NA,NA
277,2018,"08423036","_k___r_",378.054677296373,9,NA,254750.276543867,NA,NA
277,2019,"11757956","g___vr_",395.0814516287,14,-14464.1891532845,NA,567102.239274243,NA
278,2013,"08725204","g__pvr_",5.15219235422962,18,-59459.8364880221,NA,3838659.03690291,NA
278,2014,"05422705","__u_vr_",1274.14195954848,14,NA,NA,37944.5908557541,NA
278,2015,"04864890","___p_r_",4556.00544149201,13,NA,NA,NA,NA
278,2016,"05714510","g___vre",449.452802895176,17,-20465.3687837019,NA,6041.61414770905,1546.80984342845
278,2017,"05164514","g_u_vr_",10.9364837842786,25,164140.090534908,NA,52688.9954916628,NA
278,2018,"14291742","g___vre",77.9146101900383,19,111282.151566242,NA,52022.2943723177,150962.888883244
278,2019,"05774038","g_u_vr_",16.8476166241627,19,25555.7519868922,NA,52970.2919724257,NA
279,2013,"06971378","__up_r_",203.001013309032,15,NA,NA,NA,NA
279,2014,"05465798","gkup_re",122.211275861388,12,6706.04215209791,167665.605460664,NA,45705.9134281518
279,2015,"13621907","_____r_",121291.892071593,17,NA,NA,NA,NA
279,2016,"07019721","__u_vr_",136.089547843728,16,NA,NA,370435.408104525,NA
279,2017,"14171449","g_u_vre",914.339828924342,17,-92177.3598924888,NA,88413.5641728226,295758.048749843
279,2018,"14663261","__u__re",96.3604567665266,10,NA,NA,NA,6077.22515185742
279,2019,"01309754","__u_vr_",67.0556017491231,15,NA,NA,333873.227471147,NA
280,2013,"15772946","g__pvre",32.9098413887718,19,118283.294289849,NA,1016430.505265,615117.852268746
280,2014,"14701342","g___vr_",279.889235104317,12,66128.5587400032,NA,17913.3558344501,NA
280,2015,"04125596","__upvre",2934.26663959784,11,NA,NA,109151.467222759,2805.43399396803
280,2016,"07412048","g___vr_",47.8716526804511,15,77026.1624970154,NA,157100.459856502,NA
280,2017,"01953365","g___vr_",3307.83808210173,9,15127.2466638106,NA,96269.8030134757,NA
280,2018,"05179707","gk__vre",5916.34230160555,19,220476.390208858,77999.8798057567,131269.895048413,1539246.35256083
280,2019,"05588024","_ku__r_",2423.02301559988,14,NA,274009.005632628,NA,NA
281,2013,"01678805","g_u_vr_",83.4731615877265,20,-15240.672466169,NA,577151.238262545,NA
281,2014,"04886041","g_u_vre",20.3210364570786,18,-5142.19636474421,NA,44572.7878020366,32260.3974553494
281,2015,"04894899","_k___r_",5.52082096319928,17,NA,257843.051299907,NA,NA
281,2016,"09192642","____vr_",110.456460108039,13,NA,NA,399896.014765401,NA
281,2017,"10053011","g_upvr_",92.225899997639,15,-83264.8224471087,NA,2335729.49598781,NA
281,2018,"05514561","__upvre",57.1941006933041,13,NA,NA,926686.02878907,2707.12335416752
281,2019,"04011948","__up_re",27.3163601337442,11,NA,NA,NA,33543.5387766839
282,2013,"14437179","g____re",16.5357827980636,12,-20899.432019787,NA,NA,6753.4653616306
282,2014,"05805563","g_up_re",181.98179978454,16,-162924.689967908,NA,NA,90836.0485051073
282,2015,"04512501","gku_vre",3135.2185180524,18,90861.0045578453,186231.761494888,54611.4080466875,14344.8415866217
282,2016,"15686232","__u_vr_",448.084960303612,7,NA,NA,214233.372256062,NA
282,2017,"04828765","g____re",740.641900328627,19,-75822.7797443918,NA,NA,418677.943199339
282,2018,"08739297","g___vr_",3.74234274004315,14,46966.3003798472,NA,10543.9084708339,NA
282,2019,"05757992","___p_r_",186.997873019953,8,NA,NA,NA,NA
283,2013,"03345501","__u_vr_",437.456594130404,14,NA,NA,41743.9136148406,NA
283,2014,"07269486","g_u_vre",1087.82384757668,15,38886.2426009636,NA,567824.856153099,59109.9721426933
283,2015,"10669081","g_u_vre",515.517183867454,15,150397.743901316,NA,809238.725262962,29560.6863291139
283,2016,"09088006","gk__vre",8858.98023320343,15,-54527.6965026763,87605.0280331306,217378.787236873,120234.415213448
283,2017,"16891555","____vr_",66.0607119547329,18,NA,NA,22839.7977244968,NA
283,2018,"09489020","g_u_vre",156.932424824502,14,-191160.981708566,NA,91722.9021730114,56194.7555517636
283,2019,"01710538","g_u_vr_",76.6792703972577,22,14441.5995663361,NA,162945.461181155,NA
284,2013,"05268709","___pvre",6.04018452728671,17,NA,NA,136729.245129793,70081.0396532449
284,2014,"04021583","__u_vre",84.2057771655171,24,NA,NA,46229.2744999929,21637.819366963
284,2015,"04413487","____vre",151.826455119683,18,NA,NA,375691.319281713,27885.92233381
284,2016,"04406721","g_u_vr_",74.8092150116628,24,220322.977536733,NA,46983.3641293965,NA
284,2017,"04929603","_k__vre",128.116963110425,6,NA,-18645.2862646556,362245.923922919,16819.8998442627
284,2018,"16376650","g____r_",909.790689028074,13,-40884.1093525324,NA,NA,NA
284,2019,"14235507","g___vre",161.491667730699,16,31125.8780319936,NA,176937.027513191,30143.8610410327
285,2013,"16438658","__u__r_",792.511802992977,21,NA,NA,NA,NA
285,2014,"14751433","_____re",2315.74661760126,15,NA,NA,NA,14939.7237830866
285,2015,"14164826","____vre",493.910436432243,12,NA,NA,4387144.03744151,6143.62587731113
285,2016,"13516033","____vre",19.4849778034944,20,NA,NA,161035.046739522,2079641.8154381
285,2017,"05517281","_____re",45.1243424470816,12,NA,NA,NA,574068.757284894
285,2018,"01355819","_____re",161.608699067788,16,NA,NA,NA,34908.1825363309
285,2019,"06278412","g___vre",4835.38996670573,14,147934.493785217,NA,69852.3439010175,164222.322029229
286,2013,"04165061","____vre",75.0043289170593,17,NA,NA,183001.525635519,30721.9064449974
286,2014,"05869759","_k___r_",13771.9040868267,18,NA,94788.2220007922,NA,NA
286,2015,"04722461","__u_vr_",13.8167709040114,12,NA,NA,37412.1503316452,NA
286,2016,"04091287","___pvre",46.3227269462352,8,NA,NA,11500.6525378432,140667.166172974
286,2017,"06127922","g___vr_",21.8023000860196,13,126335.013532359,NA,52299.5914233669,NA
286,2018,"03492083","g___vre",425.627618133867,13,69144.8096111995,NA,111092.754713157,39843.5133514839
286,2019,"07217345","___pvr_",2527.31452930587,20,NA,NA,38687.7384484656,NA
287,2013,"09090562","g___vr_",144.065273558947,11,14070.8102511421,NA,38023.4307493196,NA
287,2014,"15480589","gku_vr_",2.30746235483171,16,-13192.2103624565,-208596.332818743,293221.693507617,NA
287,2015,"10239021","____vre",529.810463530839,9,NA,NA,103877.808221339,224586.654696392
287,2016,"14213957","____vre",639.518164587687,21,NA,NA,12716.1005184142,51431.8799383828
287,2017,"09240249","g____re",59.4900810236356,13,31161.9534300509,NA,NA,4328.35218526945
287,2018,"10295992","____vr_",59.7935715190064,15,NA,NA,328096.860391217,NA
287,2019,"05027812","__u_vr_",1273.34859280431,18,NA,NA,40617.8932636395,NA
288,2013,"04631302","g_u__re",6.3283492400557,22,68341.7038825492,NA,NA,68147.8020474301
288,2014,"04312336","_____re",410.47593663951,13,NA,NA,NA,1100.75544536143
288,2015,"05909533","g___vre",126.140054883231,16,33929.9014698833,NA,926237.506433606,124110.898972917
288,2016,"08476269","g___vre",10.5583265330497,20,132114.397449968,NA,306444.615283218,3229.95470790931
288,2017,"09841048","g____r_",184.923148884288,16,77523.8928257699,NA,NA,NA
288,2018,"05739073","__upvr_",1034.60191750207,11,NA,NA,1859197.10763929,NA
288,2019,"12743066","__u__r_",73.2939655930089,12,NA,NA,NA,NA
289,2013,"05792251","gk___re",249.792916788922,15,-64109.5890786896,8206.16608719548,NA,9975.30865778488
289,2014,"09342713","_kupvr_",83.1037797162186,16,NA,25095.6235962165,583702.736433621,NA
289,2015,"12769312","g___vr_",104.445433497678,17,22741.2187682685,NA,234744.386483201,NA
289,2016,"06893727","g__pvr_",184.136865375303,22,330420.026399337,NA,27658.6277715236,NA
289,2017,"04624322","g_u_vre",15.5830813592628,18,170710.294706406,NA,510208.014639545,33961.3137238892
289,2018,"07408691","g_upvre",74.3643204776813,17,110858.332007738,NA,646709.192039387,110829.205346856
289,2019,"04856099","____vre",103.725333009157,13,NA,NA,256676.530664587,118907.77216445
290,2013,"05333157","___pvr_",74.2406083706164,16,NA,NA,2796429.81731924,NA
290,2014,"12038883","g_u_vre",138.460738342423,17,159972.175281811,NA,299388.8585873,91985.0069204004
290,2015,"09831651","g___vr_",251.418417246786,13,-139424.340625503,NA,385504.055859924,NA
290,2016,"04597259","____vre",129.542811112396,13,NA,NA,81628.5935005472,8527.72013384788
290,2017,"07621112","g_u_vr_",63.6388083318028,14,229900.720340532,NA,1443732.50711181,NA
290,2018,"14545645","_ku_vr_",59.809919062292,15,NA,202283.181052206,98854.4530239742,NA
290,2019,"16245433","____vr_",716.209721079656,8,NA,NA,64198.7313300696,NA
291,2013,"05559370","g_u_vr_",3.49642596247943,19,79613.2674904967,NA,74839.882683968,NA
291,2014,"04535866","gk__vr_",34.7630282776776,21,42605.0596739574,203852.419146752,63667.7500701623,NA
291,2015,"05811197","____vre",3574.49896309828,15,NA,NA,4806197.52070638,6567.18830348299
291,2016,"04919926","____vre",1.25883867431188,15,NA,NA,38637.2067949769,53357.0918882072
291,2017,"05961371","g___vr_",21.8539995748177,17,69167.1243577018,NA,34043.9392972412,NA
291,2018,"05234973","g____re",1.84212694508876,15,86473.1240435895,NA,NA,18593.7973370235
291,2019,"08851606","__u_vre",144.943055724456,13,NA,NA,92761.0354303228,77532.1578595085
292,2013,"05834056","g__p_re",148.504584360041,17,67955.3461264777,NA,NA,19807.5880926267
292,2014,"07598566","g_u_vr_",561.468741884675,20,-146342.486507982,NA,70068.9456981555,NA
292,2015,"05107988","_k__vr_",1051.6862977824,18,NA,74649.4372895963,566509.394477476,NA
292,2016,"02573832","____vr_",23.979304932921,11,NA,NA,125047.603561106,NA
292,2017,"05329994","____vre",10704.2254033895,16,NA,NA,4987811.6819952,52412.3160229745
292,2018,"07878862","gk_p_re",475.452593306513,12,92656.4095230113,30512.7922802971,NA,145874.16269978
292,2019,"01561490","____vre",729.117762047234,12,NA,NA,1089247.50595928,97635.7533082373
293,2013,"11610577","g_u_vre",124.676712323075,18,95665.7987683447,NA,167944.631907815,179422.362685135
293,2014,"01836815","g___vre",64.8650605857705,9,-116278.203641219,NA,67881.56950181,32836.7432284307
293,2015,"13072608","g___vre",8.94380175362224,16,134280.179189675,NA,29703.8495048155,1167299.18441899
293,2016,"05603718","____vre",253.993945293496,18,NA,NA,102901.209504291,41170.5833335932
293,2017,"04383241","____vr_",1961.26129747334,13,NA,NA,43564.4739671007,NA
293,2018,"07049632","____vr_",471.939904361767,12,NA,NA,59247.7295919761,NA
293,2019,"09031888","gk__vr_",191.939884708717,11,-26978.7043235749,207869.689122898,19532.041777745,NA
294,2013,"09149175","g____r_",11.7826298465843,14,191719.286481564,NA,NA,NA
294,2014,"05129065","____vr_",63.3484210648694,15,NA,NA,48221.1887253371,NA
294,2015,"12196282","____vre",14.1925005893952,12,NA,NA,11579811.7270618,179019.496124713
294,2016,"01025464","____vr_",22.670911527792,17,NA,NA,227361.739997448,NA
294,2017,"09001033","__u_vre",30.9303991035069,16,NA,NA,493795.514777713,99710.5321719797
294,2018,"05310476","_ku__r_",802.287301512721,12,NA,150346.598727662,NA,NA
294,2019,"09185005","_____re",54.0657152808909,19,NA,NA,NA,76442.6487599148
295,2013,"05137020","g____r_",2.82013147021935,12,44827.2174414599,NA,NA,NA
295,2014,"08197752","_____r_",32.8190649780684,10,NA,NA,NA,NA
295,2015,"08432219","g_u_vre",18944.2602592739,19,109437.242734245,NA,522912.111134817,18144.9406658433
295,2016,"05505427","__u__r_",780.316999311062,17,NA,NA,NA,NA
295,2017,"08943339","g___vr_",3396.1240193443,20,138281.408548424,NA,285338.045535091,NA
295,2018,"08476193","____vr_",46637.8717737276,17,NA,NA,56450.082886898,NA
295,2019,"08557089","___pvr_",58.4769317137131,12,NA,NA,229360.365210766,NA
296,2013,"10060434","g____re",582.509421381874,12,117866.740396945,NA,NA,133244.343563349
296,2014,"07207831","g__p_r_",14.752985768907,12,164218.725969941,NA,NA,NA
296,2015,"04111790","g___vr_",7.87155108797248,16,105574.572800527,NA,63540.1570021499,NA
296,2016,"04693670","g_u_vre",1618.17978488543,12,3465.83133672211,NA,147814.185146042,64303.0186707293
296,2017,"10514705","__u_vre",1474.95253519523,28,NA,NA,186845.277822389,830102.520333435
296,2018,"07950704","g_u_vr_",23.458099651274,18,35635.0756489656,NA,44138.932830449,NA
296,2019,"09215727","___pvre",12185.7656802511,21,NA,NA,388082.25613685,2282.44721938886
297,2013,"02121155","____vre",82.4088170375979,12,NA,NA,65019.4908246876,821165.151201979
297,2014,"08290838","__u_vr_",962.333746498434,22,NA,NA,122355.895369102,NA
297,2015,"07267535","g_u_vre",319.914592801768,14,125940.451342377,NA,60994.6546878163,28620.5585378181
297,2016,"07392793","g___vre",19.671991000251,12,92669.7771073941,NA,102895.010237053,19762.7653598401
297,2017,"05659574","____vre",5545.11311650334,15,NA,NA,28424.6968321289,36750.395986018
297,2018,"06340430","_____re",102.814754106943,13,NA,NA,NA,9239.25261583453
297,2019,"05416731","____vre",295.165693061301,23,NA,NA,32800.9575721597,18749.7417072252
298,2013,"07891560","g_upvr_",49.6608774549469,20,102171.879340032,NA,307528.874872035,NA
298,2014,"05079342","gk_pvr_",88.0866225827951,20,86691.741196089,-2628.79279569681,1136292.04483211,NA
298,2015,"04516370","____vre",870.704278391481,13,NA,NA,856977.728172319,877733.393412726
298,2016,"05580580","g_u__r_",169.388348097202,13,118547.684236444,NA,NA,NA
298,2017,"09477333","g_u__re",7927.0373804016,20,160899.753822459,NA,NA,11772.1724274273
298,2018,"05004330","_____re",65.9038222847715,11,NA,NA,NA,240744.165666949
298,2019,"04697593","g____re",870.982732189092,12,149382.807050162,NA,NA,14680.1448858988
299,2013,"05402845","_____r_",52.1121609827721,16,NA,NA,NA,NA
299,2014,"04267654","__u_vre",224.571426570002,9,NA,NA,2066717.45175815,338753.016372064
299,2015,"14628325","gku_vr_",378.602963583992,17,263253.300644084,18959.7147963402,72072.9321107188,NA
299,2016,"05967508","__u_vr_",215.443430848561,10,NA,NA,217265.936966065,NA
299,2017,"14922269","___pvr_",9.20289397432329,17,NA,NA,175277.927678617,NA
299,2018,"08307125","_k___re",25564.6565269824,14,NA,107626.817500661,NA,31629.7917037085
299,2019,"07465702","gk___r_",339.061186900741,17,-247206.375989697,346531.529295532,NA,NA
300,2013,"04987167","____vre",107.750289897863,14,NA,NA,38512.1411118965,879114.569969628
300,2014,"04831611","__u__r_",45.2054498202922,15,NA,NA,NA,NA
300,2015,"01115118","g___vr_",38.3210627204946,16,-60324.4026690247,NA,142398.696675628,NA
300,2016,"04312391","_k_pvre",23.9085237350033,19,NA,-157044.380819278,704793.533228106,22762.6683081282
300,2017,"04095239","____vr_",9.86994961637304,19,NA,NA,163691.163317057,NA
300,2018,"09708555","g___vr_",5867.02888165476,19,24741.1398465154,NA,234969.446207718,NA
300,2019,"07760047","g____r_",32.7393875356129,18,144121.448912737,NA,NA,NA
301,2013,"08672086","___p_re",305.933044040839,12,NA,NA,NA,953.178611825622
301,2014,"07697239","__u__re",294815.977780319,14,NA,NA,NA,137315.96401906
301,2015,"09189176","g____re",411.777789604922,20,36714.2228617954,NA,NA,6218.25241121526
301,2016,"09194768","_k__vre",122.074647434245,22,NA,52254.3516471565,202504.301862817,11619.2755601563
301,2017,"07358698","__u_vr_",321.966314168415,13,NA,NA,626809.186635247,NA
301,2018,"04907777","g___vre",44.2318043510105,18,52601.6549329062,NA,369158.860879797,15718.6221707032
301,2019,"14739301","g___vr_",141.5947922332,21,49391.3720454349,NA,93942.9472785894,NA
302,2013,"10788012","____vr_",20.1479448070306,14,NA,NA,378491.656896494,NA
302,2014,"09627376","____vre",9.81749279071246,12,NA,NA,3762.94053049038,864964.718402354
302,2015,"07937486","_ku_vr_",22.6557961696373,13,NA,22150.0116503988,337988.908765386,NA
302,2016,"14382514","__u_vr_",1369.78756283568,14,NA,NA,114950.706101176,NA
302,2017,"13349507","__u__re",1286.37349898108,14,NA,NA,NA,266207.867752875
302,2018,"09143787","__u_vre",1.22398812170102,15,NA,NA,25681.7199346513,32148.929135643
302,2019,"03062275","____vr_",251.314901143473,13,NA,NA,1246277.12689249,NA
303,2013,"06875805","____vre",348.632743815204,11,NA,NA,604076.336370971,393141.393071755
303,2014,"01442440","gk__vr_",38.7482925273501,19,124486.255478523,-163414.656559566,210460.12672002,NA
303,2015,"05730082","__u_vre",2917.60305021767,16,NA,NA,422342.17643124,60238.8015357491
303,2016,"05392970","g___vre",507.770828979394,10,97872.6487917572,NA,869744.139193325,630.247588417001
303,2017,"02497074","g___vre",97.3869501765474,15,81351.2699919435,NA,191325.789354425,70868.5915528025
303,2018,"07581778","____vr_",37.8929949959943,14,NA,NA,532360.764965943,NA
303,2019,"04588743","____vr_",28.2515081008629,23,NA,NA,251978.755586464,NA
304,2013,"04640838","g___vr_",6948.57106567729,17,151988.572135048,NA,70305.4614503084,NA
304,2014,"07346734","g___vr_",827.349947026326,16,93135.5777429801,NA,35660.6577338386,NA
304,2015,"02820600","g_u_vr_",8.91118614288103,10,102719.574979393,NA,214990.008872357,NA
304,2016,"07187441","___pvre",893.326065139039,14,NA,NA,37507.4709293175,50868.0566483913
304,2017,"11515863","_____re",780.038523992436,13,NA,NA,NA,77581.1740768858
304,2018,"04749358","__u_vr_",1353.17193875476,12,NA,NA,460752.583009791,NA
304,2019,"04671786","g_u__re",40.3011426549483,25,228019.527778638,NA,NA,773932.626306434
305,2013,"05367719","g_u_vr_",337.078800261987,9,-49690.5731701805,NA,45723.8780433615,NA
305,2014,"07112402","____vre",14.7680161651148,14,NA,NA,35330.8878971588,1179000.51500974
305,2015,"04507013","___pvr_",859.202951890522,14,NA,NA,430153.234533922,NA
305,2016,"05567242","____vre",112.841793955733,17,NA,NA,17265.5092158431,65250.0757952051
305,2017,"07576270","g___vr_",126.662196570171,15,43091.4799850331,NA,374717.849349642,NA
305,2018,"12465706","_ku__r_",3995.59931223993,16,NA,-35393.2245928535,NA,NA
305,2019,"05630877","__u__r_",369.296270395192,16,NA,NA,NA,NA
306,2013,"14982337","__u_vre",107.918096936268,20,NA,NA,653058.955918358,196921.783272808
306,2014,"14509187","g_u_vr_",33.1867807760984,11,150567.471775132,NA,6191857.71115689,NA
306,2015,"15174993","g_u_vr_",240.031964368616,18,48100.7617507177,NA,337899.491120404,NA
306,2016,"04409899","g_u_vre",601.628424429985,12,-57224.2498845435,NA,831161.156482186,47701.5951588645
306,2017,"05062627","___pvr_",137.815526256661,17,NA,NA,290808.470314498,NA
306,2018,"02493394","g_upvre",117.219828324066,9,185065.126060805,NA,2194326.27186586,19628.7978499872
306,2019,"09618035","g____r_",1449.3875372304,20,-33651.1297392484,NA,NA,NA
307,2013,"08186482","g___vre",664.171698993739,21,142275.103259195,NA,30611.5838518089,138293.708323745
307,2014,"04221213","___pvr_",23198.1218486853,17,NA,NA,547600.40334377,NA
307,2015,"04409836","g___vre",153.914476090082,12,50593.2341644888,NA,937323.028248587,50420.1468257477
307,2016,"10598211","gku_vr_",13.439617930041,13,90811.0833693009,-31496.4400767546,454420.945165813,NA
307,2017,"08725135","g_u_vre",11.75756989653,15,47158.1589013412,NA,197462.697390409,74504.4435135563
307,2018,"11916706","____vre",406.288782975644,18,NA,NA,278219.265698494,282074.853148143
307,2019,"08008008","_____r_",708.233054817631,15,NA,NA,NA,NA
308,2013,"05510850","_ku_vr_",68.4389992806715,18,NA,32938.1221394694,192817.659743496,NA
308,2014,"10813915","g___vre",54.5473856312061,13,232191.522402891,NA,12153.9157404168,120877.912619547
308,2015,"09439124","____vre",228.696207910353,14,NA,NA,545957.990482576,223914.868108532
308,2016,"07993862","g_u__re",73.5670671827401,11,99750.343881487,NA,NA,21278.4627250279
308,2017,"05736840","g___vr_",4681.31738486128,15,-10656.212000903,NA,1402315.65723964,NA
308,2018,"05738397","___pvre",15.3904017592597,15,NA,NA,382610.993743312,2080.6591734093
308,2019,"14078521","__upvr_",1330.1898542565,14,NA,NA,150099.771733878,NA
309,2013,"05875069","____vr_",146.135080567918,12,NA,NA,592945.205525059,NA
309,2014,"05281241","g___vre",83.8220501895268,6,76327.1943046909,NA,16834.9571626244,43666.988540011
309,2015,"05670709","g____re",283.897453972714,20,59548.0714772161,NA,NA,49270.1460203886
309,2016,"03179484","g___vre",123.362317666286,16,216715.045254681,NA,66943.8506974506,16212.5856729815
309,2017,"09517422","____vre",11.5210284568264,13,NA,NA,27137.9674053398,82964.1412945356
309,2018,"03378598","gk__vr_",136.663404027272,11,182681.820071651,217351.420487979,35819.7503497535,NA
309,2019,"04765897","__u_vre",361.107954823095,20,NA,NA,313581.040010772,102489.307809579
310,2013,"12880368","____vre",0.918803246817872,17,NA,NA,139137.364110578,9576.3950844169
310,2014,"04485876","____vr_",1042.92242534367,12,NA,NA,588915.878564318,NA
310,2015,"07532032","____vre",53.9438866871139,14,NA,NA,448291.934801444,142550.611912204
310,2016,"05043120","____vre",87.2347716639126,11,NA,NA,101942.200188659,30747.1990495334
310,2017,"14920520","____vre",1.9572176720509,9,NA,NA,84717.0874948314,149352.424725242
310,2018,"08292706","g____re",40.7484142366064,9,69186.8648179327,NA,NA,8973.3731873351
310,2019,"04810343","g_u__r_",380.744876593054,13,146686.917196317,NA,NA,NA
311,2013,"05921389","__u__r_",1644.22391663646,13,NA,NA,NA,NA
311,2014,"05967022","_kupvre",78.3093983326126,21,NA,84741.2941867524,242551.273009175,65250.6372569569
311,2015,"04102656","____vre",96.5127589747962,14,NA,NA,321506.732585537,139208.789845401
311,2016,"09273467","__u_vr_",3484.15909259386,14,NA,NA,57115.1935444372,NA
311,2017,"05947032","g___vre",24.3673950933877,16,72980.0051133201,NA,99629.1399900562,386554.915268061
311,2018,"05178825","_____re",64.6912204623738,20,NA,NA,NA,344321.599063365
311,2019,"05409870","__u_vre",805.42012844782,13,NA,NA,9920.32772834585,8284.89815009408
312,2013,"05931691","____vre",143.979833801937,19,NA,NA,124197.225684641,234487.872538251
312,2014,"10475475","g_u_vre",80.2487498890119,18,47175.15735438,NA,34781.3335513857,365020.260814474
312,2015,"07331383","g____r_",7.05931338286302,18,134048.658433719,NA,NA,NA
312,2016,"05420639","g_u__r_",2165.99767272216,6,-82111.7718385525,NA,NA,NA
312,2017,"15131580","__u__r_",8087.88994133278,7,NA,NA,NA,NA
312,2018,"07274939","____vr_",57.7441560373326,16,NA,NA,2337515.86900735,NA
312,2019,"10944355","g_u_vre",276.552067064636,17,100660.022138591,NA,21798.0718983015,16408.3148905642
313,2013,"04693692","____vre",3397.64972804983,11,NA,NA,530002.434116844,53640.442680556
313,2014,"01890926","_____re",528.975401075298,17,NA,NA,NA,323274.185827487
313,2015,"05620461","_k__vr_",1208.37334413342,14,NA,154080.540171168,400283.821320543,NA
313,2016,"04772032","g_upvre",514.406321379457,10,85919.9845185852,NA,182686.220828095,268725.471839336
313,2017,"08375193","__u__re",55.2239384471991,20,NA,NA,NA,217251.099246056
313,2018,"15226394","g___vr_",55.7982339325522,11,22739.5891924003,NA,55015.7229827544,NA
313,2019,"09936481","_____r_",656.097448931164,17,NA,NA,NA,NA
314,2013,"07209393","____vr_",1402.84676966628,17,NA,NA,20378.8420228197,NA
314,2014,"15405365","_____re",743.217263544949,10,NA,NA,NA,42919.854840349
314,2015,"02344542","g_u__re",60.0377183417663,12,-32953.1450558951,NA,NA,14427.5514877631
314,2016,"09748849","g___vr_",1070.16528236421,14,32359.5375447424,NA,1357212.98364486,NA
314,2017,"05544469","____vr_",28.865297199824,13,NA,NA,1333496.89625416,NA
314,2018,"07297765","g_upvr_",32.7121752778438,14,152630.842738534,NA,42087.0133764551,NA
314,2019,"04300905","____vr_",78.2618729999632,15,NA,NA,169530.843825366,NA
315,2013,"03985831","__u_vre",77.7780747912299,17,NA,NA,374745.499185568,133041.512143536
315,2014,"07017532","____vre",649.457510213269,23,NA,NA,106673.011660611,3509.54138504953
315,2015,"04990341","____vre",249.982322329102,11,NA,NA,73582.7232184634,103394.440773588
315,2016,"14926010","g_u__r_",343.751205088363,21,151517.847159215,NA,NA,NA
315,2017,"05072026","__u__re",705.978516441078,14,NA,NA,NA,655618.184647129
315,2018,"04994493","__u_vre",2142.83316839583,17,NA,NA,35824.0354640729,24604.8600409959
315,2019,"04062155","g___vre",75.1843072543302,7,207606.045764887,NA,229039.181208844,106672.353003528
316,2013,"09939175","____vre",174.936588351119,17,NA,NA,605766.240185811,111999.667991008
316,2014,"07823630","g___vre",9.00269532961069,25,53916.5585889125,NA,289520.204562353,68155.2493929652
316,2015,"05222045","____vre",2.55310017090858,12,NA,NA,99479.2365781643,90208.4334931028
316,2016,"14930950","____vr_",5.23166140117465,14,NA,NA,149777.763592301,NA
316,2017,"04280612","___pvre",664.231015015168,12,NA,NA,24566.6466353042,53895.1416888651
316,2018,"09428090","g_u__r_",105.973669043759,14,18843.2998260113,NA,NA,NA
316,2019,"04932482","____vr_",66.2600523513029,14,NA,NA,50591.7206391327,NA
317,2013,"07576471","____vre",7.22958047466395,22,NA,NA,193051.176202266,830794.339432946
317,2014,"08596433","__u__re",418.942664298277,14,NA,NA,NA,32793.9631155676
317,2015,"05792517","g_u_vre",56.365719081151,10,-65110.3929316611,NA,161467.504490825,163494.276999446
317,2016,"04086340","__u_vre",1221.18456844324,18,NA,NA,10611.2395026034,60759.1451906988
317,2017,"16004931","____vr_",180.850279832592,23,NA,NA,639476.904833866,NA
317,2018,"05823912","_ku_vr_",157.65808280249,15,NA,144415.275329329,252585.512643599,NA
317,2019,"10475538","____vr_",48.2589429839055,21,NA,NA,23206.6618506655,NA
318,2013,"08770508","_____re",2.97028632494379,17,NA,NA,NA,159380.894888079
318,2014,"04883993","____vr_",716.575873716915,12,NA,NA,186282.995699273,NA
318,2015,"08610187","g___vre",81.805676859408,23,-67675.2921314705,NA,498980.676007123,1137.36405648461
318,2016,"01196708","g____re",74.4517567679728,16,22476.531827861,NA,NA,38637.4958011024
318,2017,"05665974","___pvr_",186.126384647327,10,NA,NA,137673.627547684,NA
318,2018,"09824547","g__pvr_",5.64963300842248,18,70575.8395766179,NA,121218.448475731,NA
318,2019,"05724229","g___vr_",148.115031369312,15,69770.6450536942,NA,38385.7322996629,NA
319,2013,"16917903","__u__re",335.023004830493,14,NA,NA,NA,8576.07491045498
319,2014,"07648861","____vr_",4914.31633567422,15,NA,NA,380536.81772647,NA
319,2015,"08397005","___pvre",1.57070354958822,16,NA,NA,970816.75359135,3883068.92075935
319,2016,"07405011","__u_vre",3787.54350133795,12,NA,NA,71267.6808907723,37424.637339283
319,2017,"05419988","___p_re",1200.94956510799,20,NA,NA,NA,37819.0542712199
319,2018,"10416668","g__pvre",444.055822947521,18,-27370.8436016936,NA,80409.5503233137,145221.272102915
319,2019,"12290483","g___vr_",909.962959843389,16,-100333.819247614,NA,33107.6621592907,NA
320,2013,"09079512","__upvre",372.569226390962,11,NA,NA,63490.7324106668,10891.6542552069
320,2014,"04727382","g__pvr_",0.47431906763107,19,55934.0616405358,NA,80246.3683752573,NA
320,2015,"06012682","_k__vr_",235.710057378982,23,NA,-30540.9855475109,712840.725167089,NA
320,2016,"14167272","g_upvr_",1876.37834536296,11,133018.087704192,NA,26353.9187706885,NA
320,2017,"08928683","____vre",42.0359017628821,9,NA,NA,238134.570758162,22567.9627609172
320,2018,"06786430","_k_p_re",53.0523510403839,14,NA,69302.562917973,NA,46498.1022321168
320,2019,"11501945","_k__vr_",10.0000361319776,16,NA,62241.5610252934,38489.2226588283,NA
321,2013,"05890204","___p_r_",56.7939697679045,16,NA,NA,NA,NA
321,2014,"05776294","_k___r_",308.785588688599,13,NA,124993.371255583,NA,NA
321,2015,"02625729","g__p_r_",279.812147697526,10,150268.262337161,NA,NA,NA
321,2016,"05783607","____vre",12.8286281941356,15,NA,NA,323691.967232913,6688.26322906141
321,2017,"11952999","_k__vre",2363.04596457765,12,NA,200968.917455803,364208.719521085,37843.9898176415
321,2018,"05226112","___pvr_",8194.24001188412,10,NA,NA,79822.7066158028,NA
321,2019,"04465802","____vre",41.0604042262368,14,NA,NA,99653.1437120459,35003.9774386638
322,2013,"05539164","__u_vr_",1008.95312712462,21,NA,NA,426868.149105272,NA
322,2014,"07439068","____vr_",57.6005869992886,18,NA,NA,15828.1782571294,NA
322,2015,"08893417","_____r_",126.117290446363,13,NA,NA,NA,NA
322,2016,"04289485","_____r_",21.3425958052678,17,NA,NA,NA,NA
322,2017,"05460698","____vre",3174.52094140084,19,NA,NA,13594.6457564514,48488.286340725
322,2018,"04970206","g____r_",1464.09732322185,16,54933.5492639254,NA,NA,NA
322,2019,"12885629","g_u__re",1226.85034486748,19,-25690.8128545781,NA,NA,57131.8421308876
323,2013,"14584035","___pvr_",211.719428170989,15,NA,NA,411066.62933307,NA
323,2014,"07315310","g___vr_",641.245380301211,12,18184.1449296525,NA,75814.4646046291,NA
323,2015,"05776951","__u_vr_",22.4852379317679,18,NA,NA,437413.266813151,NA
323,2016,"09443123","g_u__re",258.52251530151,20,160201.204501065,NA,NA,126403.898248872
323,2017,"07576871","____vre",1.84097991644486,12,NA,NA,86933.4862335393,10108.2908629315
323,2018,"08967202","gk_pvr_",250.608868586171,15,-1901.17030035194,-99284.5395636811,172840.147369502,NA
323,2019,"07724394","____vr_",80.9634388097764,10,NA,NA,258762.050377232,NA
324,2013,"02271323","_____r_",27.6797666545138,20,NA,NA,NA,NA
324,2014,"07460855","___pvr_",283.673329420412,20,NA,NA,138190.218536046,NA
324,2015,"09420108","____vr_",3158.19517978051,19,NA,NA,112183.448154818,NA
324,2016,"08658858","__u_vr_",11.4138335695081,13,NA,NA,510590.757480913,NA
324,2017,"09814563","___pvr_",282.590070219193,13,NA,NA,28874.4187907532,NA
324,2018,"02181115","____vre",113.681660695667,17,NA,NA,117821.678676508,62735.4441827121
324,2019,"05264951","__u__r_",34052.6188257657,17,NA,NA,NA,NA
325,2013,"04437338","g____r_",1992.42159351618,15,25169.2279240912,NA,NA,NA
325,2014,"12271850","__u_vr_",15.5797184499947,32,NA,NA,1525177.77630435,NA
325,2015,"04269421","_____re",37.6589144804559,10,NA,NA,NA,6653.98778995893
325,2016,"07625378","_k__vre",18.8856048476985,13,NA,-20364.5110375772,192941.132861192,6675.82104735506
325,2017,"01534700","_k__vre",3139.44235038102,17,NA,-88180.2650092867,169370.192450569,127904.096501334
325,2018,"05849046","____vre",1522.15752670979,13,NA,NA,158957.714902339,160928.833411395
325,2019,"09232071","____vr_",31460.4520714802,14,NA,NA,367252.327193688,NA
326,2013,"08459458","_k__vre",203.005348763396,20,NA,12741.3765867515,53205.730278822,33450.8976206686
326,2014,"08391513","_k__vr_",834.713971322397,12,NA,-98391.5884986984,51899.6408008044,NA
326,2015,"08454083","____vr_",1.71705958150925,12,NA,NA,602229.818093294,NA
326,2016,"14891302","__u_vre",203.789308481313,13,NA,NA,1172687.43241478,21575.2972715015
326,2017,"01122012","____vre",3.95079195145228,14,NA,NA,108404.347494699,66624.9976286893
326,2018,"05003154","g____r_",2655.02781642291,21,-60047.3112577718,NA,NA,NA
326,2019,"14187185","_____re",643.176776417989,16,NA,NA,NA,139389.112046723
327,2013,"16417084","g_u_vre",6094.20659101013,12,4843.0711131081,NA,1615475.94416035,227743.97478862
327,2014,"14253446","g____r_",46.8625549736162,10,-34533.3419915944,NA,NA,NA
327,2015,"09671051","_k__vr_",55.2508090921927,18,NA,226343.689306503,189728.866904559,NA
327,2016,"13122538","____vr_",393.723025897502,15,NA,NA,1653925.708798,NA
327,2017,"10358167","__u_vr_",205.427413184972,21,NA,NA,785140.651040338,NA
327,2018,"02435322","g____re",520.387296285453,12,92071.8208154405,NA,NA,65980.0316995869
327,2019,"04435424","__u_vre",168.289063214809,13,NA,NA,319307.217479294,2574.5770262049
328,2013,"08878241","____vr_",332.386981301932,13,NA,NA,2187606.28633761,NA
328,2014,"05610177","_____r_",49.3991506903335,8,NA,NA,NA,NA
328,2015,"07893868","__u_vre",63.4241156283872,10,NA,NA,32127.9714274392,126126.272668874
328,2016,"04140056","gk_pvre",22.9817346810461,17,37306.3256973011,43434.2359953454,262893.277630331,44638.6832158268
328,2017,"04713244","__u__r_",55.0950963624308,21,NA,NA,NA,NA
328,2018,"05928015","____vr_",227.366299655428,18,NA,NA,89753.023148353,NA
328,2019,"10470103","__u__r_",2024.35318469402,12,NA,NA,NA,NA
329,2013,"03126923","g___vr_",44.3865132006589,16,161488.664349498,NA,172649.647600398,NA
329,2014,"05590122","g____re",5158.41639761213,22,93697.2768925259,NA,NA,29791.0855644095
329,2015,"04590340","g_upvr_",295.250934756937,16,150621.535904462,NA,416531.394801564,NA
329,2016,"07487437","g___vr_",2.37952770580109,17,-48480.0103643472,NA,53526.4836611652,NA
329,2017,"07228429","___pvre",13.7299899031848,14,NA,NA,1386342.85886271,242679.311504795
329,2018,"10197581","_k__vre",21.8446835762316,21,NA,-152935.528859963,146966.513837797,239571.038295078
329,2019,"16241564","g_u_vre",174.907495328233,17,54950.7275423781,NA,99440.3585942146,377649.551871961
330,2013,"07730679","_kup_re",23.6379526545157,10,NA,222085.353740873,NA,37697.9285588036
330,2014,"14531207","gk__vr_",191.729299037572,14,279667.437658131,151206.412545224,76420.519004666,NA
330,2015,"09247614","_ku__re",32569.5071740965,14,NA,151005.140545538,NA,215991.163672437
330,2016,"14722024","__u_vre",17.7885225536001,18,NA,NA,3398272.57746232,13279.8971376897
330,2017,"06586482","g_u__re",115.384283651391,16,-93276.8916513583,NA,NA,309572.319903859
330,2018,"03743715","____vre",13.7450329739276,12,NA,NA,790354.001350475,28976.2744884644
330,2019,"13482099","g____re",216.06184764828,12,218921.498669971,NA,NA,104021.280570496
331,2013,"08682062","g_u_vr_",87.2410417499756,7,168158.598131064,NA,995722.502316831,NA
331,2014,"11910185","__u__re",951.583415780579,16,NA,NA,NA,8603.91433919452
331,2015,"13672469","g_u__r_",140.970648736092,19,-133968.16979824,NA,NA,NA
331,2016,"06200066","g_up_r_",1046.3966679803,20,128246.603568844,NA,NA,NA
331,2017,"08388889","____vre",59.0681275139363,9,NA,NA,48213.0468370467,119627.610674917
331,2018,"05708303","_ku_vr_",17091.1083871637,15,NA,137908.19698251,53318.5009710563,NA
331,2019,"05804845","____vre",215.553178310749,15,NA,NA,190472.97311165,16553.390544159
332,2013,"07849549","__u__re",9678.4359178799,16,NA,NA,NA,4251.68307009737
332,2014,"05191387","____vr_",83.198881293907,18,NA,NA,126211.423009736,NA
332,2015,"03259420","gk__vr_",224.780230040774,19,79259.2651222928,51603.7671894982,184536.180574906,NA
332,2016,"14250855","g___vr_",15.5510386659804,15,10302.3673037523,NA,41422.5047494458,NA
332,2017,"12506309","_____re",233.158906254372,17,NA,NA,NA,134507.39961284
332,2018,"05440567","__u_vre",870.81284406716,10,NA,NA,424302.774351431,73108.3468624608
332,2019,"12321743","_____re",158.788286044323,14,NA,NA,NA,61283.7497989523
333,2013,"07945566","g_u__re",107.441629019277,22,-45615.4451709384,NA,NA,61093.0292926316
333,2014,"15032688","__u_vre",74.1669896772524,22,NA,NA,1522412.32133658,39046.1606368839
333,2015,"06115542","___pvr_",39267.4471623819,10,NA,NA,460737.698955842,NA
333,2016,"01172890","g___vr_",161.327005233026,19,-92778.5296821434,NA,116240.34211283,NA
333,2017,"09805806","____vr_",3614.25407775453,20,NA,NA,221894.486149061,NA
333,2018,"06940192","_k__vr_",155.7494908649,12,NA,226951.094900942,90265.2642355854,NA
333,2019,"04367225","g____r_",106.575723473226,12,-12446.4110876502,NA,NA,NA
334,2013,"04637445","g_u_vre",608.7203153251,15,127222.561919627,NA,36586.5228762489,75663.1111645598
334,2014,"05355176","g___vre",8.33764507562538,14,174443.730470127,NA,105706.089781745,17011.000027229
334,2015,"04676820","____vr_",20.0363781980905,15,NA,NA,422263.090248566,NA
334,2016,"04016420","___p_re",628.049755251352,17,NA,NA,NA,26879.1443359492
334,2017,"04064015","g___vr_",126.135496481279,15,9502.09250711811,NA,10462.4893790527,NA
334,2018,"04932720","___pvr_",17.2159956445276,14,NA,NA,44709.9200969313,NA
334,2019,"04422168","g_u_vre",134.011821306717,20,62090.1933118814,NA,311584.1016449,6666.71111891722
335,2013,"01228868","_____re",427.283631690252,19,NA,NA,NA,91504.9503077798
335,2014,"07415209","gk__vre",269.08786094585,12,116962.086844274,193149.80262837,26804.467806388,97404.1120471441
335,2015,"09818010","____vr_",1525.91834244052,16,NA,NA,156285.607726459,NA
335,2016,"06939958","g__p_re",555.783719683605,9,-21761.7130584126,NA,NA,44041.9753675121
335,2017,"07149236","____vre",212.291782802474,15,NA,NA,38819.7698802832,20965.6153499246
335,2018,"05494868","____vre",7230.43701826952,6,NA,NA,1046566.96947569,154302.775128782
335,2019,"08517648","__u_vre",1832.82026896313,12,NA,NA,277316.036078819,1137.26256376718
336,2013,"09476540","g__pvr_",4.79237351171271,11,124038.098866969,NA,95139.999000138,NA
336,2014,"04135231","gk__vre",1077.26585947417,14,-74053.2982055975,47872.0639601938,254289.569121773,40099.319609208
336,2015,"06737967","____vr_",15.7332241938212,17,NA,NA,177176.087327118,NA
336,2016,"07930861","g___vr_",219.727212149706,10,-5228.67544559466,NA,218622.018120309,NA
336,2017,"05397178","____vr_",433.85272269947,15,NA,NA,67494.0357844109,NA
336,2018,"08431571","g__pvre",8.03211875047707,16,160986.570430576,NA,276223.146237937,646752.13298567
336,2019,"12514616","g___vr_",18.7818604898228,19,199392.038482341,NA,793147.703620383,NA
337,2013,"09080784","_ku__re",24.922103121633,10,NA,77928.8828747745,NA,150641.371766682
337,2014,"05313955","_____r_",1.20861010060632,14,NA,NA,NA,NA
337,2015,"06371986","_____re",2.21313380546846,12,NA,NA,NA,57061.0179702338
337,2016,"11436841","_____re",688.174784238865,14,NA,NA,NA,27868.7873161977
337,2017,"05171275","g___vre",95.2820814238066,16,-5733.99903867978,NA,26937.1683815396,17382.8141296328
337,2018,"12180944","_____re",20622.0856256412,9,NA,NA,NA,7482.98978268539
337,2019,"02664178","____vre",1693.13915811034,13,NA,NA,221900.107139353,68366.9361075297
338,2013,"09383995","____vr_",122.723683804175,12,NA,NA,874475.059215864,NA
338,2014,"14084325","___p_re",130.389325603558,15,NA,NA,NA,6547.69347289735
338,2015,"07032655","g___vr_",128.176328596061,16,133308.714138,NA,1465047.27547059,NA
338,2016,"05785835","__u_vre",3187.55051669047,23,NA,NA,18394.1178663476,95113.1163432024
338,2017,"05721335","__u_vr_",7953.1321637711,19,NA,NA,32038.2594635882,NA
338,2018,"07328182","g_up_re",1458.16467156644,8,58881.8310333585,NA,NA,8627.04099315451
338,2019,"05917059","gk__vre",180.255042469753,11,97947.4898494436,98901.1573058963,929931.97546076,1627636.26809754
339,2013,"04956884","g___vre",174.660955161718,15,-160744.433449512,NA,164773.778365334,76434.236381152
339,2014,"05881471","__u_vr_",16.1886564381641,12,NA,NA,1163896.83221999,NA
339,2015,"05057654","_____re",359.011572285266,9,NA,NA,NA,7562.20915619731
339,2016,"15351762","____vre",805.90435151483,15,NA,NA,6598.6215773022,11828.1914857721
339,2017,"05444025","____vre",94.0403014239391,17,NA,NA,244088.297837841,240226.589090098
339,2018,"07487105","____vre",1044.16489422709,10,NA,NA,32191.5057186291,15723.1237815664
339,2019,"04597597","g____r_",59.6517747077982,18,98109.2154002833,NA,NA,NA
340,2013,"07628073","__u__r_",343.657147354541,12,NA,NA,NA,NA
340,2014,"04092985","__u_vre",178.255141534774,10,NA,NA,1471687.20811583,14698.8791876016
340,2015,"04298234","____vr_",28.6986645579294,10,NA,NA,344318.865427179,NA
340,2016,"04117275","____vre",30.3249977022029,14,NA,NA,1569401.50627477,5902.32268477792
340,2017,"07498991","____vr_",14.2598070050187,6,NA,NA,4727.45905394141,NA
340,2018,"05793439","__u_vr_",184.28075373239,11,NA,NA,253053.8810631,NA
340,2019,"05739652","__upvre",360.186575272074,12,NA,NA,58355.0429820167,69639.7352068367
341,2013,"09085807","____vre",425.268032020617,17,NA,NA,40661.0038249735,14446.047025861
341,2014,"10468993","___pvre",19.8178771756708,18,NA,NA,54038.4349077508,78949.0261359438
341,2015,"01714251","g_up_re",90.6066073749687,15,-108176.431913026,NA,NA,142071.914690211
341,2016,"01790608","g___vr_",676.219120110306,16,139904.440864407,NA,191035.579308737,NA
341,2017,"01091922","____vr_",571.57524368883,9,NA,NA,4918.52398050381,NA
341,2018,"11080522","g___vre",3.26167771323207,10,91283.563882368,NA,425263.807462656,97636.5214999237
341,2019,"01092228","__upvr_",125.581418243197,16,NA,NA,8208.68363480856,NA
342,2013,"07242929","____vre",166.25416143591,20,NA,NA,27390.6699071462,238180.408513962
342,2014,"08303874","____vre",13.5161823472943,10,NA,NA,141967.593213655,101876.591365939
342,2015,"12327241","g_u__r_",296.001857641852,21,214728.761904376,NA,NA,NA
342,2016,"02954244","g__p_re",481.100750684977,19,41836.2187015971,NA,NA,53682.5165251293
342,2017,"05969343","g___vre",23.8546045460941,18,100415.617222211,NA,1464630.54368646,268092.806175857
342,2018,"05363506","__upvr_",233.504310316245,11,NA,NA,56354.6209792563,NA
342,2019,"01081149","____vr_",1092.3058377087,10,NA,NA,173409.803830058,NA
343,2013,"05188764","_____r_",4.25057279736058,12,NA,NA,NA,NA
343,2014,"09378617","____vre",41.3101461189216,8,NA,NA,37708.4101240377,184792.656920612
343,2015,"09176682","____vr_",902.676484326247,14,NA,NA,70181.4514091492,NA
343,2016,"16653023","g___vr_",504.139497128868,11,52181.9158176315,NA,787036.536036043,NA
343,2017,"09310993","g___vre",465.999788596986,11,170256.35121929,NA,16586.4942782477,33032.2850214805
343,2018,"10678962","__u_vre",11.4899998422327,17,NA,NA,239501.43266919,33153.7593269247
343,2019,"04235381","__u__re",66.8246398630501,13,NA,NA,NA,144846.674732281
344,2013,"05727577","____vr_",7.8855712056259,12,NA,NA,154713.399765274,NA
344,2014,"07480166","__u_vre",234.267001540717,20,NA,NA,2553983.87100165,101305.811098492
344,2015,"09515434","g_u_vr_",16320.3403032882,15,55301.212089952,NA,1185531.6898234,NA
344,2016,"09848947","____vr_",4326.81893650328,18,NA,NA,138596.840636443,NA
344,2017,"13939945","____vre",10777.8462760842,20,NA,NA,977950.245651397,12387.0090297958
344,2018,"09977532","__u_vre",67.7989549990623,15,NA,NA,1193271.2824837,67719.4190325584
344,2019,"04162666","g_u_vre",121.136173205647,17,181596.473331686,NA,179854.878188537,73900.4935422012
345,2013,"12636798","gku_vre",1660.48155421175,18,45189.5588333048,-47630.8420683133,35983.2471309825,33933.832404616
345,2014,"01400868","g_u_vr_",31.2149835033596,18,117628.432559788,NA,34437.7120321156,NA
345,2015,"10167434","_k__vre",364.049021993519,19,NA,124367.550128598,12200.1891929287,6110.15305817384
345,2016,"08533045","g_u__r_",164.490019466177,17,67361.2340173496,NA,NA,NA
345,2017,"05842268","g___vr_",230.474195030289,15,52436.954219181,NA,302046.184295301,NA
345,2018,"07738878","___p_r_",38.00415180945,14,NA,NA,NA,NA
345,2019,"06095411","gku_vre",115.94804527895,11,27469.1758759302,58092.7620026335,1266298.53211909,590115.40291694
346,2013,"01851273","_k_pvr_",603.597559766936,16,NA,-74399.9296448547,296610.777622313,NA
346,2014,"09518728","gku_vre",542.935842104451,16,107971.945336389,-196832.584889331,142722.893297666,195347.109827175
346,2015,"10941371","g___vr_",5082.20270379005,10,-129638.346455283,NA,12135.907539832,NA
346,2016,"04584701","g__pvr_",914.195179391423,16,107455.759728004,NA,106139.184835552,NA
346,2017,"04688390","_k___r_",37.6254173729425,14,NA,108746.7825257,NA,NA
346,2018,"05739701","g____r_",2.74394019096749,15,183919.355800567,NA,NA,NA
346,2019,"08918470","____vr_",1299.09175089864,16,NA,NA,32068.8192356118,NA
347,2013,"12004788","g__p_r_",119.298941930668,15,-50306.1923971982,NA,NA,NA
347,2014,"01258084","g___vre",971.074768666011,14,-81129.3795221846,NA,56535.0839992044,153274.565198527
347,2015,"09141277","___p_re",68.9350720460328,17,NA,NA,NA,395883.701916505
347,2016,"05898457","g____re",226.746841118481,18,101694.529753464,NA,NA,36312.3451176169
347,2017,"16610408","g___vr_",13.9388744771264,19,110528.713442227,NA,345365.098655366,NA
347,2018,"02849610","____vr_",61.9295953076396,11,NA,NA,82597.6907953811,NA
347,2019,"07895155","_ku_vre",69.2227934564398,23,NA,318223.519068075,129491.239536133,20379.727508718
348,2013,"05045169","____vr_",28.7324926600058,14,NA,NA,335362.323579055,NA
348,2014,"07205498","_k__vre",509.052912203295,21,NA,-99425.1582395993,12696.8388060045,71580.4907495595
348,2015,"13393670","__u__r_",2233.05818103094,21,NA,NA,NA,NA
348,2016,"03207390","g__pvr_",12.1504179756719,17,210396.824729939,NA,398559.997586586,NA
348,2017,"08293106","g___vre",18.9480825615419,12,80155.9250125829,NA,24228.734577775,163750.378477844
348,2018,"05627397","g_u__r_",15.128447555457,16,98176.8474727102,NA,NA,NA
348,2019,"04168341","____vre",62.000179803276,16,NA,NA,715027.590724377,11660.9902028006
349,2013,"09751069","___pvre",3.09276407131729,13,NA,NA,57771.1304237826,10089.5796325654
349,2014,"02236490","_ku_vre",1401.94940062101,11,NA,191999.549349848,762334.592291663,84824.8397319116
349,2015,"09433079","g_u_vre",12.0995104456096,12,80729.7448544808,NA,245009.612593424,37883.3775406343
349,2016,"08423589","____vr_",30.8532591239667,12,NA,NA,966125.286048017,NA
349,2017,"09120823","_k__vr_",46513.5298513049,13,NA,-111111.225890082,261971.984754305,NA
349,2018,"06844671","__up_r_",4.7953907812787,20,NA,NA,NA,NA
349,2019,"14911591","__up_r_",276.550118442226,13,NA,NA,NA,NA
350,2013,"04834493","____vre",111.947496119905,14,NA,NA,68692.7462805362,51268.3422207189
350,2014,"07688556","____vr_",169.45399968142,14,NA,NA,341040.901706321,NA
350,2015,"04767330","____vr_",1.28702237825634,16,NA,NA,891786.723090129,NA
350,2016,"15741689","__up_r_",127.479864436823,15,NA,NA,NA,NA
350,2017,"07883520","__upvr_",690.601001341702,19,NA,NA,246692.124831719,NA
350,2018,"05230898","__u_vr_",115.36222520102,20,NA,NA,26232.0992615322,NA
350,2019,"05982804","g____r_",2.28252885428168,15,232262.548951643,NA,NA,NA
351,2013,"04844305","gk__vr_",115.573640647435,9,1918.65336676918,-193607.175074945,73078.8634936929,NA
351,2014,"09043381","_____re",16.1831487678559,20,NA,NA,NA,127173.126570975
351,2015,"07612365","__up_r_",238.213156525666,19,NA,NA,NA,NA
351,2016,"07949814","g_u_vre",3.07666952887884,22,157887.75089397,NA,1246098.91906523,236700.339386953
351,2017,"08989736","__u_vr_",34.3687160180419,13,NA,NA,980809.738874943,NA
351,2018,"05616235","____vre",9890.95054941984,11,NA,NA,413774.129187381,64173.6699704743
351,2019,"09312929","__upvre",29.9071842799648,17,NA,NA,454591.55152932,30058.5658964763
352,2013,"14368234","____vr_",8.96750360247345,20,NA,NA,611038.496051342,NA
352,2014,"14664643","____vre",34.969754368024,19,NA,NA,48984.5556680804,3235899.09320333
352,2015,"08003578","____vre",29.7605678976202,16,NA,NA,68730.0366280826,56347.2224613279
352,2016,"05038300","____vr_",115.855934310637,14,NA,NA,5479.18654713142,NA
352,2017,"08183695","g_u_vr_",1402.19435689518,15,-111291.567169543,NA,620.308102910447,NA
352,2018,"07554738","__u__re",3.1277195982452,16,NA,NA,NA,117683.414779041
352,2019,"07842832","g___vr_",17656.9329287845,17,-8732.75596569223,NA,292017.615526081,NA
353,2013,"09467266","__u_vre",26.2447498746764,9,NA,NA,67072.4371915532,420232.549522198
353,2014,"07050680","g___vr_",15.6455445159819,10,301160.930310291,NA,64596.9920919904,NA
353,2015,"11792037","__u_vre",128.625532395117,20,NA,NA,672269.198946457,12027.349848314
353,2016,"04502890","_k___re",4386.53565047859,16,NA,48025.4551893563,NA,663138.298355789
353,2017,"07166664","g____re",477.433732108626,15,-22328.9105179593,NA,NA,61606.6461184925
353,2018,"12302908","_____r_",16.6002250661651,16,NA,NA,NA,NA
353,2019,"02121439","____vr_",412.853717776245,13,NA,NA,11981.6312223404,NA
354,2013,"01691654","____vre",38.4852677773892,11,NA,NA,25595.0784021535,51535.3238064283
354,2014,"04982646","g___vr_",102.377361445846,22,57198.4114686046,NA,633883.591449534,NA
354,2015,"16010227","__up_r_",28.3611786336392,17,NA,NA,NA,NA
354,2016,"07474794","____vre",5.77111160212377,17,NA,NA,90534.542569953,45575.4972340259
354,2017,"05680527","___pvre",153.935354062599,16,NA,NA,232290.783881209,120516.76400012
354,2018,"08744071","__u_vre",778.780231329862,22,NA,NA,20885.0764912466,23721.8960391035
354,2019,"05957420","g___vre",88.5900922337761,11,65989.6639909059,NA,46009.0877743559,45916.4929926966
355,2013,"04983475","____vre",772.580129869811,14,NA,NA,786733.421852966,485118.209463477
355,2014,"12746065","g__pvre",818.269151913153,7,177881.210820081,NA,9673.52762944657,731406.556977328
355,2015,"01056676","____vr_",25.9075936929882,19,NA,NA,41516.3410322111,NA
355,2016,"10652775","g___vre",71.6869242676999,19,150848.841686388,NA,711896.940328597,14591.8395317248
355,2017,"05920077","g___vre",24.6001296597199,14,85845.8080228206,NA,486126.182876121,11452.5534111751
355,2018,"04406483","__u_vr_",80.3311672965856,21,NA,NA,48583.5664220426,NA
355,2019,"07993676","____vr_",487.582125931781,14,NA,NA,43006.7023674341,NA
356,2013,"05348751","_____r_",134.611141948998,13,NA,NA,NA,NA
356,2014,"04726625","_k___re",172.759131539956,15,NA,-47411.6228545886,NA,43055.149902516
356,2015,"09207784","_____r_",1217.31048685592,5,NA,NA,NA,NA
356,2016,"04852912","__u__re",2922.70727740484,14,NA,NA,NA,69900.1432647784
356,2017,"05923746","gk_pvre",91.3401754373058,13,179590.902764045,192251.938359986,71833.8601476888,29016.5874370327
356,2018,"15700257","___pvre",17.3478697560021,9,NA,NA,6633.18475825796,82289.2673439815
356,2019,"09736688","____vre",17.9275458864573,17,NA,NA,284908.573542501,581696.161744814
357,2013,"16966872","_kupvre",739.063121718671,9,NA,173285.829411699,194192.408704892,13726.9808094492
357,2014,"06897060","_____r_",5.66156009401485,11,NA,NA,NA,NA
357,2015,"02677740","g___vr_",53.4557177864278,13,83759.1059950676,NA,26622.4882186975,NA
357,2016,"05760331","__u__re",511.70588375872,17,NA,NA,NA,48965.6858797084
357,2017,"07556555","__u_vre",6.83706122494707,13,NA,NA,150411.457756338,27884.9039072357
357,2018,"04517277","____vr_",61.6456287667146,14,NA,NA,168220.349228592,NA
357,2019,"07708173","__u_vr_",186.63545902822,15,NA,NA,123785.48967875,NA
358,2013,"01773424","gk___r_",162.025035304052,10,80900.7260080086,44553.1572509018,NA,NA
358,2014,"05053237","g___vre",1336.65397140976,7,7882.42003183538,NA,66655.0408661327,95220.12323126
358,2015,"02746615","gku_vre",282.666455364961,19,84256.103090035,121839.905896117,990919.935958292,8361.5645565042
358,2016,"04877785","g__pvre",21.4584568889774,13,38492.1478685886,NA,469077.110302194,153442.302511984
358,2017,"07367310","__upvre",280.647156474344,15,NA,NA,777446.09319297,50932.0437717026
358,2018,"06189471","___pvr_",86.9402622563942,14,NA,NA,90719.1687213358,NA
358,2019,"07058646","__u_vre",47.6087421497271,10,NA,NA,14676982.8325409,79158.2681387107
359,2013,"04552214","___p_r_",138.99224882972,4,NA,NA,NA,NA
359,2014,"09261411","_____re",1278.18011980274,15,NA,NA,NA,258987.953996796
359,2015,"05655837","_____re",222.132309737447,10,NA,NA,NA,70061.5431312567
359,2016,"15176536","____vre",435.656655991279,12,NA,NA,1591046.19909175,94357.5904773952
359,2017,"07069404","g___vre",70.6775559257837,20,-109915.564595767,NA,297563.425818028,308463.92704951
359,2018,"12946273","____vr_",1755.39830919504,13,NA,NA,32558.0127389362,NA
359,2019,"15688500","_k__vre",1143.35082097984,11,NA,-3689.96063130663,991678.780786022,997296.955963189
360,2013,"04525603","gk__vre",608.663858406176,10,16488.3412401462,136786.704796055,50001.8069802251,4588.61651583041
360,2014,"05942516","gk__vre",471.493741173727,11,-5547.0685424814,11314.8130814122,30370.6763503245,22148.4123288283
360,2015,"04307038","____vre",9.1167704437947,15,NA,NA,107865.738480285,241868.171987661
360,2016,"07448802","__u_vre",9.55375964566911,14,NA,NA,102416.069487085,37519.3012144783
360,2017,"08127789","_____re",33.9984843148569,12,NA,NA,NA,31290.059066487
360,2018,"09643939","__u_vre",304.026999569187,16,NA,NA,165252.547606759,25345.9270649409
360,2019,"04767810","___pvre",1.35097994169647,12,NA,NA,2002821.2311728,84804.0363280278
361,2013,"13047285","_____re",24.81138533836,12,NA,NA,NA,150407.671040849
361,2014,"05825668","g___vr_",2166.42455516952,19,405782.184999438,NA,48132.7476093158,NA
361,2015,"04011492","____vre",1101.94724508452,18,NA,NA,487412.95975863,108326.80207787
361,2016,"04378395","g__pvr_",6.47319572873271,15,-46013.5266910293,NA,37360.042509067,NA
361,2017,"02845193","g_u__re",448.288777598155,18,45561.1302501898,NA,NA,68535.0192644835
361,2018,"08517471","g____re",398.091830799695,16,197600.262002052,NA,NA,174487.003516633
361,2019,"04077020","_____re",62.0305617990979,13,NA,NA,NA,65589.7094686626
362,2013,"08790408","__u_vre",151.427603743863,12,NA,NA,75002.8750409515,118479.303398132
362,2014,"05016026","_____r_",8.850813490648,13,NA,NA,NA,NA
362,2015,"07124940","____vre",34.6150443146474,9,NA,NA,392338.890283381,25680.7571902291
362,2016,"05889089","__u__re",324.130761892793,9,NA,NA,NA,38229.3019399318
362,2017,"05775454","__u_vre",555.246848449328,16,NA,NA,8985.15236253461,5112.12544705102
362,2018,"07602856","__u_vre",8.58553521772548,17,NA,NA,90426.676228122,17737.9043017264
362,2019,"08672742","g__pvr_",4429.62244193598,15,-17947.2211227791,NA,3466803.19262999,NA
363,2013,"07456330","g____re",717.284301501535,15,-40345.0916316529,NA,NA,985.86246294457
363,2014,"08227341","g___vr_",697.085950962229,13,37376.4355747858,NA,102550.134748531,NA
363,2015,"04102589","__u_vr_",63.3372087847991,13,NA,NA,224596.864822336,NA
363,2016,"13566857","__u__r_",8.39960925329722,18,NA,NA,NA,NA
363,2017,"16432906","g_u__r_",1949.86897835237,16,8389.01491329232,NA,NA,NA
363,2018,"05642397","g___vre",4169.20066005246,9,-132005.128355508,NA,10901.0414326613,493968.34966553
363,2019,"08807256","_____re",81.270167305683,17,NA,NA,NA,13259.2345215009
364,2013,"05219758","__u_vre",63.3602608301247,8,NA,NA,1283456.31938204,104566.035892553
364,2014,"07041762","_ku__r_",517.488092602323,19,NA,221350.283189187,NA,NA
364,2015,"09074966","_____r_",29.8061240263957,16,NA,NA,NA,NA
364,2016,"04790867","____vr_",2771.71062900726,13,NA,NA,192234.007799728,NA
364,2017,"05159589","g_u_vre",27.8825805888582,18,96838.0741704397,NA,3697698.01051514,63343.2554994724
364,2018,"05038887","_kupvr_",83.2875305014941,12,NA,185976.974827869,1048166.78142339,NA
364,2019,"06520521","__u_vr_",12.8536724836225,13,NA,NA,296605.678311801,NA
365,2013,"05557718","__u_vre",1107.57823295066,14,NA,NA,687677.640996167,7365.48624993594
365,2014,"15692290","g__pvre",242.630674902159,13,-66614.6459016495,NA,561800.4158387,1768.24432596933
365,2015,"08613166","g___vre",1877.88507655456,16,-26447.516998447,NA,146591.791894891,11320.7214845557
365,2016,"09117708","g___vre",5971.68841329031,10,50758.6919892481,NA,99090.8224482766,136310.37155541
365,2017,"07959911","____vre",631.05102155925,15,NA,NA,131790.048226184,229532.669045931
365,2018,"04373496","g____r_",1823.33180821539,16,38925.0512131367,NA,NA,NA
365,2019,"11637346","g_u_vre",438.313026221,13,-99816.8938709454,NA,2055131.74450942,105660.453018795
366,2013,"08652750","g___vr_",401.187038736076,12,43814.2024273481,NA,101899.731610174,NA
366,2014,"08327060","__u_vre",654.572533609998,18,NA,NA,13451.342091711,55156.499401601
366,2015,"08404785","g____re",58.8695180803796,17,186532.287633881,NA,NA,15523.8152397731
366,2016,"12052174","g_u_vre",53.5828563184757,13,-166103.244820534,NA,172142.894614377,135231.968059284
366,2017,"01374495","g_u_vre",111.020974645837,18,-152061.527904161,NA,251073.348919765,193282.647352135
366,2018,"07040332","_k__vr_",2883.79287521474,16,NA,-62633.0849663379,499533.24173763,NA
366,2019,"04059201","g_u_vr_",1580.03557312163,18,-24022.1840409465,NA,97642.1303331063,NA
367,2013,"04373194","g_u__re",404.299587369834,11,174037.559430448,NA,NA,2502.2047349873
367,2014,"07460587","g__pvre",1278.77737002636,17,-3336.58482668591,NA,121681.462823875,253271.388120594
367,2015,"08040596","__u_vre",2746.83570879928,13,NA,NA,221966.025145798,16577.9120528519
367,2016,"09554851","____vre",59.3168565110276,13,NA,NA,320854.618702532,21113.59343197
367,2017,"09377903","__u_vr_",213.723736602216,14,NA,NA,425573.009664157,NA
367,2018,"14368433","____vr_",236.145801244544,12,NA,NA,2604357.13107843,NA
367,2019,"04040353","g___vr_",414.564988169111,14,145746.673515204,NA,48587.6262343876,NA
368,2013,"04598470","g_u_vre",155.943226851614,12,243512.426151633,NA,124646.742973803,5618.28580507993
368,2014,"07702777","_____re",2150.72729126091,11,NA,NA,NA,165601.194804964
368,2015,"04807447","g___vr_",10.3780154766161,12,-75589.0958992686,NA,117903.172137611,NA
368,2016,"13275242","____vre",249.953354609333,19,NA,NA,3922677.20326435,15120.9258209771
368,2017,"10197779","__u_vr_",5.6231735272003,19,NA,NA,521898.62875537,NA
368,2018,"05904085","g____r_",1.37143113351244,10,99270.6557110145,NA,NA,NA
368,2019,"07717206","____vr_",734.699654076549,11,NA,NA,2440780.84295949,NA
369,2013,"02422738","_ku_vr_",84.0191661464465,13,NA,-94204.0263076096,127869.586148821,NA
369,2014,"05657297","g___vr_",228.204636451148,21,148403.711238881,NA,6405.48842430792,NA
369,2015,"07354275","____vr_",166.170829559283,16,NA,NA,53414.0313406141,NA
369,2016,"05545599","__u_vre",31.4074691704989,20,NA,NA,1034209.77403337,53834.2141034925
369,2017,"02241308","g___vr_",3627.04793238332,15,174668.802698732,NA,128143.089219462,NA
369,2018,"12646561","____vre",4.84125032826745,10,NA,NA,176765.457997984,388315.829446636
369,2019,"05578291","___pvr_",474.651630734006,13,NA,NA,153329.422854768,NA
370,2013,"09414936","__upvr_",14.9034025244638,15,NA,NA,30692.504622191,NA
370,2014,"07613467","_____r_",2.39840773112909,20,NA,NA,NA,NA
370,2015,"09796089","__u_vre",14.8798864130453,15,NA,NA,101189.239938836,128048.890721144
370,2016,"09878370","g___vre",124.363308245426,20,120395.952576517,NA,222860.610452579,19136.2688705375
370,2017,"15849507","_k___re",2347.10750051707,14,NA,36828.587091412,NA,85119.9224432586
370,2018,"07277869","g_up_re",12.7062479790288,9,-110843.0503382,NA,NA,25027.0791267243
370,2019,"11970160","g_up_re",1226.93043275353,13,141112.186317172,NA,NA,57246.7109680202
371,2013,"14636714","g_u__re",362.056966713492,11,-10395.6483792809,NA,NA,99060.8455822519
371,2014,"01770313","gk___r_",6.66661054002707,18,-69005.6846660536,83981.6690903521,NA,NA
371,2015,"07123701","____vr_",5500.90435320501,20,NA,NA,1445000.09419637,NA
371,2016,"05872577","g____r_",203.288889937512,18,297017.996694019,NA,NA,NA
371,2017,"15874344","_____r_",243.780068698157,16,NA,NA,NA,NA
371,2018,"04803759","g____re",962.182922918638,17,53649.4610147344,NA,NA,801015.18653998
371,2019,"08307410","g___vr_",6777.24319939978,12,109305.399392741,NA,86915.9125376604,NA
372,2013,"05167924","____vre",37.7702552263042,17,NA,NA,10615.501964931,140653.575695514
372,2014,"01842846","g___vr_",1148.47168029564,15,174431.097995457,NA,72616.2102617835,NA
372,2015,"16655571","g__p_re",211.4325405203,25,21691.834835766,NA,NA,125803.669332952
372,2016,"05841991","____vr_",115.057928511233,20,NA,NA,1693586.88740754,NA
372,2017,"04467427","____vr_",569.661132887583,9,NA,NA,2727498.39059321,NA
372,2018,"04304390","____vr_",25.2103516886948,10,NA,NA,680304.665415286,NA
372,2019,"05585440","_____re",3687.74069951334,17,NA,NA,NA,125071.563939234
373,2013,"16102861","g____r_",424.811791185052,14,-35025.842944457,NA,NA,NA
373,2014,"07024053","g_upvr_",119.125252925798,18,-39575.8096154819,NA,187940.061662403,NA
373,2015,"09963860","__u_vre",14.5561344193284,17,NA,NA,12052.3872717111,11042.5877955952
373,2016,"04496677","____vr_",29.9463548676543,20,NA,NA,9164.9023828899,NA
373,2017,"07703500","g___vre",21.272777977733,15,76971.8502110659,NA,519854.422611258,312408.171911867
373,2018,"12106482","__u__re",1262.66915535735,14,NA,NA,NA,47129.9714277043
373,2019,"07204333","g_u_vr_",815.229402198255,10,-106009.055647577,NA,30998.3718647851,NA
374,2013,"04515613","g_up_re",99.7604105088319,18,42555.1178199583,NA,NA,13437.8747363651
374,2014,"01025276","____vre",4.9183409288498,15,NA,NA,188106.14421145,6011.70544902742
374,2015,"13961669","__upvre",126.605155732813,28,NA,NA,124004.731245073,850765.473280828
374,2016,"07132384","____vre",4396.39249443839,9,NA,NA,29378.1596265189,1121688.99251609
374,2017,"09484432","___p_r_",44.0860971456318,15,NA,NA,NA,NA
374,2018,"07261502","_____re",313.829456924156,16,NA,NA,NA,57056.8020197155
374,2019,"05794682","g_u_vr_",164.519239345844,14,185088.966862635,NA,840720.233020907,NA
375,2013,"05521053","__u__re",393.711481330566,20,NA,NA,NA,2771.22202088708
375,2014,"05987611","__u_vre",146.497233891055,14,NA,NA,14695.950852273,14385.4217988642
375,2015,"06247323","g_u__re",1296.10289961547,16,75917.6626490284,NA,NA,7998.23262574092
375,2016,"04554311","_____r_",6.48282650659246,19,NA,NA,NA,NA
375,2017,"01159508","_____r_",753.481941086557,14,NA,NA,NA,NA
375,2018,"04075523","__upvr_",3217.58872354547,16,NA,NA,27883.9086712966,NA
375,2019,"12809405","__u_vre",3379.24790752403,8,NA,NA,270851.676643036,32704.7433012868
376,2013,"04890014","g____re",2.08536993477661,21,-205481.959522522,NA,NA,131489.718412719
376,2014,"05694886","g____r_",584.695471788223,17,-7500.09416875688,NA,NA,NA
376,2015,"09811726","gk_pvre",4931.03346798996,14,14565.4814152084,266521.705347842,145177.434325456,352428.106111025
376,2016,"07251871","g____re",703.570890576548,10,14142.0847276872,NA,NA,16843.4929258701
376,2017,"04972460","g___vr_",49.5398933314203,8,-74432.4576369334,NA,160122.529906774,NA
376,2018,"04704152","__upvre",142.927732516862,10,NA,NA,93286.0922355141,326407.734049987
376,2019,"05839301","____vre",1387.45332056271,17,NA,NA,942312.229063515,3117618.52105309
377,2013,"05572810","g___vre",488.187056556396,16,29719.5014804002,NA,139776.850368256,20474.6824269304
377,2014,"02460559","g_u_vre",104.733345861361,13,77491.6344599117,NA,122180.501007969,18783.2952680433
377,2015,"01439839","g___vre",505.70805660307,15,26700.6623629595,NA,76533.5688593799,31696.1619235496
377,2016,"06312008","_____re",631.003084491807,13,NA,NA,NA,8964.01094652309
377,2017,"15627610","____vre",3.72127827651121,16,NA,NA,14803.0262769149,90681.9194526245
377,2018,"03961673","g___vr_",629.068459489563,16,24503.0132054612,NA,1782555.22392217,NA
377,2019,"04731898","____vre",18.3285679552118,16,NA,NA,150747.91496791,170467.780628686
378,2013,"01546262","_____r_",2092.93584455618,18,NA,NA,NA,NA
378,2014,"07130830","___pvr_",90.6502979505485,18,NA,NA,231854.890109417,NA
378,2015,"04533197","_k__vr_",209.420137288617,22,NA,98831.9954739565,31035.4547147829,NA
378,2016,"06618545","___p_r_",1.66649811165248,16,NA,NA,NA,NA
378,2017,"07682316","____vre",168.833742784027,15,NA,NA,749693.885806175,62235.8852244526
378,2018,"05119937","____vre",18.1010012355384,13,NA,NA,288205.700729577,32050.8405387339
378,2019,"05869942","_ku_vre",2524.67651628253,20,NA,90344.6472325177,167575.786561353,2373.46856589137
379,2013,"01548984","g___vr_",53.1779366131283,17,10121.5305465488,NA,69226.0524622612,NA
379,2014,"12230173","g____r_",56.5887554958726,13,85441.6281187774,NA,NA,NA
379,2015,"04683013","g_upvre",2122.42472287733,8,-218924.176368988,NA,546743.646479129,104991.004244992
379,2016,"05893158","g____r_",186.752321440708,20,239820.233929807,NA,NA,NA
379,2017,"07759739","____vre",1025.41037832606,11,NA,NA,24145.3228713844,5841.41489433419
379,2018,"05595431","_ku_vre",4699.54102686741,11,NA,24522.6467938233,465597.766823347,249112.480645737
379,2019,"04019382","g____re",851.576911612528,16,26165.071736906,NA,NA,27647.1141034642
380,2013,"02295502","g___vre",368.064493466395,15,-21343.3154169547,NA,205705.937924827,1369299.52651344
380,2014,"16058839","__u_vr_",32.3902367687173,17,NA,NA,2908785.51506128,NA
380,2015,"03603148","____vre",161.994411733823,17,NA,NA,84519.7584595556,701420.987313944
380,2016,"05629650","g_u__re",1389.29489296072,20,106208.919529,NA,NA,265807.564927995
380,2017,"08091608","g_u_vre",42.8336263302542,10,-33105.9399500202,NA,92688.2923045777,109470.910362668
380,2018,"10898134","_k__vre",57.2458750568535,15,NA,-46.3978163182837,38360.1291994022,8630.21223931121
380,2019,"06381567","____vr_",77.5446241607617,18,NA,NA,477721.846754241,NA
381,2013,"11714364","____vre",29.4337201410885,18,NA,NA,281429.172938941,51999.8064204135
381,2014,"05691578","__u_vre",4.22232775768553,16,NA,NA,154586.383128766,9858.26203632181
381,2015,"05609082","____vre",1045.10222607842,14,NA,NA,19557.2291554844,448179.066587059
381,2016,"10676929","_k___re",1966.8359558135,11,NA,39628.2982796461,NA,152317.678806316
381,2017,"05571269","___pvr_",70.6549845852569,15,NA,NA,276947.395382563,NA
381,2018,"04472038","___p_re",24.5929884259319,18,NA,NA,NA,71703.8347638302
381,2019,"14178094","___pvr_",18049.0774978397,12,NA,NA,266155.838373703,NA
382,2013,"05390319","__u_vr_",274.304107748141,18,NA,NA,66819.703770638,NA
382,2014,"05109551","g___vr_",16.010190464096,15,-17657.2946056236,NA,12515.2595877599,NA
382,2015,"04404917","g__pvr_",1515.67834972684,16,99070.3329414509,NA,787428.55333628,NA
382,2016,"04786409","__u_vre",431.492786651031,10,NA,NA,87309.5715729586,74276.4508436921
382,2017,"07273452","____vr_",383.90016521301,17,NA,NA,568796.594556874,NA
382,2018,"04067092","g____re",32.4620834937588,21,136537.038802565,NA,NA,1117.85678773114
382,2019,"05359036","____vr_",40.5973848829858,14,NA,NA,149462.887408868,NA
383,2013,"04338545","___pvr_",8.67375489441683,11,NA,NA,13024.4107245331,NA
383,2014,"08570821","__u_vr_",451.904985485844,15,NA,NA,1113497.41858713,NA
383,2015,"01780671","____vr_",79.6291302380497,9,NA,NA,497400.677511968,NA
383,2016,"08083565","____vre",438.163536155385,14,NA,NA,18685.9841348247,15356.0447367101
383,2017,"04322281","g___vr_",703.777228460879,12,45914.7375540448,NA,102260.246175762,NA
383,2018,"02648263","gk__vr_",102.71500514619,18,-12405.0595243202,-64770.410884288,565546.568527925,NA
383,2019,"08476412","____vr_",400.980471938948,18,NA,NA,192728.318678943,NA
384,2013,"16212932","g____re",2117.70076969989,19,139540.261237331,NA,NA,70526.4326600804
384,2014,"01740932","__u_vr_",37.635220473788,16,NA,NA,65832.0193354893,NA
384,2015,"09524107","__u_vre",148.074540413362,14,NA,NA,57123.607892229,91734.4201925144
384,2016,"05194190","__u_vr_",3792.21989169036,14,NA,NA,77256.9710975603,NA
384,2017,"01637248","g_u_vre",41.9445929520132,11,198874.692080614,NA,6118.02932367889,78896.8388885271
384,2018,"04459398","g____r_",274.004400083181,16,-45215.8271826067,NA,NA,NA
384,2019,"05228080","g_up_r_",300.273212877924,14,-70446.9081455402,NA,NA,NA
385,2013,"12008306","____vr_",49.8229082224066,21,NA,NA,364258.419933556,NA
385,2014,"13262444","g___vre",25.4166037471824,8,57271.4438673,NA,16095.7444320971,11307.4014394057
385,2015,"04816781","____vr_",29.1237588322441,19,NA,NA,243834.015685514,NA
385,2016,"05042090","__u_vre",236.801043399673,13,NA,NA,1418351.18502567,10022.0863090323
385,2017,"05824035","g___vr_",119.804342261909,15,-195112.031626894,NA,111098.399746316,NA
385,2018,"07607869","gk___re",600.311900929513,16,151942.316954594,46246.8428239461,NA,845867.805557737
385,2019,"05888797","__u_vr_",28.7453198922818,15,NA,NA,483250.046039778,NA
386,2013,"05937560","___pvre",1646.145879663,11,NA,NA,115897.478164297,42395.4284427867
386,2014,"12671541","g___vr_",8.17056295411661,14,-63416.00997131,NA,201745.907217983,NA
386,2015,"04854584","____vr_",9.82154406131399,13,NA,NA,296726.90463019,NA
386,2016,"04495983","__u_vr_",20.2890408819295,12,NA,NA,115744.343046261,NA
386,2017,"03016849","g_u_vr_",1610.17467260654,14,24591.5620844473,NA,443333.555233758,NA
386,2018,"04921732","g___vr_",1356.23214313541,12,47969.9367049754,NA,80264.9192138132,NA
386,2019,"09752048","g_u__r_",6.81065027821072,16,44879.9348778217,NA,NA,NA
387,2013,"07763292","_____re",366.66588827461,16,NA,NA,NA,194968.357869498
387,2014,"04188575","g___vr_",242.075468385529,10,94080.5876057587,NA,300945.13348522,NA
387,2015,"01108684","__u_vr_",53.6236380152719,16,NA,NA,625463.178312363,NA
387,2016,"01199208","__u__re",246.195635374402,18,NA,NA,NA,50818.0654701434
387,2017,"04572332","____vre",816.959570326445,16,NA,NA,43274.5082808078,59589.0902583458
387,2018,"04753944","__u_vr_",160.777956364603,17,NA,NA,59623.9621821202,NA
387,2019,"09803340","g__p_re",213.01061839505,8,147785.811816803,NA,NA,348561.605438908
388,2013,"14370582","g___vre",21.9967937625802,15,55610.7546356414,NA,2559924.94615947,55763.0082959679
388,2014,"14238532","g_u__re",4213.19867997131,17,135954.047494694,NA,NA,41023.7636314795
388,2015,"07778715","g_upvre",116.004301769676,17,100291.592508052,NA,8471097.07569396,23680.8205659557
388,2016,"05298913","g___vre",4.75598455609669,9,3301.07142832838,NA,12091.5992860245,84482.4043797136
388,2017,"05445795","____vre",16.6533500926323,12,NA,NA,283824.560570835,11793.6934227161
388,2018,"07629137","___p_re",46.3883712933619,19,NA,NA,NA,201221.732451523
388,2019,"02835698","____vre",307.194814710735,25,NA,NA,376040.860694712,174507.026513761
389,2013,"04251085","____vr_",135.207436698646,13,NA,NA,55686.4444320996,NA
389,2014,"07082151","g__pvr_",755.363347289942,12,120098.729973793,NA,30132.3673142664,NA
389,2015,"09362865","__u__r_",1013.11489574671,16,NA,NA,NA,NA
389,2016,"07516564","____vre",859.729463899291,16,NA,NA,458534.515200931,31428.168209062
389,2017,"05966302","_____re",12.6098429448814,26,NA,NA,NA,38308.0322132615
389,2018,"05328668","_ku__r_",54.0999090182716,21,NA,147483.467237404,NA,NA
389,2019,"02764149","____vr_",572.170749400139,12,NA,NA,34921.9576661825,NA
390,2013,"02756043","g___vre",34.6305340800607,17,-13676.6463232261,NA,258677.540941077,507294.844680838
390,2014,"11647410","____vr_",117.81913964644,12,NA,NA,6247.17191995956,NA
390,2015,"05347475","__u__r_",385.527287338204,19,NA,NA,NA,NA
390,2016,"05123622","____vr_",1610.84605135076,12,NA,NA,22079.9097336143,NA
390,2017,"09401406","____vr_",6054.10886426112,16,NA,NA,1366564.63750411,NA
390,2018,"04955368","g___vr_",1499.81285434016,16,-109200.604787477,NA,96722.8872886868,NA
390,2019,"10985187","g___vr_",1637.43098564279,11,259120.138981703,NA,83901.9155102435,NA
391,2013,"05293106","g____re",362.50238804024,15,-93888.8115545432,NA,NA,15557.492808467
391,2014,"02031118","___pvr_",1.25533396761614,13,NA,NA,586719.780645426,NA
391,2015,"07469125","__u_vr_",36.5325838120904,12,NA,NA,1179478.56129064,NA
391,2016,"16829578","____vre",47.9888081837801,10,NA,NA,97698.7235175132,234340.919895292
391,2017,"04652719","g___vr_",440.11245050989,6,82627.3391814197,NA,202903.124250239,NA
391,2018,"15972155","____vre",466.519797437264,19,NA,NA,1938371.84999486,29259.4429712291
391,2019,"08122029","_ku_vr_",21.2666406936378,17,NA,170027.511906338,4598259.81823777,NA
392,2013,"09560332","g___vr_",158.489040134379,15,113703.812130275,NA,97657.1486073502,NA
392,2014,"05945525","__upvre",3.29212193025277,14,NA,NA,683923.441566077,56423.7100757
392,2015,"07975621","g_upvre",114.739458417298,16,-71429.8130297114,NA,665870.9127746,72199.361114249
392,2016,"08823035","_k___r_",1963.03367502488,18,NA,-35560.1117118792,NA,NA
392,2017,"05738427","__u_vre",1837.30754972055,20,NA,NA,8701.80396226159,39652.5904370245
392,2018,"07323580","g___vre",8.15644167311245,14,-94927.8559498704,NA,243328.115734581,3160.8126301625
392,2019,"08457509","g___vr_",1.79228063468392,16,143477.131303883,NA,241284.690593538,NA
393,2013,"05928753","____vre",7207.42852414382,20,NA,NA,1142926.02584854,200685.362602714
393,2014,"14736089","g___vre",158.797673307409,13,214443.929318296,NA,11873.2978945328,61229.5329686269
393,2015,"08561730","_ku__r_",5405.45239911537,21,NA,-72642.4056784566,NA,NA
393,2016,"05738623","g_u__r_",416.795584488937,9,20328.0900836754,NA,NA,NA
393,2017,"07312938","__u__r_",7.91612785496634,10,NA,NA,NA,NA
393,2018,"12756065","g___vr_",14.2345581585122,13,110929.732514159,NA,758965.28684212,NA
393,2019,"07771895","___pvr_",124.008547818642,7,NA,NA,69252.3647464301,NA
394,2013,"04957141","gk__vr_",106.939218414574,21,177891.284348483,197543.215483919,94753.8334254497,NA
394,2014,"07902082","g_u_vre",495.947678223906,14,-137909.614377592,NA,23611.1219001619,272677.086125088
394,2015,"09665013","g___vr_",610.40201832998,16,27584.1915806653,NA,751126.902917659,NA
394,2016,"09330629","g___vre",205.676639014349,13,72037.1555809314,NA,20921.4609592641,19438.3018190481
394,2017,"07408540","__u_vr_",64.2788816842345,14,NA,NA,214165.262764915,NA
394,2018,"09681857","_____re",9.39936035815534,17,NA,NA,NA,35790.1850507085
394,2019,"04397211","____vr_",49.5417114630498,17,NA,NA,13006.8426107218,NA
395,2013,"04742305","g_u__r_",160.629236477543,17,45499.1730215655,NA,NA,NA
395,2014,"05931152","_____re",4.46981561640502,14,NA,NA,NA,70197.7053065259
395,2015,"16032897","____vre",4.56234239192067,14,NA,NA,2826878.11559745,34934.8908886895
395,2016,"07443962","__u__re",100.237135619346,17,NA,NA,NA,15615.9479944025
395,2017,"07017117","____vr_",4.39621923655299,22,NA,NA,107232.018297435,NA
395,2018,"05735362","__upvre",1005.0050482285,20,NA,NA,131375.895486376,18376.0926994256
395,2019,"07919546","___pvr_",3.56767910065898,14,NA,NA,87328.1662140518,NA
396,2013,"04241926","____vr_",124.519749876457,16,NA,NA,30297.7780961453,NA
396,2014,"10255237","gkupvr_",11.9744065654964,13,254950.738879839,104267.552014036,36908.6722944304,NA
396,2015,"12572754","__u_vre",1365.15587742968,16,NA,NA,41842.6828745616,44822.2702328974
396,2016,"10224042","____vr_",919.683021953362,22,NA,NA,33421.0120678,NA
396,2017,"06815405","g_u_vr_",24.6124668623864,23,-48137.0997872402,NA,103118.870382782,NA
396,2018,"04269329","_k__vr_",335.360152418184,13,NA,-20151.9621185588,32440.3648407095,NA
396,2019,"12249532","____vr_",7.72439871262505,11,NA,NA,117035.40449525,NA
397,2013,"05787053","___pvre",57.8505093394192,17,NA,NA,1195528.79341632,24601.0468352686
397,2014,"04611505","____vre",246.823133878918,8,NA,NA,291843.517710419,281821.614313291
397,2015,"04349597","_k__vr_",9.90471540880374,10,NA,59430.9537125716,33039.8232651557,NA
397,2016,"08310693","gk__vre",8076.7769489278,11,83164.3174411196,146992.965596271,116239.525698444,24904.8863888182
397,2017,"05736527","____vr_",39.5341611348745,14,NA,NA,100656.235056172,NA
397,2018,"08647933","__u__r_",191.447736343423,16,NA,NA,NA,NA
397,2019,"05856464","g_u_vre",614.051509000579,13,33835.0545799754,NA,227965.153958344,19628.5090648449
398,2013,"09610844","_____r_",202.906134983371,11,NA,NA,NA,NA
398,2014,"08612995","_____re",59.5901990017436,10,NA,NA,NA,17601.6146800663
398,2015,"07689271","_k__vre",111.689713577317,17,NA,191807.266551082,91699.5215571157,7512.46320065323
398,2016,"07751982","____vre",481.378164244216,11,NA,NA,1084261.1284132,177405.276485407
398,2017,"05285274","_k__vre",430.077175317545,15,NA,-47201.8821906643,27720.0554997077,103706.826599505
398,2018,"14452786","gk__vre",84.0787785669343,18,200057.053112708,45685.0923396323,64371.9161326946,226890.709942381
398,2019,"14386928","g_u_vre",291.307731909948,19,-15636.9009078939,NA,13118.3952884946,28398.2031501705
399,2013,"07106571","___pvr_",693.294294385721,13,NA,NA,11331.1384825976,NA
399,2014,"04112312","____vre",150.762105255153,15,NA,NA,1228251.07105145,11810.5576510151
399,2015,"09816136","g___vre",39.2618061601708,21,623.674438970564,NA,571668.579342473,329125.824023127
399,2016,"05718263","__u_vre",358.280238119171,21,NA,NA,44649.7671119348,1458366.26357176
399,2017,"04888353","g___vre",1822.98762378672,16,135067.892761701,NA,27839.9770477542,4320.49119548214
399,2018,"08354400","____vr_",16.7704237037752,18,NA,NA,251195.756673398,NA
399,2019,"05211646","g___vr_",220.617869973682,17,143600.389513745,NA,47264.6305179425,NA
400,2013,"07871403","g___vr_",36.0041022738621,14,208306.643528682,NA,106787.50497457,NA
400,2014,"01181782","gk___r_",5346.62561446597,18,137522.032422372,-165957.617558614,NA,NA
400,2015,"04562033","____vre",2.07188167538253,21,NA,NA,2165187.92413129,377989.100230509
400,2016,"01707198","_____r_",3815.55705999219,14,NA,NA,NA,NA
400,2017,"05996835","gk__vre",7.14455594965455,8,51546.8853937822,160398.678855117,149155.300923226,22365.6954442272
400,2018,"05230141","g___vre",78.2872339182645,13,-112124.75310795,NA,92187.6556747735,55775.6599847975
400,2019,"04449936","g_u_vre",13.1309861787795,15,41608.0275128115,NA,570095.718694872,6025.02591585852
401,2013,"12498751","____vr_",12.2023954841981,13,NA,NA,11286.8256530105,NA
401,2014,"10634818","g_u__r_",116.417862997699,14,-27225.5575692371,NA,NA,NA
401,2015,"05666341","__u__re",86.0666713245921,15,NA,NA,NA,11776.5174775458
401,2016,"10249476","__u__re",73.6651915838173,12,NA,NA,NA,219039.466560311
401,2017,"07401091","____vre",16.2110414731442,17,NA,NA,107315.857678084,193895.910147752
401,2018,"04939357","____vr_",4.67857406074563,15,NA,NA,50889.4396969681,NA
401,2019,"04059624","____vr_",70.5565522404677,18,NA,NA,116862.073377536,NA
402,2013,"05692935","____vre",417.671785626342,17,NA,NA,296108.068366088,25001.6530843132
402,2014,"07237522","g_u__re",460.607314245132,21,-121809.790833917,NA,NA,10305.9284098462
402,2015,"05371392","__up_re",161.958724943649,22,NA,NA,NA,253066.518938359
402,2016,"16701837","g____r_",212.567310811346,9,5120.05888556057,NA,NA,NA
402,2017,"08553629","g_u_vre",138.132328263098,12,84166.3830118968,NA,7670.8766691647,11036.503107912
402,2018,"05038940","__u_vre",419.617879811515,13,NA,NA,2815940.72653879,84691.9561352871
402,2019,"15266814","g_u_vr_",5.10940467027299,10,67302.4795937496,NA,48478.291705778,NA
403,2013,"07622546","g____re",8.78814570953585,14,-219.219160590612,NA,NA,115916.242456042
403,2014,"05324800","g_u_vre",44.3286716858111,13,4317.38593399664,NA,4930865.57152256,45669.0454387696
403,2015,"03115523","_____re",2074.10719313213,16,NA,NA,NA,6608.46450085783
403,2016,"02279214","____vr_",423.044780582626,19,NA,NA,250295.43162428,NA
403,2017,"05112379","g___vre",16.0651971132298,12,45764.1656905606,NA,13211.3043536333,300522.695588462
403,2018,"16346698","___p_r_",1390.40360544157,16,NA,NA,NA,NA
403,2019,"04056841","g___vre",431.788040314404,10,-4625.52120266122,NA,191397.842243774,79584.0000680126
404,2013,"09256522","g_upvre",5692.79160601354,18,196700.573901714,NA,37191.1323054109,70484.8219536855
404,2014,"07534431","____vre",303.066655394027,17,NA,NA,986237.183347509,328179.162823388
404,2015,"07104395","____vre",6.50746872769044,17,NA,NA,636293.325748581,10260.0260314671
404,2016,"08235717","g_u_vre",4.80435184662276,12,65032.8252512687,NA,475731.57281588,8434.92510140595
404,2017,"16928350","____vre",278.888490432098,15,NA,NA,30779.7773581328,42656.4780746512
404,2018,"04252566","____vre",764.815190127792,13,NA,NA,99633.9381471503,30554.5889191197
404,2019,"04176389","_kupvre",16.1707136244363,12,NA,65897.5955565252,501372.974145179,516589.986300763
405,2013,"07496178","__u_vr_",23.1713810544979,17,NA,NA,38207.4889268316,NA
405,2014,"04987051","____vre",300.334339994372,14,NA,NA,457392.780232473,111237.196806934
405,2015,"16855051","_k__vr_",406.006436005408,21,NA,75184.4762956112,100427.855915809,NA
405,2016,"07112478","g_u_vre",4947.34053688505,22,54712.8809078906,NA,27434.0954000706,1303581.78824632
405,2017,"07094952","____vr_",103.262310389933,17,NA,NA,83673.7678758901,NA
405,2018,"07305517","gk___r_",41.3976870133058,16,27977.4479747179,119662.181247182,NA,NA
405,2019,"08355621","__u_vre",5.04237511201671,14,NA,NA,398169.379612644,414424.202062194
406,2013,"08796110","g_u__re",72.8479256288442,22,108618.6788689,NA,NA,43922.9129533807
406,2014,"09920712","____vre",33.2265300834437,25,NA,NA,97697.8136565803,90212.4097898277
406,2015,"10983096","g_u__r_",71.4831516020475,15,-18066.6010361137,NA,NA,NA
406,2016,"09867165","g____re",40.5822184098301,17,289679.5876417,NA,NA,41115.8560860919
406,2017,"08322339","gk__vr_",759.785308065613,13,-116111.814972585,-82773.0241378176,77019.8336630604,NA
406,2018,"09029447","____vre",9.5006234433731,13,NA,NA,2923.47288628573,78171.582040083
406,2019,"05067157","____vre",19.5708997397758,16,NA,NA,71175.9620808836,24380.3531350656
407,2013,"07989845","_k___r_",10299.3054291511,21,NA,-52980.5288820202,NA,NA
407,2014,"12092083","g____re",970.907897868513,12,122937.740562053,NA,NA,61876.4787637045
407,2015,"04740081","__upvre",3046.90678854476,16,NA,NA,40010.7943548937,266313.61176961
407,2016,"13340522","____vr_",43.1315557611212,14,NA,NA,259222.450909334,NA
407,2017,"07546500","_____r_",242.030465324746,13,NA,NA,NA,NA
407,2018,"05812237","____vr_",15.6151319225378,16,NA,NA,121186.305000101,NA
407,2019,"05511340","_ku_vr_",22.562731325636,15,NA,223564.760877562,238645.190046683,NA
408,2013,"11412828","____vre",4214.17199431783,17,NA,NA,115140.94721095,64570.0572382679
408,2014,"08054321","____vre",355.71956388754,18,NA,NA,431107.0105107,26373.7295049322
408,2015,"09278802","g___vre",7.57450446247743,17,-37707.4421357869,NA,20021.0983648749,20586.3160741707
408,2016,"04636499","____vre",1905.67302955293,8,NA,NA,148922.452822469,25527.6680054775
408,2017,"01516082","g___vr_",205.041916875983,16,-54445.3892827528,NA,6897.75183199197,NA
408,2018,"07353387","____vre",1499.2472542707,16,NA,NA,849129.821429421,24095.7027224717
408,2019,"04595762","g_upvr_",33.798442607581,13,113382.026659587,NA,30582.9962923691,NA
409,2013,"05798933","_____re",20.7050484388843,16,NA,NA,NA,8005.22807049434
409,2014,"10872215","g___vr_",203.083116374989,14,122937.060001162,NA,130576.75554613,NA
409,2015,"04151492","_____re",677.372088089419,12,NA,NA,NA,23513.7918370902
409,2016,"12553512","___pvr_",39.1554905372201,19,NA,NA,7690.6218982906,NA
409,2017,"05847938","_____re",17.2434575484466,18,NA,NA,NA,27127.6425999825
409,2018,"07357211","g_u_vr_",12.5615577787544,15,80006.6357436035,NA,391048.861525061,NA
409,2019,"04324160","____vre",2305.25063822206,13,NA,NA,458177.619762993,17570.8822838832
410,2013,"16881943","____vr_",13.6032833646464,16,NA,NA,125760.871960838,NA
410,2014,"14578608","____vr_",208.777130472958,15,NA,NA,9396.74725534116,NA
410,2015,"01282648","____vr_",536.920615057821,12,NA,NA,131501.711008441,NA
410,2016,"08573885","__u_vre",20.6334890771175,21,NA,NA,1412620.81006529,31840.1004429589
410,2017,"07225143","____vr_",946.514213537522,18,NA,NA,3028186.25071262,NA
410,2018,"12224159","g_u_vre",254.482640489164,12,297860.792845012,NA,34055.4924638843,315101.461635788
410,2019,"11635728","g__pvr_",23.0031325425159,13,155564.688662792,NA,44519.2840051287,NA
411,2013,"09735599","g___vre",85.0681131562864,18,73173.6551678734,NA,59974.8944643194,67864.5092703419
411,2014,"14947088","___pvr_",282.777797536961,17,NA,NA,365316.85448843,NA
411,2015,"08494850","____vr_",926.365058504461,7,NA,NA,375855.726847778,NA
411,2016,"07108894","__u_vre",6697.04170978714,13,NA,NA,96954.7708225674,59936.5363987242
411,2017,"10100266","g___vre",269.201013993704,16,-55118.5994915655,NA,82753.9477384071,13047.2368628195
411,2018,"05307275","g_u_vr_",633.196757773268,15,48294.702487279,NA,43401.7980328176,NA
411,2019,"15765186","___pvr_",239.469152539921,14,NA,NA,232469.179465024,NA
412,2013,"14534205","g____re",419.535692270802,12,52909.8964201006,NA,NA,122427.139146541
412,2014,"05261010","gk__vr_",747.811963734923,18,-115307.776071937,145858.856735536,40810.546853717,NA
412,2015,"05868640","g_u__re",41.0677344221988,16,-35719.0687845417,NA,NA,101387.010162896
412,2016,"12766245","_____r_",218.617882798709,13,NA,NA,NA,NA
412,2017,"05928518","____vre",3.5925437896146,12,NA,NA,917856.241921567,339365.214034297
412,2018,"01767663","g_u__re",10.1287081085764,14,-19889.3197998401,NA,NA,480811.353411491
412,2019,"05306856","____vr_",150.248535822613,14,NA,NA,8643.22259368931,NA
413,2013,"10547065","g___vre",20.1108798853639,13,25351.3730044189,NA,838384.71794293,336488.737189419
413,2014,"05054892","__u_vr_",798.671785110863,19,NA,NA,318803.966370823,NA
413,2015,"05601091","____vr_",680.923883490153,19,NA,NA,412755.383119147,NA
413,2016,"07182593","g___vre",668.925111920185,16,-83050.2069954319,NA,233305.317754038,183038.161999514
413,2017,"03180657","__u_vr_",371.860535325155,9,NA,NA,282086.359169188,NA
413,2018,"05141327","_ku__re",934.528332208684,13,NA,15137.561940053,NA,7548.97439786801
413,2019,"05896231","_ku_vre",17.3064263144987,17,NA,21291.9356888917,9158.7469203915,11907.2361601732
414,2013,"05925145","____vr_",501.249698713169,15,NA,NA,350290.356456693,NA
414,2014,"07561880","____vre",233.005889144076,14,NA,NA,85595.0707073395,77903.9357297043
414,2015,"04004335","_____re",20.6292205133563,19,NA,NA,NA,769466.186649903
414,2016,"08183119","g___vre",32.246565128414,15,73212.6910687697,NA,130058.114655193,64122.5049007645
414,2017,"14136900","__u_vre",2662.07907023404,19,NA,NA,35511.5815800718,277063.505981612
414,2018,"07572615","g_u_vre",1.95948638081853,21,94842.9796543592,NA,26014.0306769759,31793.7125962423
414,2019,"08338358","_____r_",3.69513315521377,24,NA,NA,NA,NA
415,2013,"01397821","_____r_",193.091913573341,20,NA,NA,NA,NA
415,2014,"14478751","g_u_vre",1592.60756444307,20,119270.217277532,NA,789816.574731202,255209.190426118
415,2015,"08255301","g__pvre",6778.60264014149,23,4852.88099784007,NA,86356.7543470991,9525.89608402911
415,2016,"04835017","____vr_",1474.27828538248,23,NA,NA,49948.9352876159,NA
415,2017,"04295854","_____re",21118.9744341826,19,NA,NA,NA,17275.1781384503
415,2018,"09250321","____vr_",86.795238292732,14,NA,NA,42353.498181186,NA
415,2019,"11577339","g___vre",96.91737202654,10,196170.680085108,NA,25615.9630313261,266700.43746746
416,2013,"02061215","_ku_vr_",2.79974314584585,14,NA,124357.85560786,324975.731316466,NA
416,2014,"04077061","____vre",41.7960116845013,16,NA,NA,1008080.13516888,28929.8800938411
416,2015,"05466437","g__pvre",227.826495684879,12,60619.2935287796,NA,66843.8456281926,62500.0821298714
416,2016,"14309877","__u_vre",1838.01288036233,20,NA,NA,9554.59397374216,472859.80974395
416,2017,"07272466","__u__re",51.8860143637884,15,NA,NA,NA,14866.7529582903
416,2018,"04027694","g__pvr_",998.653702479859,12,184778.237213048,NA,33431.8754683077,NA
416,2019,"10617415","g____re",144.047537562837,15,68628.1658482926,NA,NA,26537.1652913329
417,2013,"05737525","_____re",35.8776409859476,17,NA,NA,NA,240139.044493863
417,2014,"08288748","__u_vre",47.9310606870491,15,NA,NA,37074.4801240075,13373.5761547838
417,2015,"04121004","__u_vre",100.971827343933,13,NA,NA,237049.18316357,1387609.05647499
417,2016,"02886772","g_u_vr_",228.803600302623,18,-221602.129014909,NA,98777.8790472884,NA
417,2017,"05800052","g___vr_",181.959851271281,19,-28922.0768704758,NA,408105.291397415,NA
417,2018,"11126074","_____re",62.9667274891458,24,NA,NA,NA,75354.1243825985
417,2019,"14170920","g_u_vr_",23.4906808876087,19,156792.352847574,NA,75270.2968539927,NA
418,2013,"04561057","g____r_",25.6199548776526,14,88863.1732222791,NA,NA,NA
418,2014,"05499570","g_u_vre",114.782819555395,12,60071.0129764635,NA,38973.3410500738,9561.71576852712
418,2015,"14395807","____vre",2662.82656289991,16,NA,NA,110343.765515439,75964.1855129046
418,2016,"05013211","____vre",73.0702571640512,14,NA,NA,793245.142106364,54210.9217396562
418,2017,"05933831","____vre",75.7551441284551,20,NA,NA,161966.553815357,39441.2351408899
418,2018,"07799637","____vr_",167.122833839212,15,NA,NA,306820.478572468,NA
418,2019,"04073359","____vr_",84.0743782942283,14,NA,NA,589721.292162251,NA
419,2013,"05312062","____vre",1.38610262061154,13,NA,NA,580871.548743144,161078.461781472
419,2014,"10002959","g___vr_",4.20321177337023,17,76007.9314535588,NA,261181.358339584,NA
419,2015,"04637693","_____re",536.457930327827,12,NA,NA,NA,50261.415718873
419,2016,"07182709","____vre",154.39939416747,18,NA,NA,137309.099150303,93257.7521235084
419,2017,"04620084","g___vre",63.580738454654,12,-10629.7276131501,NA,255115.387889267,254140.508384269
419,2018,"09717971","_____r_",251.532317225003,17,NA,NA,NA,NA
419,2019,"11122159","____vre",525.121446653016,6,NA,NA,4188644.90116361,63948.5704364847
420,2013,"12070081","____vr_",432.185617658218,15,NA,NA,26448.7418431567,NA
420,2014,"07099336","g___vre",14.3195164518997,7,26507.8480225152,NA,364039.516525866,49354.4484765835
420,2015,"05121895","g_u_vr_",146.930942130129,11,55523.3168100033,NA,1319895.13832481,NA
420,2016,"04436135","__u_vr_",68.1025138717104,16,NA,NA,203867.663234829,NA
420,2017,"04837751","g__pvre",57.4483713252086,5,33158.4626401071,NA,27703.4764817218,50270.1994639529
420,2018,"04378028","g_u_vr_",4934.60703307654,18,135945.246818905,NA,38285.1553251727,NA
420,2019,"01389640","_ku_vre",34.6649638396925,11,NA,14167.3344705726,35597.3354387346,390519.483384587
421,2013,"09132139","_k__vre",45.2025435184818,12,NA,-37316.2322376263,61315.2258553499,333012.017426305
421,2014,"07810448","_____r_",23.7477104238888,17,NA,NA,NA,NA
421,2015,"04456564","____vr_",67.7016607601461,14,NA,NA,28651.8328354415,NA
421,2016,"04460441","g__pvre",1282.56404187081,20,-64807.3338015038,NA,75153.9620722923,29062.0998604947
421,2017,"04384457","_____re",23.3230298662594,17,NA,NA,NA,100138.708050776
421,2018,"07834180","____vre",4.78042222074181,11,NA,NA,131119.252230081,30374.3714961538
421,2019,"04663379","__u_vr_",650.372464548121,17,NA,NA,611846.032293286,NA
422,2013,"05998507","_k__vr_",334.843259086312,14,NA,-16050.2852985629,662702.042214357,NA
422,2014,"16215276","_____re",960.145120277649,11,NA,NA,NA,111764.449738983
422,2015,"05113856","___p_re",110.4047943328,15,NA,NA,NA,15589.5778661756
422,2016,"02676012","____vre",121.065287271402,18,NA,NA,2839208.22526917,13345.2803237745
422,2017,"08359462","____vre",25.3916855745,16,NA,NA,1259796.7337759,458897.77002036
422,2018,"04007976","g___vr_",196.633868129415,11,207344.281910062,NA,4291289.11105283,NA
422,2019,"05001392","gk___re",17.7065953297541,12,116525.472009457,-150640.399902434,NA,52148.9066507186
423,2013,"07429307","____vre",2178.61444789685,10,NA,NA,34834.7790780182,32887.2706490276
423,2014,"07162779","____vre",3.72792753403593,16,NA,NA,68788.1413569439,52076.3874610818
423,2015,"04710527","___pvre",203.451054578804,16,NA,NA,43909.08275839,8068.28181683532
423,2016,"08362479","g__pvre",393.719128928444,17,68647.4366501188,NA,141114.888637172,379104.7268877
423,2017,"06092477","__up_re",2890.24958338798,15,NA,NA,NA,661697.244043275
423,2018,"05446028","g__pvre",1.28375600294498,14,-15915.8022184579,NA,10685.77756026,314174.509794704
423,2019,"14709024","g__p_r_",2156.84682298849,12,133279.991372088,NA,NA,NA
424,2013,"01188144","g___vre",37.1356127181579,11,166704.657578683,NA,53395.0947345501,188251.720632241
424,2014,"05295057","_k_pvr_",1743.96935928105,17,NA,174076.221678504,6737.40257554577,NA
424,2015,"05461161","g___vr_",37.9001816456679,10,155518.7287557,NA,31191.8302783167,NA
424,2016,"04493707","__u_vr_",10.7990431238655,14,NA,NA,186212.798545297,NA
424,2017,"08080468","g___vr_",101.208243574678,14,72642.2107455027,NA,44686.4457276625,NA
424,2018,"05927209","g____r_",33.6918620180183,19,-46587.9779717297,NA,NA,NA
424,2019,"05794984","_____re",120.199130412746,14,NA,NA,NA,117118.642287437
425,2013,"07967203","___pvr_",3579.20633656493,5,NA,NA,28216.9866056414,NA
425,2014,"07246074","g___vre",210.045408402397,14,-76829.8837191435,NA,1628079.09465504,143988.647657173
425,2015,"01582521","g__p_r_",294.875919003918,15,27611.5253956665,NA,NA,NA
425,2016,"16668704","g_u_vr_",45.8612937615556,14,193931.416460092,NA,97409.6579121765,NA
425,2017,"05301778","___p_r_",145.774053742089,12,NA,NA,NA,NA
425,2018,"01028346","__u_vr_",232.078011566903,14,NA,NA,4454905.83778189,NA
425,2019,"05709053","__up_r_",5.60959148039402,13,NA,NA,NA,NA
426,2013,"04058040","g_u__r_",945.042358623017,18,131436.084393374,NA,NA,NA
426,2014,"15734297","_k_p_re",36.9622061614103,17,NA,168871.000776678,NA,360885.91783826
426,2015,"12864194","g_u_vre",7.6220192734476,10,114212.035999791,NA,73234.2182815929,5786.6444269972
426,2016,"05127886","gku_vre",1602.31046800414,14,-3504.90041294518,85489.2676023363,524506.757918001,32346.5057882344
426,2017,"13022537","_____re",4.2796220448823,15,NA,NA,NA,36050.50731728
426,2018,"12179719","_k__vre",14.1565113489323,10,NA,-20534.1516023795,552428.828562609,38941.605833645
426,2019,"07366928","_ku_vr_",3038.72107144506,19,NA,-169252.578400977,45495.2168830546,NA
427,2013,"08593748","g____r_",226.522904688293,13,71485.6881664342,NA,NA,NA
427,2014,"15219530","__u_vre",137.208099625716,10,NA,NA,25649.7225066502,55429.855493064
427,2015,"12723756","____vr_",19.7409699453843,14,NA,NA,67144.984291196,NA
427,2016,"14967852","__u__re",798.563623456679,9,NA,NA,NA,157858.354594244
427,2017,"10033367","____vre",1.10912502439334,9,NA,NA,1414538.46834391,34320.8947312001
427,2018,"07536853","g____re",157.115298998291,18,4044.67580015588,NA,NA,9746.11238678581
427,2019,"16851280","__u_vr_",40.1233391468196,10,NA,NA,181897.91341169,NA
428,2013,"11032014","_k__vre",161.5404324741,8,NA,6375.37604874138,1109167.12004192,169145.146503016
428,2014,"15330488","____vre",6.79013118986009,13,NA,NA,35503.5410197015,16544.169366832
428,2015,"05962201","g_u_vre",21.5397101991016,12,56190.4520676008,NA,34931.2831787202,285759.219190637
428,2016,"08899815","____vr_",690.365649822034,16,NA,NA,109063.751668945,NA
428,2017,"07622458","_ku__re",67.4031600562331,13,NA,171503.356880062,NA,71874.5907353009
428,2018,"08352948","_ku__re",268.181235624078,13,NA,41118.7811612327,NA,19594.1711932741
428,2019,"15301846","g_upvre",15.7116671387217,13,-86688.5257949317,NA,26136.1698916545,950597.131226273
429,2013,"05479831","__up_r_",85.0687460936147,14,NA,NA,NA,NA
429,2014,"01061057","__u__re",119.751272664661,19,NA,NA,NA,156565.146182936
429,2015,"05123752","gk__vr_",271.374058191674,12,14235.810012591,36566.6940235301,451701.506163041,NA
429,2016,"01146401","g___vr_",23.6927628074017,8,156960.889792192,NA,347374.78856068,NA
429,2017,"04079777","__u_vre",13.5890888614531,7,NA,NA,1570174.71367679,642337.735477236
429,2018,"02779893","____vre",1.39602701483714,14,NA,NA,544352.149491032,6299.8516132843
429,2019,"07421460","__up_re",58.683364493686,19,NA,NA,NA,88582.3526561208
430,2013,"08757554","g___vr_",213.768368169573,20,66752.3869478583,NA,147400.482788378,NA
430,2014,"05625228","g_u_vre",115.81897413838,8,55155.5484972071,NA,21741.475699442,27477.8342810723
430,2015,"09034494","g___vre",37.8982812958062,15,-40339.3206478506,NA,4121.51209823938,255790.330463616
430,2016,"12722687","g____re",1309.03506275399,13,174924.39015756,NA,NA,23454.6425970978
430,2017,"01867698","_____r_",73.3238344754809,14,NA,NA,NA,NA
430,2018,"04441803","g_u_vr_",85.2085317930651,17,-100668.844198052,NA,164101.877516469,NA
430,2019,"05414711","g_u_vr_",335.049162417986,20,70490.1101869738,NA,1015669.49366428,NA
431,2013,"09930530","__u_vre",4451.02401580397,24,NA,NA,451303.901434625,83511.1466219505
431,2014,"01832504","g__pvre",140.684580695313,14,46621.5709630266,NA,555724.810774416,200782.12678692
431,2015,"12953261","g___vr_",18.3210405415159,15,-9692.66650293106,NA,553486.834546424,NA
431,2016,"10375896","__u_vre",6979.82425958563,18,NA,NA,368031.292514853,21234.0442184222
431,2017,"05072300","__upvre",294.557363856788,12,NA,NA,123600.323500654,44572.2207497623
431,2018,"04191953","__u_vre",3828.99095409576,12,NA,NA,143180.880634893,33430.7070267874
431,2019,"10027091","_____re",347.10240460599,12,NA,NA,NA,89767.9655241147
432,2013,"05201895","gk__vr_",96.530277545158,20,-84156.5433869872,-105156.941632065,58181.7635483309,NA
432,2014,"05610108","____vr_",814.498461898132,11,NA,NA,79055.5748388191,NA
432,2015,"07861180","g_u__r_",167.601227044705,17,92902.5909523302,NA,NA,NA
432,2016,"08878390","_k___r_",20.5491788241308,16,NA,115490.907928679,NA,NA
432,2017,"07108495","____vr_",1671.32020208361,11,NA,NA,1488368.43932056,NA
432,2018,"02016281","g_u__re",0.561647526512221,15,-86812.9317420213,NA,NA,64016.0509359653
432,2019,"04900456","g_u_vr_",21.3509736909673,11,124533.632101738,NA,844795.07413904,NA
433,2013,"14331257","g__p_r_",1.30290644226178,19,-5107.4499924026,NA,NA,NA
433,2014,"05297779","__u_vr_",3710.03322856751,19,NA,NA,217435.554759582,NA
433,2015,"10851711","___pvre",73.0466141294354,13,NA,NA,249150.8904374,15878.419957136
433,2016,"14472451","gkup_re",3.67774927754246,14,-29984.4152775854,-67661.7857583117,NA,96582.7829020143
433,2017,"04789984","g_u__r_",51.4121676932458,24,163206.8992995,NA,NA,NA
433,2018,"05351388","____vre",21.5360712121406,16,NA,NA,132429.055530799,56058.2216363222
433,2019,"08494964","_____re",7284.13357845122,14,NA,NA,NA,737410.749686357
434,2013,"08825499","____vr_",553.99350066276,11,NA,NA,2619.26015090829,NA
434,2014,"16159864","_____r_",89.1303500642503,14,NA,NA,NA,NA
434,2015,"09331678","g__pvr_",104.620233527059,21,54990.8617278178,NA,6763.27034244195,NA
434,2016,"05184584","g____re",73.5887559079108,8,-5381.34974858809,NA,NA,14669.3692126048
434,2017,"16721617","g_u__r_",20.8980813459764,10,110031.31759883,NA,NA,NA
434,2018,"10281042","g_u_vr_",154.761731289609,19,150573.752858616,NA,219746.400698798,NA
434,2019,"07642218","____vr_",5.81529280279134,16,NA,NA,84246.1712542907,NA
435,2013,"05653419","g___vre",1.55839348769287,14,47425.2183490405,NA,125466.077785796,26845.8034640575
435,2014,"05563635","__u_vr_",239.715106118945,18,NA,NA,2982.05270576316,NA
435,2015,"04708896","__u_vre",15652.8660893704,20,NA,NA,173038.746062981,13389.7464979268
435,2016,"14025031","g___vre",115.933323252962,19,-127283.024217452,NA,843765.25832451,49745.2416500439
435,2017,"03444629","___p_r_",32.8763767311209,19,NA,NA,NA,NA
435,2018,"07314023","__u_vre",32.5760704596442,16,NA,NA,789795.80901914,49481.0246541806
435,2019,"09142636","g_upvre",50.8637609304473,18,119016.471817693,NA,109293.221309795,13747.9309024504
436,2013,"02789929","g_u_vre",33.8146335677728,19,111637.499041794,NA,549823.687719816,7839.12931386477
436,2014,"07643766","____vr_",76.4863002719787,15,NA,NA,227601.63111922,NA
436,2015,"14936287","__u_vr_",175.114829777965,14,NA,NA,62104.6880145227,NA
436,2016,"10419978","g____r_",356.344573452848,16,-68489.5779704742,NA,NA,NA
436,2017,"05050763","____vre",422.517000755,16,NA,NA,1055446.86330527,7125.76484244856
436,2018,"07201702","__u__r_",18.9742511296719,25,NA,NA,NA,NA
436,2019,"08599455","g_u_vr_",273.072573578443,14,25230.817984528,NA,87454.4123616596,NA
437,2013,"14809934","gk__vr_",216.031248588567,24,75377.1842942667,-20790.245994517,76951.9816563183,NA
437,2014,"05084213","g_u__re",4737.847422113,13,-14413.2897463493,NA,NA,54984.0703303968
437,2015,"04411588","____vre",420.470155373905,21,NA,NA,120613.851861702,70437.2545207388
437,2016,"05479013","____vre",843.717877817638,12,NA,NA,785574.862188252,404264.132233825
437,2017,"05126768","____vre",2750.20851538986,17,NA,NA,146236.48908899,1077480.32233813
437,2018,"12933181","___p_r_",215.565509483565,14,NA,NA,NA,NA
437,2019,"09401970","g___vr_",11.4598392366972,12,-26173.8779866952,NA,83770.9219177736,NA
438,2013,"05179436","_ku__r_",569.718115168242,17,NA,32888.3518839222,NA,NA
438,2014,"04204973","_k__vr_",88.1784581842516,12,NA,270369.468496526,840075.258197502,NA
438,2015,"06917045","____vr_",3713.25275635093,13,NA,NA,1506875.0305203,NA
438,2016,"04704968","__upvre",55.8388884852621,15,NA,NA,995696.968848372,929.722605418197
438,2017,"04656976","____vr_",19.1439836718378,16,NA,NA,212141.8806499,NA
438,2018,"07287152","____vre",10.8915411585802,19,NA,NA,1101541.3878163,576743.847430932
438,2019,"04103928","__up_re",459.502864968369,14,NA,NA,NA,1683.61798807174
439,2013,"11324861","g___vr_",13.0997322695123,10,31693.2276551124,NA,124667.036978842,NA
439,2014,"05466357","g__p_r_",8.38330500110484,16,98461.2041617049,NA,NA,NA
439,2015,"08138683","gk__vre",1499.73487696874,13,43090.9189608039,-29387.8891247569,18199.8549348752,9814.66321124508
439,2016,"05911079","____vre",284.700738492539,12,NA,NA,604073.302389461,2409.7874221495
439,2017,"12893136","____vre",1727.12226236692,19,NA,NA,2849584.92588796,545350.679406293
439,2018,"09068542","g_u__r_",18.9954929101686,17,66334.6016977745,NA,NA,NA
439,2019,"14383909","g____r_",143.430793068011,18,158478.741404165,NA,NA,NA
440,2013,"05903493","____vre",21.2501266608577,15,NA,NA,65414.9978306129,15455.5787776112
440,2014,"08626549","____vr_",2076.18480496117,9,NA,NA,640022.495185751,NA
440,2015,"09516059","_____r_",32.238065817409,14,NA,NA,NA,NA
440,2016,"14990533","__u_vre",9155.55707443509,17,NA,NA,292180.909966182,156070.699944573
440,2017,"05318459","___p_re",520.180559888875,13,NA,NA,NA,21210.8280515615
440,2018,"07100039","_____re",438.651407725199,16,NA,NA,NA,26553.1629838854
440,2019,"09978730","_k__vr_",10.848758129344,18,NA,-60880.9307591274,519393.922336231,NA
441,2013,"05691616","__u_vre",45.9773690618274,11,NA,NA,129781.09779711,29697.3194141191
441,2014,"01287966","__u__re",66.2696258653824,13,NA,NA,NA,1323002.27715056
441,2015,"09343238","g___vr_",170.444510174291,7,-168292.422766012,NA,41936.7169797775,NA
441,2016,"08563805","g___vr_",18.1058804960943,11,144086.456753507,NA,59383.9217762967,NA
441,2017,"05284001","____vr_",41.3081644137908,15,NA,NA,748001.194137977,NA
441,2018,"05226759","__u_vre",734.25371098886,11,NA,NA,28438.6265999029,5300.56429786788
441,2019,"05439988","__upvre",131.758096800979,9,NA,NA,173509.86726925,57238.8724515633
442,2013,"05983623","gk__vr_",94.1879684936367,16,45849.8070116082,-9279.87216827874,63494.8107510825,NA
442,2014,"07419377","____vr_",18.5907211790692,11,NA,NA,208466.11378327,NA
442,2015,"13937072","g_u__r_",24.4632241114488,5,4370.08472246436,NA,NA,NA
442,2016,"07869087","gkupvr_",372.563558597115,16,-70724.5583827294,174588.949485357,591270.869449069,NA
442,2017,"06513061","____vr_",355.481811413348,26,NA,NA,19420.9866056631,NA
442,2018,"04759255","_ku__r_",3.95594124081898,11,NA,82587.6378351692,NA,NA
442,2019,"07877037","__u_vr_",6936.41553074886,12,NA,NA,81284.9838252321,NA
443,2013,"10263680","__u_vr_",14.1911353571015,13,NA,NA,211737.354957341,NA
443,2014,"10920213","_____re",107.563872132778,16,NA,NA,NA,48270.7446043414
443,2015,"05736321","g___vr_",3849.44701897044,17,99664.9633776166,NA,72527.5196038131,NA
443,2016,"05955291","g____re",34.4399823755966,10,114625.107740365,NA,NA,61877.4533891004
443,2017,"05139405","_____r_",44.9881877969033,21,NA,NA,NA,NA
443,2018,"14913382","g_u__re",244.660459337631,14,122642.659934433,NA,NA,19224.6487653754
443,2019,"01633025","_k__vre",1582.78826529603,16,NA,80758.6651714506,40161.9209663638,15924.8222859021
444,2013,"04641678","g_u_vr_",1331.3550176368,8,58519.2159957909,NA,53499.5511693183,NA
444,2014,"07627118","__u_vr_",565.547336582948,10,NA,NA,654958.790436556,NA
444,2015,"05876593","g___vre",2.58330597327484,25,-77501.7305919338,NA,57992.1840796224,3514.84080757226
444,2016,"07371703","g____re",41.4590820878919,26,12776.9497357892,NA,NA,3243.9694986891
444,2017,"07687422","____vr_",21.658875620611,14,NA,NA,10344.4014970711,NA
444,2018,"04021715","g___vr_",1315.41352223386,21,238906.828113415,NA,1220195.09266976,NA
444,2019,"14277279","___pvr_",6.26707715001594,16,NA,NA,245365.610301832,NA
445,2013,"05195325","__u_vre",34.9569671704169,14,NA,NA,45751.6498553306,5503.30748671493
445,2014,"04120052","g____re",177.597843053611,22,217582.544713163,NA,NA,21649.2970696588
445,2015,"05984928","g_u_vre",3476.76326489539,18,181673.585204479,NA,301162.971494986,60085.7924154791
445,2016,"04487976","____vr_",213.233037213755,18,NA,NA,400253.725563721,NA
445,2017,"09200959","____vr_",264.405039372168,12,NA,NA,741672.664739447,NA
445,2018,"10621776","__u_vre",110.996871395048,10,NA,NA,2813869.78601391,28678.8107204113
445,2019,"07881210","g___vr_",22473.9990840403,15,32212.7070701602,NA,13625.783470676,NA
446,2013,"06394519","g___vr_",3432.43347841968,12,75416.2035014293,NA,144698.288157238,NA
446,2014,"05862466","g___vre",35.4269848947288,9,37318.2642445571,NA,265080.321537741,36826.1842661025
446,2015,"07504783","g____re",26.4940470930344,18,19127.3442709116,NA,NA,9513.27324958536
446,2016,"14900589","g__pvr_",292.749823509538,16,62660.2382472307,NA,1105518.85695072,NA
446,2017,"05583762","__u_vr_",469.359046225263,9,NA,NA,184689.074449736,NA
446,2018,"01507963","__u_vr_",295.033589318013,20,NA,NA,5739.61226186655,NA
446,2019,"07308982","__u__re",6495.35644273341,11,NA,NA,NA,30988.3485770902
447,2013,"07876479","____vr_",45.1488034308498,15,NA,NA,5189052.60554364,NA
447,2014,"14252220","__u_vre",4.51226831164554,16,NA,NA,23615.8072929393,33383.0536288228
447,2015,"07211635","_k__vre",58.8403257303068,12,NA,-82447.4120125385,35318.4830164672,113326.901410429
447,2016,"05539999","g___vre",1628.59753438842,10,-41388.1577039788,NA,384453.601939637,9441.0909506773
447,2017,"11649527","____vr_",720.549084987508,13,NA,NA,36650.5372414933,NA
447,2018,"04746964","gk__vr_",469.303330820799,14,130482.063722833,116709.43635483,32540.5353045292,NA
447,2019,"09330111","g___vr_",339.387239917282,15,39988.0691903742,NA,58776.880172032,NA
448,2013,"15940535","____vre",15.5706370483111,17,NA,NA,10023.8990914427,36366.9793259174
448,2014,"15309398","g___vre",279.850514597548,12,295238.73376043,NA,163705.779478945,372332.593469276
448,2015,"13737577","__u__r_",19.3525424818445,10,NA,NA,NA,NA
448,2016,"07044110","g__pvre",193.092330709415,23,265273.505492418,NA,516984.357539746,110777.797319502
448,2017,"05537604","g____r_",988.325095664986,19,-127980.439051193,NA,NA,NA
448,2018,"02068689","_____re",324.957855092432,12,NA,NA,NA,4467.14779865803
448,2019,"04017431","gk__vre",25.0091133902242,15,-82189.5175600807,169658.095876494,70857.3394541657,33577.9116214176
449,2013,"07784122","__u__re",31.2406174129497,15,NA,NA,NA,359765.766389879
449,2014,"08307624","_ku__re",44.8210652287861,12,NA,21809.7533525282,NA,26289.814798642
449,2015,"10589366","g___vr_",49.8879567092434,17,80067.1293931194,NA,56085.6652770321,NA
449,2016,"09378389","__u_vr_",755.162787448351,15,NA,NA,351499.558558167,NA
449,2017,"04058774","g___vr_",1.88376434549269,14,68442.0741846528,NA,88866.5033753733,NA
449,2018,"07288221","g___vre",1528.96504632429,11,315730.191956628,NA,133899.141326066,7075.71282456634
449,2019,"05446492","__upvr_",583.354093151728,16,NA,NA,8374.03082954228,NA
450,2013,"04331057","___pvr_",14230.1125536872,15,NA,NA,6682911.17959712,NA
450,2014,"10528341","g___vre",327.063446060384,17,97327.4498704839,NA,2826651.77229012,48565.4972009353
450,2015,"12678824","___pvr_",187.992791217216,9,NA,NA,3696644.64722082,NA
450,2016,"03602245","____vre",510.706732222181,12,NA,NA,72383.1209089925,278584.652728698
450,2017,"14272459","____vr_",217.318846483775,17,NA,NA,59875.7152514974,NA
450,2018,"04562141","____vre",2585.64223502117,17,NA,NA,109792.958264692,98228.3672258825
450,2019,"07926582","____vr_",48.0213590711083,18,NA,NA,276566.116341059,NA
451,2013,"02442093","_ku_vr_",40.5367409515559,11,NA,-115697.651700354,23264.2532048281,NA
451,2014,"08424991","____vr_",37.666223516997,18,NA,NA,472638.656071613,NA
451,2015,"07414245","___pvre",49.4566954546358,13,NA,NA,17300.2284208733,33454.5816217698
451,2016,"04064722","___p_re",449.294211145407,9,NA,NA,NA,77446.9509954757
451,2017,"10165999","g___vre",290.261401940981,25,57533.2554371128,NA,794624.719393152,107951.232607333
451,2018,"07883915","gk__vr_",22.0467422874147,11,-32373.1503850755,-23447.9254650807,63650.0045225823,NA
451,2019,"05474110","g____re",91.1093601338255,14,-15269.4554242463,NA,NA,50114.3275113291
452,2013,"14299960","____vre",11083.7051200353,19,NA,NA,782194.909354778,74031.8799853706
452,2014,"08548731","gk___re",86.2076914821183,18,97724.4561994627,-126211.265270681,NA,50212.2419570489
452,2015,"05891894","_ku__r_",3978.25431897821,19,NA,10852.6791063774,NA,NA
452,2016,"04684185","_k__vr_",479.83450927421,10,NA,-72282.3754422338,91429.6392322201,NA
452,2017,"08414923","g___vr_",16.9268916948028,20,-8221.80478762892,NA,203873.470727127,NA
452,2018,"05377657","gk__vre",213.999654101129,13,-28282.146086583,46261.3975106796,771255.241803882,390881.069768694
452,2019,"05590871","_____re",321.194290406669,19,NA,NA,NA,480249.197581118
453,2013,"14152629","____vr_",364.096642944802,10,NA,NA,236784.386474537,NA
453,2014,"15485686","____vr_",567.348549522893,9,NA,NA,107176.042682447,NA
453,2015,"02441103","gku_vr_",58.6640509986994,17,-56104.5469845792,157581.99475492,48246.6867841631,NA
453,2016,"04267765","gk__vr_",14.8053435357362,11,245788.84759296,44857.6290455929,1852597.61631018,NA
453,2017,"04594516","___pvr_",2012.84341424939,19,NA,NA,1029334.7473409,NA
453,2018,"04627534","g___vre",10.8716069515637,14,173532.385699205,NA,100014.244638287,104100.237765623
453,2019,"05469796","g_u__re",769.232185773705,16,248.914894866823,NA,NA,89283.0797359399
454,2013,"05294924","_____r_",184.204297367663,17,NA,NA,NA,NA
454,2014,"05656585","g___vr_",27.3596944695326,12,97711.322717535,NA,580378.787405886,NA
454,2015,"09025297","g_u_vre",1411.9097340424,12,137991.492689374,NA,109914.020558556,104840.097925431
454,2016,"04496044","____vre",115.060454060934,16,NA,NA,98709.2840686642,7951.44149454563
454,2017,"04182352","gku_vre",339.568346934673,12,-123464.626933405,144157.545481251,74964.3508135245,3590.01566440953
454,2018,"14704122","g____r_",26.9566850034403,20,-5070.50590598585,NA,NA,NA
454,2019,"04022234","__u__re",659.570896449619,13,NA,NA,NA,27766.8874295973
455,2013,"01542727","__u__r_",933.847106054421,10,NA,NA,NA,NA
455,2014,"05684833","_k__vr_",652.737743079077,23,NA,75872.6463460885,175428.55765707,NA
455,2015,"09713896","___pvr_",128.232142978785,20,NA,NA,81895.8604117505,NA
455,2016,"11257592","____vr_",20.9430497185596,17,NA,NA,36251.1836187101,NA
455,2017,"01988511","__u__r_",21.8904041365547,12,NA,NA,NA,NA
455,2018,"14821122","gku_vr_",78.8073969128416,16,91936.5849079899,-18905.3928269346,379008.305980561,NA
455,2019,"04336285","__upvre",47.1354019293327,19,NA,NA,527810.952008793,111426.725605367
456,2013,"09435083","g___vre",135.768682100453,16,-164435.163918318,NA,11814.9312592556,11628.1308687543
456,2014,"07179614","_____re",1233.52690173226,17,NA,NA,NA,37395.109411828
456,2015,"04460154","g_u__r_",1304.14113367937,6,97345.4844829447,NA,NA,NA
456,2016,"01728611","__u__r_",460.299064428024,14,NA,NA,NA,NA
456,2017,"05787140","gku_vr_",36.472100774788,15,129074.776016669,38139.1970857546,148738.895268577,NA
456,2018,"04484170","g___vr_",15.5120654055539,17,82675.7174496449,NA,35226.8341258375,NA
456,2019,"04841362","g___vre",63.0325867525293,15,39109.796490241,NA,198978.030405939,52965.9656389546
457,2013,"05327944","g___vr_",614.368661182438,10,266866.034402699,NA,74168.2353027352,NA
457,2014,"08231029","____vre",581.077643240358,17,NA,NA,384385.618066647,20465.5708446982
457,2015,"05693456","__u_vre",8.38009576449775,13,NA,NA,9767.38054285102,871962.121406792
457,2016,"04038576","g_u_vre",46.7853421343562,18,221711.945688108,NA,77677.5063983313,8271.02481752674
457,2017,"03823737","g_upvre",291.343962611767,16,147075.862078305,NA,82339.9122030921,1423304.37110128
457,2018,"05990213","___pvre",1403.97414349607,13,NA,NA,301789.193603823,1660481.9143892
457,2019,"05845411","g_u_vr_",460.646057315718,15,-24492.9343021382,NA,98260.2996970199,NA
458,2013,"15109097","g___vre",113.829216039373,18,-8555.3077042131,NA,125958.686255152,111007.277329397
458,2014,"07645859","___pvr_",6.18289196160928,11,NA,NA,104585.787037714,NA
458,2015,"05342938","__u_vr_",2761.22289532872,19,NA,NA,173786.194207143,NA
458,2016,"13053398","g_u__re",394.509860457506,17,25609.5601193668,NA,NA,58791.9141743688
458,2017,"05922462","__u_vr_",143.135250814612,15,NA,NA,163047.822069408,NA
458,2018,"12106621","____vr_",75.5144504851643,16,NA,NA,99083.8733035771,NA
458,2019,"05685466","__u_vr_",483.785475573454,12,NA,NA,28969.3302935573,NA
459,2013,"07630167","gku__re",1852.84301420312,12,4842.67474206975,-45567.9632480712,NA,67640.8627781785
459,2014,"05878442","g___vr_",54.5453116078829,11,123548.211491555,NA,966869.400925663,NA
459,2015,"14763035","gk__vre",256.230124786535,16,33500.5204037896,309058.508094635,207544.87472615,63940.6202894212
459,2016,"12325407","_ku_vr_",1233.86392010866,24,NA,175986.609388851,672328.870811913,NA
459,2017,"06471023","gku_vre",625.285328293387,10,22337.3824263628,104114.653267813,49052.0991035344,541680.701951938
459,2018,"05566394","____vr_",1026.59456335558,16,NA,NA,63264.9167743182,NA
459,2019,"08514834","___p_re",81.0929947518247,15,NA,NA,NA,117828.649124542
460,2013,"07950144","__u__re",11.4397520094657,18,NA,NA,NA,90756.2125801595
460,2014,"04679323","__u__re",178.676928568198,14,NA,NA,NA,9809.96229652176
460,2015,"04814773","g___vr_",92.0265718632545,18,62483.9227613731,NA,176607.200084135,NA
460,2016,"02970759","____vre",307.881480046257,19,NA,NA,45264.4503115781,436715.095970274
460,2017,"11562502","__u_vr_",2.69412575478247,17,NA,NA,66370.297258956,NA
460,2018,"13313047","g____re",78.5004404489376,11,-36990.04042591,NA,NA,636782.504928248
460,2019,"12308828","____vre",33.2381749839604,17,NA,NA,12977.7604820893,53785.5294902106
461,2013,"05751932","____vr_",163.488953060976,18,NA,NA,429606.686278318,NA
461,2014,"04165072","___pvre",320.26141408736,12,NA,NA,20415.1559453101,40826.5091891803
461,2015,"01690271","___pvre",7.48758319450835,12,NA,NA,175577.274640241,34315.273294077
461,2016,"10690863","_____re",131.275235608673,14,NA,NA,NA,112486.9128337
461,2017,"08743260","g_u_vr_",54.8780071028653,13,54635.8495793992,NA,272533.307644413,NA
461,2018,"05628386","__u_vr_",284.989559559189,10,NA,NA,16018.3516385516,NA
461,2019,"01780443","____vr_",243.992860744528,15,NA,NA,1370946.85400856,NA
462,2013,"05539059","__u_vr_",22.0319775647978,17,NA,NA,120406.246922336,NA
462,2014,"14316138","g____r_",2072.78369415441,11,-63617.0966011338,NA,NA,NA
462,2015,"10366837","____vre",831.55826455541,15,NA,NA,75343.0892759223,78290.0506830581
462,2016,"07379221","____vr_",25.418694810144,16,NA,NA,276296.308252684,NA
462,2017,"08568082","g___vr_",114.543185197684,15,104672.308444747,NA,22929.8129630393,NA
462,2018,"09906124","___pvre",70.2796027857896,9,NA,NA,216686.642777274,206432.252855486
462,2019,"05930998","____vr_",141.379400678668,18,NA,NA,20151.6339447728,NA
463,2013,"05048414","____vre",70.3630533981958,11,NA,NA,32880.1770125716,14014.1538895858
463,2014,"09333010","__u_vre",1.29033162641053,20,NA,NA,194269.543759721,8556.2086576137
463,2015,"05329406","____vr_",294.825628164948,21,NA,NA,13925.5886408242,NA
463,2016,"04819628","g_u__r_",1586.71110115568,16,10538.2332739796,NA,NA,NA
463,2017,"01918540","____vre",23.7582890050285,18,NA,NA,25948.9147709731,432348.934469619
463,2018,"04152363","____vre",247.063689307368,23,NA,NA,328310.991362357,246670.218122321
463,2019,"08825356","g___vre",251.472349597794,7,-112872.772388695,NA,9892.13887049317,24418.9154347217
464,2013,"15655576","__u_vre",581.016356120396,13,NA,NA,110512.689142128,46405.958848212
464,2014,"07614134","____vr_",116.103388470853,12,NA,NA,16342.0233203498,NA
464,2015,"04586838","__u_vre",3163.75672212066,10,NA,NA,337426.378301313,131447.036370837
464,2016,"05652136","____vre",626.4623843071,15,NA,NA,123369.798963166,222282.242011871
464,2017,"04142949","gk__vre",2725.14102921968,11,97677.2012574132,-22379.8534605339,106426.37728253,23575.0547238635
464,2018,"04410602","__u__r_",925.390835910772,18,NA,NA,NA,NA
464,2019,"04404244","____vr_",73.5677131553364,13,NA,NA,333496.077310024,NA
465,2013,"08039366","___pvre",58.2852231106981,11,NA,NA,1725656.65675351,13324.6512423275
465,2014,"09930414","__u__r_",33.736590664086,17,NA,NA,NA,NA
465,2015,"04263717","____vre",229.217372827316,18,NA,NA,116101.820157235,13726.3244182306
465,2016,"09436600","___pvre",1958.07041791891,8,NA,NA,98658.5732406946,64680.1640976951
465,2017,"07364717","____vre",591.277500462325,17,NA,NA,768862.51288711,12932.4485384821
465,2018,"01462785","____vre",14.5587825368297,17,NA,NA,431220.571863015,11364.5877987572
465,2019,"09728563","____vre",35.3183318402072,11,NA,NA,188044.893699681,127238.642570586
466,2013,"07327771","g_u__re",265.889622109609,11,49339.7060462241,NA,NA,221041.585282387
466,2014,"07538833","g___vre",691.385336585399,14,126470.316146276,NA,30032.6746083342,159368.875538758
466,2015,"04517295","g_u__re",77.4241659844774,19,97652.100293578,NA,NA,134046.140154127
466,2016,"09418636","g___vr_",50.869277049331,18,-42165.1110947559,NA,89337.4088305621,NA
466,2017,"05178427","g____r_",30.988662517997,19,-60100.3631136562,NA,NA,NA
466,2018,"07772342","gku__re",58.0583686493073,11,170309.789808875,85204.0366199092,NA,196808.449191789
466,2019,"10424806","g____r_",43.8551896209099,14,86234.870671682,NA,NA,NA
467,2013,"04827812","____vr_",111.275075698217,11,NA,NA,45924.0185112634,NA
467,2014,"10384521","g____r_",1716.97233730699,19,12437.0669067506,NA,NA,NA
467,2015,"07977650","g_u_vre",12.7483233413259,16,150819.840289943,NA,58099.5427071731,136747.739224349
467,2016,"14590527","____vr_",249.364789549124,21,NA,NA,1034824.19607536,NA
467,2017,"14872549","g___vr_",1536.95170478888,15,166760.55769169,NA,125613.779081112,NA
467,2018,"04042252","gku_vre",27.3078846574377,11,19539.0467867181,145245.923389855,186154.039159459,57236.7471775821
467,2019,"12376426","g_up_r_",1011.72175247216,22,21261.3873313824,NA,NA,NA
468,2013,"12263655","_____r_",282.933122859783,16,NA,NA,NA,NA
468,2014,"03640646","g___vre",35.1057446161289,7,-163530.671839707,NA,412123.47570217,61482.9453984136
468,2015,"16301766","g_u_vr_",73.2641399104903,14,-49685.4607508494,NA,367547.61361422,NA
468,2016,"05806231","gk_pvre",3.97142739740691,16,75052.1074969355,-102783.227022523,3228642.77118308,98976.2554209721
468,2017,"08171125","__u_vre",35.4283109342797,12,NA,NA,660992.237738026,47732.2303435912
468,2018,"04843893","____vr_",72.473136309403,17,NA,NA,138585.808477728,NA
468,2019,"07967013","g____re",7.40678794224543,17,-152146.356046218,NA,NA,128233.192124507
469,2013,"14554923","g_u_vr_",51.7491566122109,10,92336.3247718774,NA,796593.130954263,NA
469,2014,"05615173","___pvr_",432.281469166828,16,NA,NA,20022.5033072645,NA
469,2015,"06357437","__u_vr_",12.1861023577752,14,NA,NA,982137.068277443,NA
469,2016,"02386552","____vr_",65.9142041629327,15,NA,NA,110217.67537001,NA
469,2017,"15991273","g_u_vre",1247.68943361853,13,204674.707795616,NA,615822.38214351,52105.1442689556
469,2018,"08259324","__up_re",63.404273086775,15,NA,NA,NA,113415.149507365
469,2019,"04493088","___pvre",1579.31398101235,18,NA,NA,133804.289878957,11292.7471463436
470,2013,"09435692","g___vr_",145.014799505253,15,132496.463064272,NA,17935.3953638255,NA
470,2014,"04987777","_____r_",140.729787253453,12,NA,NA,NA,NA
470,2015,"10221976","__u__r_",5653.5398647908,19,NA,NA,NA,NA
470,2016,"06095434","__u_vre",185.616104263396,9,NA,NA,1475273.21040397,102500.767897744
470,2017,"07825178","___pvre",469.785922913143,13,NA,NA,3052056.09744222,46643.2284781943
470,2018,"02524060","____vre",69.7209429933896,16,NA,NA,34645.6392957281,4309997.74988827
470,2019,"05031833","__u_vr_",16.0021685919229,19,NA,NA,256336.121130888,NA
471,2013,"08195522","g_u__r_",38.7999105805356,16,-35616.9441227001,NA,NA,NA
471,2014,"07339119","__upvre",1140.12690050706,14,NA,NA,98310.9578216689,27671.3183491977
471,2015,"06024986","g_up_re",893.015894601948,13,55425.1743962377,NA,NA,13953.6381479528
471,2016,"05737003","_____r_",61.271614604027,9,NA,NA,NA,NA
471,2017,"07926327","g_u__re",113.789107458812,11,103950.891631996,NA,NA,24675.6908761118
471,2018,"14398130","_k__vre",257.225311747067,10,NA,62603.2274893507,43947.3724917867,60309.7570117219
471,2019,"04582651","____vre",89.2497817924061,19,NA,NA,327818.318878575,7291.27745614996
472,2013,"07391611","g___vr_",8.22341165641062,14,54673.4808778747,NA,55285.602624789,NA
472,2014,"07739068","____vr_",65.6197153682743,12,NA,NA,61712.0978553369,NA
472,2015,"07087502","___pvre",6.4983087461376,15,NA,NA,269515.802292045,19979.4189273405
472,2016,"07609537","g___vre",125.649282316893,11,149250.162600402,NA,29096.3897757567,127956.034508342
472,2017,"04664375","__u_vre",374.577205260044,13,NA,NA,2560305.14367709,116441.41131395
472,2018,"05696404","___pvr_",83.2241178197271,15,NA,NA,425581.426834898,NA
472,2019,"16087583","____vr_",45.9337118266996,16,NA,NA,186661.651921785,NA
473,2013,"07420558","__u_vr_",637.710838214709,19,NA,NA,727196.118202826,NA
473,2014,"05318190","g_u__re",546.200124005725,9,-64544.6231218702,NA,NA,30981.0868047854
473,2015,"04773679","g____re",503.33617963268,19,67771.4631309097,NA,NA,11715.9551641987
473,2016,"07183162","_____r_",31.9399890332471,28,NA,NA,NA,NA
473,2017,"09543078","g___vre",131.146443071934,11,3864.03027458816,NA,252129.714886925,25143.7249590759
473,2018,"05364954","gku_vre",119.314286226298,13,121507.844535234,212793.925347727,197597.958036086,41677.3284025508
473,2019,"04509719","g____re",33.1780751979417,12,86776.373152839,NA,NA,2897.21818190935
474,2013,"07088237","_____r_",435.075736828333,16,NA,NA,NA,NA
474,2014,"09535484","__u_vr_",338.20614706276,12,NA,NA,123947.057944472,NA
474,2015,"07014837","gk__vr_",103.868999764162,18,87531.7157216912,217940.393680516,95632.8745684062,NA
474,2016,"14385738","g_u__r_",5645.44384836517,17,3512.81220448851,NA,NA,NA
474,2017,"09828824","g_u_vre",81.8781249730124,9,-39355.1217937591,NA,20277.7448539085,341353.427503192
474,2018,"04829148","g____re",567.370662979419,16,-20415.2155454704,NA,NA,8726.84645833343
474,2019,"07183291","g___vr_",32.6410133771617,16,143425.245597107,NA,22817.490152311,NA
475,2013,"07684585","gk_p_re",142.443255714874,18,115457.831034618,5132.40848265385,NA,9498.08463774897
475,2014,"14863678","__u__re",7.5791071847039,7,NA,NA,NA,24132.9181240823
475,2015,"03678641","g___vr_",7.65804218493668,10,134172.434224308,NA,1191.3789978887,NA
475,2016,"07236473","_____re",48.6330368924936,12,NA,NA,NA,1150428.17300429
475,2017,"02373906","g____r_",298.231203298649,17,-120203.631263607,NA,NA,NA
475,2018,"08834957","g___vre",99.1015920466821,17,22222.5202670941,NA,22261.2343867202,14351.9585184184
475,2019,"02714675","__u_vre",217.732292249965,11,NA,NA,327559.135196969,136387.07527529
476,2013,"11316829","___pvre",5.08773743917957,11,NA,NA,105179.416707215,23468.8111416029
476,2014,"07147742","____vr_",15.7225943280336,16,NA,NA,25224.7044798783,NA
476,2015,"12505539","____vr_",362.868263964683,19,NA,NA,57579.5055322455,NA
476,2016,"05118477","__u_vre",2378.27744246156,17,NA,NA,395583.669016559,15705.1233267659
476,2017,"02848123","g_u__re",688.646815755401,15,123343.390028898,NA,NA,54721.4318890473
476,2018,"14004574","g___vre",824.449008977467,19,-32165.060819556,NA,32206.9752873523,28317.8562810178
476,2019,"01647227","____vr_",46.5173083949631,20,NA,NA,1936493.95444207,NA
477,2013,"07795184","_____re",70.0556492719606,8,NA,NA,NA,43791.2489039609
477,2014,"04974929","_____re",10.6779160484904,17,NA,NA,NA,71358.9233607042
477,2015,"03495428","g__pvr_",7739.85937216186,11,47831.2673644433,NA,796432.960819447,NA
477,2016,"08184516","g_up_re",48.0836961292936,12,-39088.8958080577,NA,NA,28583.3346315908
477,2017,"05916317","g_u_vr_",458.279823412981,20,86379.0543835466,NA,3122410.54834892,NA
477,2018,"05419251","____vr_",244.305047641372,16,NA,NA,210477.056293183,NA
477,2019,"07987951","g___vr_",322.869491823418,17,289640.066065227,NA,25187.7773339369,NA
478,2013,"08090977","g___vr_",22.9874553775468,13,-149928.300240119,NA,45898.1475334166,NA
478,2014,"02181669","g___vr_",67.164047616411,13,-39649.9243312175,NA,979694.556159051,NA
478,2015,"07976947","g___vr_",88.4761080057621,17,155013.332117098,NA,10521.8767987283,NA
478,2016,"05322506","____vre",138.604080374399,19,NA,NA,2206628.46075289,446658.695259627
478,2017,"10711287","____vr_",3.57534939409044,9,NA,NA,274354.391543953,NA
478,2018,"07723109","g___vr_",10.0916484004778,16,-541.164624766789,NA,499628.337140376,NA
478,2019,"14779471","_ku_vre",50.012394431667,17,NA,214794.740833934,18205.6956953325,4942.18962130025
479,2013,"09543283","gku_vr_",49.4964078554971,20,228081.597988902,119468.271308819,215583.464128249,NA
479,2014,"16314732","g_u_vr_",868.924569193352,13,-15215.6741481582,NA,2086021.33211747,NA
479,2015,"07609277","gku_vre",162.003777199293,10,71921.2837765941,23131.0445611483,45805.2066974287,44234.7862586181
479,2016,"03416843","g___vre",126.760675701775,17,22554.2290596811,NA,152176.475747644,7779.48719797445
479,2017,"05624585","____vre",5.52348591719991,21,NA,NA,6233.7825164408,478796.175596334
479,2018,"05279470","____vr_",3699.47814918055,11,NA,NA,15967.5592199473,NA
479,2019,"07802031","____vre",63.9496290588694,18,NA,NA,75679.1528149326,37337.2435038553
480,2013,"07557633","g____r_",20.4082686292602,20,286877.457266567,NA,NA,NA
480,2014,"11579555","___pvr_",1735.39211833687,8,NA,NA,2611549.91170244,NA
480,2015,"07571618","___pvr_",798.782958602555,14,NA,NA,147826.31351976,NA
480,2016,"05239791","g_u_vr_",330.848928526285,16,67163.163869894,NA,10531.9257077383,NA
480,2017,"04756041","g___vr_",576.70654744543,17,160795.964324821,NA,6289481.14627429,NA
480,2018,"11622228","_k__vr_",435.370901759411,13,NA,47980.7493684254,80192.5736514146,NA
480,2019,"06891659","____vre",3.42962574353739,9,NA,NA,1716614.38844705,39064.4530281972
481,2013,"10147544","___p_re",20.4406134215599,19,NA,NA,NA,132442.987877349
481,2014,"05758812","___pvre",280.807722255659,14,NA,NA,596113.968152737,81743.633835356
481,2015,"05251635","g___vr_",231.067209192364,18,127747.54848901,NA,176011.818521508,NA
481,2016,"07305940","_____r_",488.345070211054,17,NA,NA,NA,NA
481,2017,"05806648","____vre",73.5060503044069,17,NA,NA,411796.650992789,9643.27377363664
481,2018,"09492872","_____r_",175.185744943689,9,NA,NA,NA,NA
481,2019,"07705069","__u_vre",2624.78980783971,12,NA,NA,378023.058806842,558549.01682659
482,2013,"08665656","g_u_vr_",87.3998369255693,15,-33005.3480996968,NA,80011.7759864551,NA
482,2014,"08083799","__u_vre",3713.39987420173,21,NA,NA,111983.719418338,611704.036031884
482,2015,"07808689","g_u__r_",673.527222585778,14,-10311.9605596559,NA,NA,NA
482,2016,"15855380","g___vr_",453.759424382094,18,28290.7932979306,NA,747923.96112238,NA
482,2017,"07172859","g__pvr_",77.5209251290789,9,93620.7561505586,NA,48536.9527236264,NA
482,2018,"07903134","__u_vr_",114.382060637764,23,NA,NA,72853.9632246519,NA
482,2019,"07304641","__u_vre",22.4044946238709,15,NA,NA,22834.8338775382,230980.921559448
483,2013,"09201250","____vre",99.2181544691451,15,NA,NA,228526.826233398,69006.6180366914
483,2014,"04105408","____vr_",11.2596128220282,18,NA,NA,22153.5058657645,NA
483,2015,"11999191","gk_pvre",7.72465492780645,18,-195522.434180474,200399.481020179,2909997.45258588,42126.1601923277
483,2016,"04138939","gku_vr_",647.83403414229,18,133949.230365646,250831.308388212,44094.3674470115,NA
483,2017,"15462371","g_upvre",150.79321225159,20,93919.6747250666,NA,97499.6761376039,8305.81372181511
483,2018,"12487457","g_u_vre",203.97009325921,18,46978.9565179744,NA,64526.4604024877,55490.1702247534
483,2019,"12714598","g___vr_",590.208429838744,8,176477.474527797,NA,207290.481316031,NA
484,2013,"02755377","gku_vr_",193.644117483784,11,-131923.929027896,159409.795043329,125328.078257593,NA
484,2014,"09878701","g_u_vre",45.6756687460901,9,75084.2609755087,NA,124507.059946737,133249.386348461
484,2015,"05418373","g____r_",214.100535281237,20,27743.6052763703,NA,NA,NA
484,2016,"09314688","g___vre",10941.0811770705,14,10919.5163548902,NA,181450.135229212,844661.322605814
484,2017,"07756791","____vre",409.979871256801,9,NA,NA,168138.459648918,56331.008996777
484,2018,"15182873","____vre",42.6059615752499,12,NA,NA,1657186.99186507,82540.1291578667
484,2019,"01615674","____vr_",117.444036407147,16,NA,NA,786993.226584676,NA
485,2013,"16650324","gk__vr_",21.6005452335248,18,169340.794801455,36784.8220925854,845366.371600315,NA
485,2014,"09832799","gk___re",20.9215115260408,12,77072.21594196,-209817.390220915,NA,70676.1074054376
485,2015,"07977937","____vr_",194.034226959338,14,NA,NA,133911.252717475,NA
485,2016,"02429783","____vre",15.8986223698739,13,NA,NA,994798.688790732,328397.106878266
485,2017,"09812597","g____r_",4.32460174584323,22,141755.752258803,NA,NA,NA
485,2018,"04832222","_ku_vr_",110.172666918961,20,NA,32166.4507573792,2993.49332256281,NA
485,2019,"06349347","__u_vr_",446.01060023656,14,NA,NA,289019.717384046,NA
486,2013,"04055767","_k__vre",30.7084916602192,21,NA,244179.706005936,325513.249496803,154719.682638299
486,2014,"02649572","_____re",198.213224992531,9,NA,NA,NA,160068.748204943
486,2015,"09734311","__u_vr_",573.557037015328,13,NA,NA,315557.161530419,NA
486,2016,"05245520","____vr_",433.905354469763,14,NA,NA,118251.121196543,NA
486,2017,"04161790","____vr_",3.38090699575263,16,NA,NA,376786.762866157,NA
486,2018,"02467700","g___vre",20.7435055240141,16,192945.227338046,NA,1211041.17745132,160785.091719622
486,2019,"13453249","__up_r_",28.1917084588905,12,NA,NA,NA,NA
487,2013,"07310160","g_u__re",44.1148944647825,17,-3961.15137222948,NA,NA,341084.430786166
487,2014,"04506798","_____r_",92.1858965376042,22,NA,NA,NA,NA
487,2015,"05553158","___pvr_",60.8596942385565,12,NA,NA,98946.4412915166,NA
487,2016,"09433247","____vre",496.071424674227,9,NA,NA,1079429.8040021,49907.9876223898
487,2017,"11848050","____vre",384.985737598138,14,NA,NA,150915.743932605,1313697.21876633
487,2018,"10201976","_k_p_r_",1.24903777803445,18,NA,16390.3624291643,NA,NA
487,2019,"08160302","gku__r_",50.6132625396281,10,-36315.8574685046,-24286.2043136854,NA,NA
488,2013,"05652585","g___vr_",1218.68657991979,15,56027.5434820099,NA,8519.87125452228,NA
488,2014,"10567185","____vr_",4055.77184374888,13,NA,NA,31947.1845170946,NA
488,2015,"16881815","__u_vre",3.9128887829184,24,NA,NA,283889.403402145,35430.9353556584
488,2016,"13986082","____vre",67.4686767820313,18,NA,NA,1616837.58145187,48883.3405704523
488,2017,"05167306","_k_pvre",607.496269240023,12,NA,79754.2208679037,149616.79786007,103474.29274442
488,2018,"16049187","_k__vr_",11.5638367004259,15,NA,123530.027785691,237260.460952782,NA
488,2019,"05894567","g__pvr_",1221.44696270545,18,116255.108212519,NA,62579.0462432232,NA
489,2013,"04992258","gku__re",113.412838356438,17,90539.1648701372,140647.288409759,NA,947409.557392946
489,2014,"13754798","____vr_",40.6538031687896,11,NA,NA,113187.513227024,NA
489,2015,"07626132","g___vre",4.48942914728555,18,192785.490673782,NA,154730.370704568,11890.421754056
489,2016,"16351818","g_u_vre",256.854145952455,15,49345.8428399843,NA,302096.499612924,7124.06638248747
489,2017,"05126802","gku_vr_",16.6121271878651,17,22628.9834449179,-117337.082510818,209958.489741276,NA
489,2018,"05781367","____vr_",62.3276989819155,22,NA,NA,259753.812062682,NA
489,2019,"05723995","____vre",23.8522523302965,17,NA,NA,506498.885390271,22189.4013272659
490,2013,"05042786","_____r_",237.597118917086,10,NA,NA,NA,NA
490,2014,"09457935","g___vre",174.145692787726,20,38003.0851932144,NA,296182.546660498,7066.4479287762
490,2015,"05146648","g___vre",46.4630303138908,17,53513.4169733551,NA,25456.0953971766,43502.8022930666
490,2016,"04187403","g_u_vre",163.563509577127,11,114081.214077847,NA,17021.0975269429,21443.3877304382
490,2017,"13638220","g____re",765.771621184046,15,6813.44568751784,NA,NA,224014.140112388
490,2018,"14137125","g_u_vre",1097.82910953287,14,-28837.8486654325,NA,68204.7409280835,72614.0027089829
490,2019,"11145338","_k___re",430.3910843349,18,NA,48819.6703655883,NA,9298.26980914364
491,2013,"12230158","g_u_vre",2882.09601539787,20,186900.991220161,NA,57489.3040217675,1111969.91804069
491,2014,"04124636","g____re",79.5343037138107,17,74381.335481416,NA,NA,732339.410665176
491,2015,"09648384","____vr_",1529.19013693695,12,NA,NA,21660.0684276791,NA
491,2016,"05811371","_____re",184.899904560048,9,NA,NA,NA,32947.0906180757
491,2017,"04408750","____vre",8220.87755502882,11,NA,NA,28738.396356537,4960813.08569758
491,2018,"13734074","_k__vr_",1404.24848041103,14,NA,152439.358960024,7288.79763821213,NA
491,2019,"05878963","gku_vr_",28.4811547945654,17,19046.5707836171,-162226.549489031,212475.043049497,NA
492,2013,"12520413","g___vre",1223.18527009526,13,-235395.124989504,NA,413110.591873455,1428095.95428668
492,2014,"08619194","gku_vre",13.79782555044,13,213311.251323569,-85883.7313343453,122031.776150749,42112.8085867543
492,2015,"04737091","g___vr_",3436.1550400395,18,189113.848053609,NA,101892.403099215,NA
492,2016,"05528182","g_u_vr_",308.853123067473,14,24751.8108724474,NA,35245.2372201377,NA
492,2017,"07566030","_k___re",16.9653818079239,21,NA,-31737.9343068272,NA,52594.6071616146
492,2018,"14851321","g___vr_",98.9366299244481,16,-39793.3906905824,NA,488114.774976415,NA
492,2019,"02518666","__u_vr_",494.65164027699,17,NA,NA,38866.3087824645,NA
493,2013,"01045346","__up_re",495.696373146729,15,NA,NA,NA,94012.4723669883
493,2014,"10070398","____vre",177.082354920537,19,NA,NA,1695981.26417526,67954.8950717677
493,2015,"09136832","__u_vr_",1682.17436748584,19,NA,NA,47937.867934063,NA
493,2016,"05361955","_k__vr_",368.395104163553,13,NA,-105416.269584678,1090099.09824408,NA
493,2017,"05702061","____vr_",114.083599418375,24,NA,NA,559376.140341759,NA
493,2018,"08214078","g_u_vre",176.655884372897,12,43147.9826780258,NA,128057.674622735,25822.5134284253
493,2019,"04043964","____vre",151.997646011107,13,NA,NA,117062.633725768,27307.1622044489
494,2013,"16549463","__upvre",120.643908564507,13,NA,NA,135390.089613011,728701.744369728
494,2014,"04962923","_k__vr_",26.7777096571381,13,NA,96592.4553656507,121177.666141442,NA
494,2015,"01014826","g____r_",288.212719745084,12,-8730.3828234551,NA,NA,NA
494,2016,"08942002","g___vre",14.1012838620478,22,118526.658201504,NA,357523.84406135,47306.6390394038
494,2017,"12986022","g_u_vr_",74.0838562039254,14,94650.0690777288,NA,40282.5185195513,NA
494,2018,"03646252","____vre",148.259481820545,12,NA,NA,223674.754167122,201237.917242864
494,2019,"04510276","_____re",5751.65258661384,8,NA,NA,NA,61000.8462537366
495,2013,"05648546","_____re",164.108063251035,12,NA,NA,NA,91878.5445184315
495,2014,"14786965","g__pvre",168.428053963519,10,83204.5687839722,NA,589214.813045456,10667.66120426
495,2015,"05667748","g___vre",30.7445978809869,19,170347.835513697,NA,167958.600174041,16925.8101320928
495,2016,"13596374","g___vr_",48.9515583888488,19,72792.8317687587,NA,97387.6171900329,NA
495,2017,"07317827","__u__re",464.863837839536,17,NA,NA,NA,19337.6504052567
495,2018,"05600576","gku_vr_",35.1877394351399,12,36739.8756819684,-25158.9177446033,2258725.23630865,NA
495,2019,"05684887","g_u_vr_",280.103127565975,17,-37715.7638569495,NA,125615.053238582,NA
496,2013,"05795125","__up_re",2.98529909090216,17,NA,NA,NA,91457.4244615725
496,2014,"05643555","g_u_vre",1365.96637714075,16,-58827.901818679,NA,432185.536390056,2946.02716122356
496,2015,"02306216","g___vr_",198.349990361523,14,-145089.252753825,NA,19728.8491799977,NA
496,2016,"05094536","g____r_",143.650941607127,18,107626.773966378,NA,NA,NA
496,2017,"13498958","g___vr_",17.563476132994,13,55411.6997773347,NA,588637.602582772,NA
496,2018,"04210296","_ku_vre",9.15858745762109,14,NA,88725.7330093252,37330.445821896,490279.87730159
496,2019,"02334139","g___vre",44.4414480851306,15,183893.346439783,NA,128887.558993626,11684.9629085384
497,2013,"05501532","g___vre",513.162802702938,16,119144.146297761,NA,16196.642206099,419170.629592113
497,2014,"16661922","g___vre",552.137049688133,5,122752.326233749,NA,191310.571305903,189655.975249841
497,2015,"01814451","g____re",154.557034920264,16,-86262.2018826218,NA,NA,85964.2688933325
497,2016,"09177654","__u_vr_",607.044026576665,9,NA,NA,31818.4933743396,NA
497,2017,"12728559","__u_vr_",43.7575203469887,17,NA,NA,836802.564967978,NA
497,2018,"07210973","g____r_",63.2670477689885,15,-114637.821595899,NA,NA,NA
497,2019,"04168393","g_u_vre",219.862202303038,17,158581.032605201,NA,366048.900751612,139298.456971684
498,2013,"15149048","g__pvre",1667.44050677419,12,80868.9197976692,NA,43858.969117567,48784.4661751477
498,2014,"05962437","____vre",8.55361603148006,14,NA,NA,32000.1684567377,30968.7122855601
498,2015,"05409013","____vre",442.176747596798,10,NA,NA,13351750.4093489,46262.70946088
498,2016,"14561314","__u_vre",5866.73151629526,11,NA,NA,296900.631150569,31151.8440825928
498,2017,"06167255","____vr_",8.13822372166157,22,NA,NA,57753.5252677091,NA
498,2018,"05959222","____vr_",540.594367768317,12,NA,NA,30567.7571060986,NA
498,2019,"07516673","_____r_",4322.55555707223,22,NA,NA,NA,NA
499,2013,"05638188","___pvre",524.014627841163,22,NA,NA,147039.776394115,17021.3462894777
499,2014,"02658031","__u_vr_",77.9723263530996,23,NA,NA,76913.6691825594,NA
499,2015,"08685864","g_u_vre",35.7754809444947,15,75727.9877832018,NA,62172.2647481577,355366.781840805
499,2016,"04931818","___p_r_",1089.63387451979,20,NA,NA,NA,NA
499,2017,"05517087","____vr_",11101.8426596062,18,NA,NA,441560.99341989,NA
499,2018,"13713460","g_u_vre",229.223099187026,12,-17484.3471141818,NA,25056.6468744226,151074.934012084
499,2019,"04411336","__u_vre",3055.02340277489,13,NA,NA,13490.2275107137,115736.859541268
500,2013,"07892215","_k___re",662.197873198967,19,NA,304201.507462316,NA,34673.6818497656
500,2014,"04256389","g___vr_",240.889090108097,17,79488.2805845798,NA,4419850.17284109,NA
500,2015,"04804037","_k__vre",1.58467429843411,18,NA,15439.0694190207,9826.72830359329,18179.0016252592
500,2016,"09756239","g_u__r_",313.723435465491,15,-39296.0889452297,NA,NA,NA
500,2017,"01073483","_k__vr_",281.200180539234,10,NA,35316.3416610083,115921.261298849,NA
500,2018,"05099614","__u__re",0.641498290896757,18,NA,NA,NA,29436.6573735713
500,2019,"04487283","g_u_vre",124.170250849533,10,4896.73106889234,NA,39188.3316083354,373312.030902716
501,2013,"05399875","gk__vre",48.3731435185983,9,213874.653928914,46499.1043158478,266931.272747704,3022.31515399468
501,2014,"08550011","_ku_vre",1237.50965986612,9,NA,163273.026601266,6551.50851867448,65234.1439544546
501,2015,"05501366","__u_vre",595.522198978228,17,NA,NA,333539.096717333,217199.592807941
501,2016,"02666820","g___vr_",928.945864743725,13,218778.685678467,NA,1085729.60153451,NA
501,2017,"07691416","_k___r_",40.9226391786055,8,NA,180056.900050977,NA,NA
501,2018,"05040830","_k__vre",548.079663869471,13,NA,197286.027857902,691063.301423891,128124.659951472
501,2019,"15648259","gk__vre",106.419280099315,13,59540.3357600005,37842.3946572375,27743.9906690374,83252.0186316778
502,2013,"05803761","g_up_r_",1096.87905979273,19,229.997936397463,NA,NA,NA
502,2014,"05353990","g_u_vr_",106.27936791803,21,-46950.1557875653,NA,42496.8971772473,NA
502,2015,"08548716","g___vr_",3797.91516832605,10,89130.7328388425,NA,299070.347507295,NA
502,2016,"08145673","_____r_",109.734275455101,18,NA,NA,NA,NA
502,2017,"13333853","____vr_",65.3526220734316,18,NA,NA,190676.0540054,NA
502,2018,"04336895","____vr_",103.625933438818,16,NA,NA,193883.508305193,NA
502,2019,"12773725","g___vr_",13.8771916264415,14,127651.018851488,NA,531099.611250451,NA
503,2013,"05500934","g____re",1320.39299178441,18,-79492.7970150737,NA,NA,52066.586515769
503,2014,"04119059","g___vre",17.2034934038322,20,-83595.6955183703,NA,83051.1680207745,15728.8013718471
503,2015,"16383652","g___vre",3132.34123756484,23,120012.648775059,NA,195124.139543606,512269.213403811
503,2016,"08179127","g____r_",371.888571148163,14,-52500.7532488071,NA,NA,NA
503,2017,"04031393","g___vre",21.1740768132311,20,-58604.165869745,NA,123971.610984378,607324.418624861
503,2018,"09571549","gk___re",4265.50990361808,19,35047.9400577244,362295.080491337,NA,223157.83104658
503,2019,"02882335","g_upvre",212.797376924238,12,126028.250859911,NA,104893.792575172,39213.9659385488
504,2013,"07404914","____vre",6.15937836340067,16,NA,NA,251680.43858278,123773.197541372
504,2014,"04160265","__u_vre",210.94817810718,18,NA,NA,586369.083879904,87293.3669148629
504,2015,"07258135","g___vr_",10.0136182464161,16,-104378.925741783,NA,968357.918972864,NA
504,2016,"14324957","g___vr_",92.0419157238623,15,-36208.3792057126,NA,88475.1124608069,NA
504,2017,"05912113","g____r_",10.9919723661639,13,29305.1590611461,NA,NA,NA
504,2018,"16148499","____vr_",166.517214821193,14,NA,NA,53434.6555024884,NA
504,2019,"09428962","g___vr_",60.9131160308631,12,141128.023758806,NA,183875.026239132,NA
505,2013,"13153238","____vr_",281.234392404855,18,NA,NA,92981.8146595569,NA
505,2014,"05304666","g___vre",8.87906641636835,15,54002.0475464308,NA,66473.6698786529,17813.8685845979
505,2015,"05120824","__u_vr_",73.9519670140992,14,NA,NA,239790.279764578,NA
505,2016,"10772301","g_u__re",101.023794689104,13,188499.608671237,NA,NA,26355.2327528042
505,2017,"07400725","__u_vre",618.978122476659,11,NA,NA,41287.5171921301,4063.01050806415
505,2018,"05124830","g___vr_",994.2054061116,10,103006.130308416,NA,985545.542499396,NA
505,2019,"10504847","____vr_",575.979515166834,20,NA,NA,111782.732574043,NA
506,2013,"10308255","_____r_",2634.52269737318,13,NA,NA,NA,NA
506,2014,"04530267","_k__vre",20.4752477118206,18,NA,202766.158632867,105407.943006974,165662.141058243
506,2015,"11731277","g_u__re",1258.55022405202,15,73481.1552812193,NA,NA,108080.415129122
506,2016,"14665980","g___vr_",41.9571443880556,14,241525.854429563,NA,140439.198728627,NA
506,2017,"15105262","__upvr_",197.902456472003,20,NA,NA,50485.548503482,NA
506,2018,"04080554","_____re",246.917912192843,13,NA,NA,NA,434091.173277214
506,2019,"03309954","g_u__re",198.358305824412,21,216511.923247892,NA,NA,191719.762440326
507,2013,"05104650","_____r_",105.890327123524,15,NA,NA,NA,NA
507,2014,"05802987","____vr_",1626.62698155584,12,NA,NA,124868.796645453,NA
507,2015,"05855458","g_u__re",430.767134291633,17,141163.464799288,NA,NA,136315.096408948
507,2016,"04412186","_____r_",969.745779159365,14,NA,NA,NA,NA
507,2017,"09250367","__u_vr_",648.888628882628,7,NA,NA,70009.7817879583,NA
507,2018,"05200548","_k__vre",779.446177562651,10,NA,-42862.1892052651,185785.332966199,35473.8069230507
507,2019,"04362035","gk__vre",168.143897476037,10,94690.410164832,140234.82448646,40230.3640756757,60516.7976997502
508,2013,"07200619","gku_vre",84.0958188750524,15,-52539.5221794858,-29140.902728493,196917.411648769,31368.818142149
508,2014,"06588343","g____re",72.6885094501473,14,98930.3898115279,NA,NA,80030.9887419328
508,2015,"05684435","_____r_",443.962971519175,13,NA,NA,NA,NA
508,2016,"05193132","_____r_",749.518420262518,13,NA,NA,NA,NA
508,2017,"08156050","____vr_",96.2293630408486,10,NA,NA,184542.229617184,NA
508,2018,"04101513","____vr_",308.95327220895,14,NA,NA,50527.9730740332,NA
508,2019,"07245239","__u_vre",1358.78834489404,9,NA,NA,425867.37300862,82584.3107068059
509,2013,"12025598","g__pvre",36.7512779337948,17,97543.7104415204,NA,682814.414171665,75376.4934745683
509,2014,"05781599","g_u_vr_",195.454845049806,17,58643.8219051999,NA,396607.882159028,NA
509,2015,"07501392","__u_vre",41.6180940235957,14,NA,NA,144161.266050913,479835.830908065
509,2016,"09895452","g___vre",980.361331082955,11,-59578.292086518,NA,140283.471060689,23398.0647293775
509,2017,"09076647","____vre",14.5158929938905,10,NA,NA,1946282.19496374,175004.594213597
509,2018,"11329190","g___vr_",45.3873230843217,16,149557.928247086,NA,167547.962740893,NA
509,2019,"11327456","g___vr_",30.8715427627107,12,-14280.9319662156,NA,199563.436853484,NA
510,2013,"04492774","g___vr_",7740.51163052211,20,66027.3042976515,NA,29082.3213678227,NA
510,2014,"03186667","_k__vre",2343.1712151851,9,NA,112368.803180273,339953.934427583,37074.9233470518
510,2015,"05156488","gku_vre",213.058328763715,16,-149565.409361955,-68127.464300651,110790.937561303,96213.7280906728
510,2016,"07134214","_k___r_",669.643542576392,15,NA,39905.5335155214,NA,NA
510,2017,"15522457","____vre",97.9709596440763,12,NA,NA,61092.5430337706,63789.3858307642
510,2018,"05820547","gk___re",427.859095509521,22,-38523.4145344345,-147250.125689345,NA,1811413.01745646
510,2019,"08475538","____vr_",70.7805192649164,21,NA,NA,286350.340292071,NA
511,2013,"05657648","____vre",7469.57624074146,5,NA,NA,81053.1035804433,442243.820390961
511,2014,"02093471","g__p_r_",92.7641810731979,19,221396.005472955,NA,NA,NA
511,2015,"04598177","g_u_vre",10869.4749374591,12,277377.818312769,NA,1280209.41967808,166773.033354024
511,2016,"04139916","_ku_vr_",349.341262091601,17,NA,146183.669246337,41583.6283200365,NA
511,2017,"04192472","____vr_",162.924610698056,17,NA,NA,44445.9290381832,NA
511,2018,"04986390","____vr_",267.426707706049,14,NA,NA,16221.8685648809,NA
511,2019,"05392663","_k___r_",188.080340113247,14,NA,100574.990210483,NA,NA
512,2013,"16600733","____vr_",31.0260174940772,13,NA,NA,141540.736324621,NA
512,2014,"14459620","_____re",63.2404900455485,12,NA,NA,NA,2823727.42170403
512,2015,"02828462","____vr_",3047.38703752474,18,NA,NA,26647.1250485633,NA
512,2016,"11193584","_k__vr_",1128.53316804492,12,NA,28026.4482921091,413672.429679434,NA
512,2017,"05964363","_____re",2799.48254201347,18,NA,NA,NA,132179.197161019
512,2018,"04425216","____vr_",31.5547244581642,19,NA,NA,44905.2892835065,NA
512,2019,"14504565","gk__vre",2049.76195214498,17,-68065.792588866,154415.521663519,415135.64471562,16202.3875333526
513,2013,"05628721","____vre",2.46295142927221,15,NA,NA,215043.052555644,166545.939601152
513,2014,"14048068","_____re",190.686206314688,23,NA,NA,NA,178608.099708402
513,2015,"05624903","_____r_",336.280747188466,21,NA,NA,NA,NA
513,2016,"08103111","gk__vre",48.2676461075355,17,38830.6563678299,303006.914064512,62561.0331079683,14303.1881976458
513,2017,"01855922","_____re",1837.13070627268,9,NA,NA,NA,52349.719110537
513,2018,"08264477","g_u_vr_",8112.64305729126,17,190691.359483002,NA,84548.769248737,NA
513,2019,"07594317","g_u__re",4.4141432892381,17,-244652.480198349,NA,NA,363735.331030311
514,2013,"04552265","g___vr_",1427.26496948814,13,8670.15864215678,NA,226151.754210949,NA
514,2014,"05074794","_k_p_re",616.963025785717,11,NA,76971.6281105456,NA,21038.4443375488
514,2015,"04511776","g___vre",36.8475954020748,18,74763.1391958898,NA,192963.728429866,62092.1467488668
514,2016,"07071423","__u_vr_",55.5054169072003,14,NA,NA,76952.2771504885,NA
514,2017,"05022095","____vr_",795.007753468545,9,NA,NA,41539.0731809776,NA
514,2018,"07659711","g_u_vre",92.6947399755695,8,-87385.3638205128,NA,194501.513943681,6994.48461641744
514,2019,"03431148","g_u_vre",105.971794769461,16,184717.408596564,NA,24348.4702670753,20347.5213185282
515,2013,"05578173","__u_vr_",256.104543173583,16,NA,NA,933391.360992276,NA
515,2014,"11929233","gku_vre",33.7017227932838,20,70843.2292551117,-54169.3214476983,3495559.07200604,63847.3005363165
515,2015,"05222609","__u_vre",12.7986228253882,15,NA,NA,321416.101690874,7942.61880412725
515,2016,"08395944","g___vre",82.1222636958312,11,-12386.4420498911,NA,64578.4568448229,15087.5157083929
515,2017,"04935115","____vre",118.446635359112,19,NA,NA,136268.670724226,30843.1301905096
515,2018,"16480496","____vr_",6.21842025473348,11,NA,NA,31699.5381300936,NA
515,2019,"04865516","____vre",148.019357405055,17,NA,NA,358758.610300447,74564.6059707047
516,2013,"04533037","__u_vr_",122.349945361982,9,NA,NA,1182313.22352977,NA
516,2014,"04558606","__u_vr_",2531.03258926247,18,NA,NA,244426.926547711,NA
516,2015,"14557335","g_u_vr_",64.4126133530497,17,38607.4930217887,NA,110007.751169439,NA
516,2016,"05785172","_____r_",85.3832503644455,13,NA,NA,NA,NA
516,2017,"07180865","g_u__r_",1627.15177435382,15,178351.929638143,NA,NA,NA
516,2018,"07311968","____vre",378.686929434596,12,NA,NA,147894.928956311,3408.54486585254
516,2019,"09985668","_____re",422.966899060741,14,NA,NA,NA,377728.766228653
517,2013,"10163782","g___vr_",54.0379270252803,17,79025.8495319792,NA,553343.684306245,NA
517,2014,"08761596","g___vr_",40.9470554361969,13,126651.104020562,NA,32753.3585357808,NA
517,2015,"15008849","g____r_",2210.90768438158,16,-33228.8403791339,NA,NA,NA
517,2016,"04382177","__u_vr_",550.387653717968,19,NA,NA,32350.7999879447,NA
517,2017,"13899804","g__pvre",68.5950033703748,16,93633.4199136015,NA,359057.059432133,97620.1448743744
517,2018,"12063248","__u_vr_",130.803651843712,16,NA,NA,42838.7604542814,NA
517,2019,"08077689","gk___r_",2497.60516131395,17,-26647.53099375,130634.523265624,NA,NA
518,2013,"12703429","g___vr_",24.1982287532494,6,121837.965841063,NA,157640.258456811,NA
518,2014,"05227342","g___vr_",261.762442377831,22,-204154.8306415,NA,163967.747143311,NA
518,2015,"04967317","____vr_",2.23187368828176,14,NA,NA,18389.3535125698,NA
518,2016,"09441232","g____re",51.6498266341946,18,89185.5257599686,NA,NA,46215.9842806355
518,2017,"04170900","__upvr_",1041.20081806746,20,NA,NA,520173.740671785,NA
518,2018,"16061959","g__p_re",266.742969525365,17,180796.449339912,NA,NA,66682.1635954897
518,2019,"09116478","____vr_",18.5053397966911,14,NA,NA,18108.6093767255,NA
519,2013,"13244518","__u_vre",551.110136387694,11,NA,NA,575179.490006643,156516.218548188
519,2014,"05833931","g___vr_",6.25392779484593,13,112052.843662699,NA,685779.784263512,NA
519,2015,"12945117","_k__vr_",556.905491917898,14,NA,241033.547375203,258279.404229852,NA
519,2016,"08646943","g_upvre",16.0175527944971,11,155295.978791889,NA,62287.0474066087,88877.9394754367
519,2017,"11601379","__u_vre",8.2536895941266,9,NA,NA,17120442.6745953,691.609572471184
519,2018,"04779831","__u_vr_",42.3295086045803,14,NA,NA,76019.730591062,NA
519,2019,"09170039","g___vr_",252.188121905593,13,-3194.99772063252,NA,173517.708824831,NA
520,2013,"05765048","g_u_vr_",650.908789365205,14,81520.1096796775,NA,761647.919316497,NA
520,2014,"05268811","__u__re",2176.68647000522,11,NA,NA,NA,1025074.01197135
520,2015,"04257457","g___vre",86.3847518792657,17,-37866.8050882536,NA,79434.2238552747,50355.0272606244
520,2016,"05247805","__u_vre",6.15798622764198,12,NA,NA,34406.3993418334,129853.872921847
520,2017,"05309666","g_u__re",210.078807708695,12,24510.0204971255,NA,NA,8823.64171715865
520,2018,"13388949","_k__vre",773.47181097919,14,NA,18977.0597551965,20576733.0809902,26138.8650026636
520,2019,"04460629","_____r_",1236.86121053534,12,NA,NA,NA,NA
521,2013,"01861316","g_u__re",294.671444281286,15,-14766.4690768832,NA,NA,139887.418910183
521,2014,"07922937","____vre",894.629587830351,21,NA,NA,161139.883086292,25975.5205381237
521,2015,"04270190","____vre",462.846546303776,20,NA,NA,1398347.31770555,511835.566101016
521,2016,"12795191","g___vr_",645.973064966901,12,-22516.5843828309,NA,60543.1103473804,NA
521,2017,"04040257","gk__vre",327.766338407255,13,-26912.6613047114,27677.1716079807,96597.9682638927,29821.7928731152
521,2018,"05462697","____vre",390.276204974462,17,NA,NA,70783.782490208,40838.2309765142
521,2019,"05689280","__u_vre",282.923975530286,24,NA,NA,131026.00170862,60503.6337220171
522,2013,"02306110","gk__vre",53.6875966776487,11,77807.0692847132,8467.32306775564,340580.107173848,62077.4943001154
522,2014,"08868774","g___vr_",105.775529210475,15,-21888.1204580765,NA,158459.247039733,NA
522,2015,"14951989","____vre",200.440290360697,20,NA,NA,4518.14950962916,33170.584312734
522,2016,"07868610","_k_pvr_",2444.67037658958,13,NA,-15348.3135282883,30033.6759052954,NA
522,2017,"04920805","g___vr_",304.170970612241,11,59701.0751010888,NA,107135.689354634,NA
522,2018,"05628648","gk__vr_",174.287542934817,12,173241.247583425,-32200.9706788193,62981.4889002103,NA
522,2019,"03332137","____vre",2.30964186865039,14,NA,NA,5593.53843585463,57645.6987658571
523,2013,"15119824","g___vre",968.531587840864,10,144498.517942761,NA,80887.7881627257,310109.303780524
523,2014,"05813810","_____re",7.99155505961696,24,NA,NA,NA,36776.9278026699
523,2015,"07144171","gk__vre",30.0704351383555,13,26571.6258881004,109975.148111556,20044.6722051407,4270.79786971985
523,2016,"15970233","____vr_",43.7514853594056,17,NA,NA,4695.44374773391,NA
523,2017,"01119627","g___vre",468.426782847432,16,132451.931910272,NA,135324.664471744,1414558.01269057
523,2018,"05205076","____vre",25.8669381622855,15,NA,NA,206349.10328372,5781.23127528845
523,2019,"04258129","g_u_vr_",221.822738947223,17,50062.345463109,NA,1011205.24257997,NA
524,2013,"14095185","____vre",56.8825740973056,14,NA,NA,274557.445523839,350327.983978496
524,2014,"08309835","g____r_",225.290331140294,13,120437.491164277,NA,NA,NA
524,2015,"08750585","g____r_",874.390306670829,15,186962.915256241,NA,NA,NA
524,2016,"16271470","____vr_",84.7593205381988,18,NA,NA,29968.0577585319,NA
524,2017,"04564789","__u_vr_",118.390209527254,14,NA,NA,50211.0532754013,NA
524,2018,"14500775","_k__vr_",81.6793144959198,19,NA,-138670.351255673,287596.228607892,NA
524,2019,"05576891","____vre",9906.37328128143,17,NA,NA,1867724.37466372,27759.1452326302
525,2013,"10596827","____vre",252.061128280905,11,NA,NA,7286.56889746521,55575.6119033829
525,2014,"08012628","__u_vre",1857.4304507861,18,NA,NA,24147.2727734947,58753.301807857
525,2015,"05658501","__u_vr_",7.35107205773261,9,NA,NA,33740.2668747484,NA
525,2016,"07483699","g___vre",430.502796545303,15,-17486.2660029493,NA,2171094.89689481,79101.7140939995
525,2017,"08209783","g__p_re",8.32305368106634,11,-65445.1295785644,NA,NA,695440.031046244
525,2018,"14952536","g____r_",23.5237599306336,10,-2011.3299255389,NA,NA,NA
525,2019,"07775446","g_u__re",74.7353298049154,17,172034.150555775,NA,NA,29842.250240244
526,2013,"14513798","_k_pvr_",79.7960541930843,18,NA,88548.2646775327,1168322.4137746,NA
526,2014,"04143180","g___vre",780.326734124706,9,-53083.0441735755,NA,9455.88476258616,17532.4573002758
526,2015,"11325763","g___vre",419.721049848299,10,95527.6140269836,NA,95944.7834204504,136968.483109506
526,2016,"04685501","__u__r_",6115.50004651629,16,NA,NA,NA,NA
526,2017,"02460577","g____re",114.937447572663,15,85383.3442751448,NA,NA,101237.75639133
526,2018,"06370723","g___vr_",11.041811699389,16,178203.89433712,NA,2218762.23390803,NA
526,2019,"05493856","_____r_",26.1924605921331,19,NA,NA,NA,NA
527,2013,"09204563","____vre",319.433766418524,10,NA,NA,200025.384196912,693515.991737818
527,2014,"02837650","g____re",114.633499052276,11,90518.528816048,NA,NA,10177.5541717901
527,2015,"07675326","_____r_",292.165992096495,15,NA,NA,NA,NA
527,2016,"07133355","g___vre",497.76729237994,18,-117970.292203163,NA,2126070.08901343,31229.3407946981
527,2017,"10739358","_ku_vre",5.85854154292928,18,NA,-102886.031805022,752277.520378488,84850.6241943651
527,2018,"09346354","_k___r_",125.5991179219,14,NA,-98517.4261905685,NA,NA
527,2019,"04409052","____vr_",781.02057312234,17,NA,NA,83660.8977185288,NA
528,2013,"08512697","___pvre",388.659529212076,11,NA,NA,106738.660219491,21933.9010626758
528,2014,"08218375","_ku_vre",568.774542279862,19,NA,124730.688101435,111713.139454933,91902.1731066029
528,2015,"08380133","___pvr_",2.10209288709337,14,NA,NA,82686.3925137935,NA
528,2016,"02951380","_____r_",890.652677203391,15,NA,NA,NA,NA
528,2017,"04481233","gk__vre",460.105601580748,12,77017.1621535587,-203641.662552255,154293.502471044,395287.543951469
528,2018,"04156786","____vre",161.065571052391,12,NA,NA,3922121.01697568,18365.012621949
528,2019,"04729035","g_u_vr_",106.04396831728,17,16950.8646453506,NA,346824.432115238,NA
529,2013,"04585521","__u_vr_",258.618105472716,16,NA,NA,34994.8188818002,NA
529,2014,"02587574","_____r_",61.8355378871094,15,NA,NA,NA,NA
529,2015,"04633023","____vre",3750.77123672021,15,NA,NA,1149728.88299839,51710.8647955468
529,2016,"03301293","____vr_",1430.70191343654,15,NA,NA,329177.204425738,NA
529,2017,"05408035","g___vre",1210.08626445544,21,30057.8977565195,NA,843100.623264795,27053.3422512974
529,2018,"16694197","_____re",145.886206735217,19,NA,NA,NA,46150.088452932
529,2019,"08583039","____vre",1062.70308329261,22,NA,NA,82315.9343759283,2696.96303619754
530,2013,"10854711","g___vr_",11.0046165754146,11,-4861.4595164293,NA,95806.6323696027,NA
530,2014,"09205110","gk__vre",18.2408154221447,22,15039.0410742165,-122043.529606645,260892.131491842,22130.3740676065
530,2015,"07231767","_k__vr_",125.939933572676,13,NA,-78699.4379435235,184669.637435355,NA
530,2016,"12142416","_____r_",21.5303894676799,14,NA,NA,NA,NA
530,2017,"05215121","g____r_",105.649307576911,16,41224.4876171214,NA,NA,NA
530,2018,"06657009","____vre",33.2290072147235,19,NA,NA,118655.02704767,49210.1715153936
530,2019,"08689140","____vr_",63.7419394492652,17,NA,NA,261806.410419228,NA
531,2013,"11625028","____vre",87.0613675015135,10,NA,NA,50775.6406650982,5558.8605399928
531,2014,"08304538","g___vre",47.3372733990477,14,68438.5293104903,NA,108064.079708967,187909.934709618
531,2015,"05943335","g___vr_",205.881987887636,17,83119.5284385275,NA,65329.0876715169,NA
531,2016,"08232740","g__pvr_",63.7857568915209,17,25916.4754190743,NA,634628.425363434,NA
531,2017,"13146143","g____r_",1100.55980184098,13,56052.0133222431,NA,NA,NA
531,2018,"07803863","g_u_vre",345.681265349697,22,24902.9659216877,NA,3441.24329208485,18531.6877481767
531,2019,"08803226","____vr_",1048.80875875631,14,NA,NA,10268.6189578272,NA
532,2013,"11117774","____vre",199.860010375687,14,NA,NA,566912.854041377,55384.5952179734
532,2014,"04728166","_ku_vre",20.1032977318349,22,NA,58195.7965383028,4943.60577300733,165191.803884632
532,2015,"02062540","g____r_",17.2861725978672,14,93172.9251444028,NA,NA,NA
532,2016,"06393048","__u__re",185.279310346557,12,NA,NA,NA,351435.13835213
532,2017,"10581817","g___vr_",344.008547444666,17,166411.841480989,NA,958449.079519331,NA
532,2018,"09149646","____vr_",2640.03798020225,13,NA,NA,17884.3447755453,NA
532,2019,"04830036","g___vre",3139.54078340657,10,111794.850132415,NA,459442.896852208,32597.6735550819
533,2013,"06954805","_____r_",166.341477094706,14,NA,NA,NA,NA
533,2014,"08323631","g_u__r_",1021.09099568206,10,203310.867985182,NA,NA,NA
533,2015,"07752662","g___vr_",299.060121456064,10,198545.989222883,NA,484736.122234825,NA
533,2016,"02022659","g___vr_",539.623315837925,14,44508.0866053732,NA,796431.952580523,NA
533,2017,"04897409","g____re",14.6297287155075,16,22647.4538021057,NA,NA,43138.0349851143
533,2018,"14115914","_k__vre",968.767962495749,22,NA,-41260.9131353891,26050.5461143527,85180.9761680905
533,2019,"05893340","g___vre",94.8730066206766,23,124553.303912175,NA,904937.064889989,208952.227472096
534,2013,"04123241","_____r_",232.678827630207,13,NA,NA,NA,NA
534,2014,"16423092","gk___r_",3.93531674583694,12,142449.755124605,72446.5460832631,NA,NA
534,2015,"04013933","__u_vre",43.8301401091407,13,NA,NA,46470.433011096,31658.5070297286
534,2016,"05441810","____vre",11.8111851125347,14,NA,NA,769966.871924378,4376.70463587965
534,2017,"05274572","__u__r_",338.175362244709,15,NA,NA,NA,NA
534,2018,"12829561","g_u_vre",285.670357291577,10,12781.4348691423,NA,598728.54865434,38681.9785114345
534,2019,"12423214","gk__vre",14.531055006556,13,-70778.7326460781,282523.842602752,1423039.52919379,111989.033866036
535,2013,"08642459","___p_re",80.4162982660316,11,NA,NA,NA,171365.395821237
535,2014,"04112194","_ku__r_",28.6862106767494,17,NA,57631.2836922607,NA,NA
535,2015,"09283767","g____re",199.978846060866,17,35583.2769316955,NA,NA,294842.061530403
535,2016,"10603378","__u_vr_",233.663088172508,16,NA,NA,22427.6814568554,NA
535,2017,"15666252","_ku_vre",2.08700708903461,21,NA,256784.50913496,858512.822904997,23520.3304141109
535,2018,"11011480","__upvr_",2.13381007164914,11,NA,NA,353410.128332975,NA
535,2019,"04690698","____vre",195.236599493034,18,NA,NA,1136045.87846232,36546.2719802003
536,2013,"10270833","g_u__r_",89.1109248747069,21,61688.6465313761,NA,NA,NA
536,2014,"04002560","g___vre",354.870810543619,10,74230.7139600542,NA,2992.86232138403,18922.458141266
536,2015,"04394417","g___vr_",2131.19469974905,8,-64400.2402965983,NA,63041.5362970476,NA
536,2016,"07049770","____vre",797.372377390162,19,NA,NA,64371.4568710111,77466.6890925234
536,2017,"05272861","___pvr_",175.026494405858,19,NA,NA,90824.941560667,NA
536,2018,"16286931","_k__vre",431.719659888291,9,NA,-10584.8928987937,53007.3206490034,16376.9066630466
536,2019,"04784062","gku_vr_",167.519137668369,21,-50493.5748224169,162749.331164,3949314.69878965,NA
537,2013,"04590088","____vr_",222.262143917487,13,NA,NA,4248269.50346505,NA
537,2014,"08620646","g_u_vr_",449.636422562075,17,-31135.8874015079,NA,21005.5041587726,NA
537,2015,"07285311","_____r_",1025.95853603899,17,NA,NA,NA,NA
537,2016,"04727532","g_u_vr_",27.696083966126,14,277595.624612605,NA,42249.4339021605,NA
537,2017,"12084120","__u_vre",9.69020560509932,18,NA,NA,1231469.60875555,25654.5826452443
537,2018,"16340254","g_u__r_",6012.07145859101,16,192666.513909227,NA,NA,NA
537,2019,"01846069","_k__vre",32.7036125530437,15,NA,200881.66623572,245803.414401915,23535.4766752406
538,2013,"07146334","g__pvre",6447.82323189055,20,19253.7838800791,NA,64927.1342401516,62771.6505043718
538,2014,"12634829","gku_vre",717.70073117195,16,7275.32301681968,257514.668972148,247008.364028671,783.787247017404
538,2015,"05851133","gk__vre",52.0384731572752,15,82720.3022664513,6464.63344744156,72103.92024904,134445.31361149
538,2016,"07470645","____vre",47.8611530277233,12,NA,NA,43855.1675950312,308591.298455274
538,2017,"12944313","___pvre",345.016786705695,16,NA,NA,430528.498835355,2269.69077544372
538,2018,"01925178","g__p_r_",11213.1253170936,15,88300.6221862002,NA,NA,NA
538,2019,"13361871","____vr_",603.358766560378,19,NA,NA,370397.745898172,NA
539,2013,"08547806","g__p_re",106.987060525466,15,174490.689484096,NA,NA,8645.07788604807
539,2014,"04654915","__u__r_",1036.17474082251,18,NA,NA,NA,NA
539,2015,"04877990","g___vr_",117.441646909884,18,-30273.9251568153,NA,1424196.23649889,NA
539,2016,"09014438","____vr_",136.931189523381,15,NA,NA,521492.62048017,NA
539,2017,"06961225","g___vre",47.35719530987,15,131651.779111703,NA,59335.876231656,4498.02252295633
539,2018,"07665172","_____r_",154.860589983056,12,NA,NA,NA,NA
539,2019,"05224566","____vr_",1919.48187346847,17,NA,NA,41390.1045460677,NA
540,2013,"05148774","g___vr_",921.722417317273,14,47190.0716433933,NA,770711.726884152,NA
540,2014,"12938840","g___vre",55.5114321541736,22,25233.5732015691,NA,404277.110872312,53625.6379772371
540,2015,"04828296","g_u_vr_",1053.11142038276,15,15490.0061285919,NA,816147.749903757,NA
540,2016,"09252719","__u_vr_",49.2782259072742,23,NA,NA,298659.036897319,NA
540,2017,"07619144","___pvre",141.90912964723,21,NA,NA,427817.509609122,6664.74576137134
540,2018,"07852821","____vre",56.1108531300374,14,NA,NA,74587.0592972868,569845.059100077
540,2019,"04133256","____vr_",7563.56294073208,17,NA,NA,348030.568999345,NA
541,2013,"04529941","_____re",1841.93853072067,7,NA,NA,NA,5268.04487273126
541,2014,"08774336","__u__re",21.8754314559665,22,NA,NA,NA,112039.778160449
541,2015,"07942872","__u__r_",1947.40421666616,14,NA,NA,NA,NA
541,2016,"05868960","__u__re",1212.44475137146,15,NA,NA,NA,168489.60785467
541,2017,"06162929","gku_vr_",190.477568187399,10,-13565.2626293707,219093.053705065,15384.9114201922,NA
541,2018,"10445198","g____r_",461.683045848675,16,191525.979723045,NA,NA,NA
541,2019,"07909898","__u__re",804.964411508579,16,NA,NA,NA,83631.4728274338
542,2013,"05487902","_k___re",613.543472053593,20,NA,19157.7513545312,NA,50829.5919835839
542,2014,"04661789","g____re",302.697008861645,14,122709.910674084,NA,NA,15975.4951599638
542,2015,"07096868","__u_vr_",54.9478456488883,17,NA,NA,116902.144324585,NA
542,2016,"05540657","g_u_vre",30007.969091737,20,60616.4096726912,NA,76550.888349792,217259.238604059
542,2017,"09869393","g__p_r_",868.465594810735,15,25237.2398342796,NA,NA,NA
542,2018,"04575484","____vr_",45.6193258750986,23,NA,NA,422477.271358305,NA
542,2019,"12473866","__u_vr_",29.2560467143975,17,NA,NA,86283.1506852146,NA
543,2013,"07395180","____vre",215.842044546686,10,NA,NA,430310.76577476,17016.7387331888
543,2014,"05827019","g___vre",250.255640323164,19,67471.8122874831,NA,296894.205271541,259848.81764222
543,2015,"05337615","_____re",170.070794407587,16,NA,NA,NA,158129.023823859
543,2016,"05193879","g___vr_",65.0892151085669,18,102773.854925688,NA,1590450.16203163,NA
543,2017,"16199488","g___vre",194.152899457235,17,111547.329947462,NA,134116.446061969,363076.787153971
543,2018,"07870519","g_u__re",160.701543398753,16,-97680.9922279293,NA,NA,506201.83448852
543,2019,"08110950","_____re",24.0245525243288,17,NA,NA,NA,834708.452083049
544,2013,"05517730","g___vr_",329.174259652207,28,-18608.5356168245,NA,26358.0271322617,NA
544,2014,"02264594","g__pvr_",33.3636377249076,19,37808.0986023338,NA,51990.5530353812,NA
544,2015,"08876882","__u__re",146.042182248915,19,NA,NA,NA,1357518.58798641
544,2016,"10345627","_____r_",5.30446703962624,20,NA,NA,NA,NA
544,2017,"07235251","_____r_",66.0494162940622,12,NA,NA,NA,NA
544,2018,"11299086","__u_vre",42.0933348048976,14,NA,NA,19550.7110264555,74124.7953991657
544,2019,"13280586","__u_vr_",95.4290228712041,13,NA,NA,333194.614314534,NA
545,2013,"05266639","__u_vr_",16.8726364508816,16,NA,NA,55601.4306033702,NA
545,2014,"05331257","____vr_",1493.63950585962,15,NA,NA,20216.6757424592,NA
545,2015,"14979059","g____re",459.312787537804,15,68976.3368628015,NA,NA,1145.13748501455
545,2016,"07524881","__u_vre",38.820070765272,21,NA,NA,2575594.57370498,74634.5346070111
545,2017,"04156629","____vr_",331.215353355034,20,NA,NA,215067.550361096,NA
545,2018,"05222417","____vre",88.7143430616504,16,NA,NA,109102.093252399,12269.3390345519
545,2019,"07320221","____vre",57.0494013912241,11,NA,NA,490067.937951542,47127.1584718513
546,2013,"05870761","g___vre",1243.90387074063,7,-77842.8407483274,NA,62091.0191325572,84846.1017440856
546,2014,"04293445","_____re",18.5000495760952,11,NA,NA,NA,15007.9801667748
546,2015,"02298513","____vr_",89.6148964708538,16,NA,NA,329972.177992159,NA
546,2016,"08189055","____vre",1848.59265292681,15,NA,NA,82251.2005088469,208360.235206673
546,2017,"05663439","__u_vre",73.219726619816,13,NA,NA,477473.835770743,12851.5535901893
546,2018,"08687756","____vr_",636.683962181846,15,NA,NA,32804.4630858435,NA
546,2019,"11615892","____vr_",63.2440299057435,14,NA,NA,32585.8228946379,NA
547,2013,"05818962","g_u__re",2256.25697866206,13,60254.7423609866,NA,NA,116191.163401043
547,2014,"04533773","_____r_",10.9457620325101,11,NA,NA,NA,NA
547,2015,"12418081","_k___re",518.536504702547,23,NA,-872.166443596143,NA,70438.1844009966
547,2016,"14654098","g_upvr_",7252.63250963952,14,79422.6735378981,NA,507201.710425407,NA
547,2017,"08136443","gk__vre",1281.39910943093,19,175581.302769759,110140.175195933,170392.573226395,20163.293375587
547,2018,"05573555","____vre",21.536881097836,17,NA,NA,319249.267655775,18653.7147715593
547,2019,"05618546","____vre",266.558961381596,17,NA,NA,122402.137552791,39861.3735627386
548,2013,"12484757","_____r_",61.7594830114656,16,NA,NA,NA,NA
548,2014,"05969402","g_u__r_",294.475089382083,13,79319.4033997469,NA,NA,NA
548,2015,"16399916","____vre",618.571460879103,15,NA,NA,184525.145547017,24352.2446566458
548,2016,"04583373","g___vre",437.685312459889,14,-52092.9472401731,NA,191647.959479879,35960.3814315172
548,2017,"05536867","gku__re",14.0331744660531,14,170075.19335186,39998.4469073692,NA,123556.4392348
548,2018,"05910203","g___vre",428.53993829201,13,214811.303658253,NA,466949.143653603,603410.106448763
548,2019,"10701591","g____re",24.8825461947293,19,18942.0693221668,NA,NA,67772.291630825
549,2013,"08024880","gku_vre",1325.13362268771,12,13927.8358916119,68229.6862906243,271647.918356276,10091.9194536043
549,2014,"07227767","_____re",462.589278421205,15,NA,NA,NA,61450.5578386104
549,2015,"02904291","__up_r_",176.194680423218,13,NA,NA,NA,NA
549,2016,"11931275","__u_vr_",47.6325031657004,19,NA,NA,282331.450429028,NA
549,2017,"08314027","g___vr_",13.8755660434989,18,131005.40017715,NA,70480.1371367641,NA
549,2018,"04330381","g____re",135.258563233399,16,-34747.7677903036,NA,NA,830788.772296632
549,2019,"14939424","g_upvre",86.7853419664111,20,7389.76759497515,NA,347905.587704911,8987.84278032636
550,2013,"08313580","____vr_",1297.99111662832,18,NA,NA,118576.481013023,NA
550,2014,"05141561","g___vr_",8.72550702168303,18,85383.2229881741,NA,38451.477849681,NA
550,2015,"04326992","_____re",2099.77465914077,15,NA,NA,NA,120663.413753033
550,2016,"05597630","g_u_vr_",123.279125783428,19,-62789.003041705,NA,68895.5868197064,NA
550,2017,"09503363","g___vre",3037.39932063146,12,-163947.277604953,NA,27542.4040835785,28689.6074132465
550,2018,"05111474","____vre",486.022040418767,19,NA,NA,368086.492614407,7328.71883079282
550,2019,"16387946","g____re",1921.07943861132,14,33017.7902925143,NA,NA,201691.217254523
551,2013,"01867258","gk__vre",10.777941532342,17,-77083.3564284201,42934.6524898838,442085.991002603,247341.436677628
551,2014,"01503121","____vre",891.865256926078,15,NA,NA,4616742.76806299,308680.238606966
551,2015,"05993106","____vre",200.259109447614,22,NA,NA,236475.170338335,11763.963501272
551,2016,"05330977","____vre",3741.13681474915,13,NA,NA,127126.234069223,270740.87686708
551,2017,"14465428","g_u_vr_",48.6474352484315,14,111029.61522634,NA,783214.291039806,NA
551,2018,"15643485","____vre",92.677547528994,17,NA,NA,160166.809640305,10809.6236272964
551,2019,"07943107","____vr_",11.1517085229359,13,NA,NA,460728.089175779,NA
552,2013,"04038858","_____re",35.3683422087179,11,NA,NA,NA,42540.4722600958
552,2014,"09032168","_____r_",239.568006747576,14,NA,NA,NA,NA
552,2015,"08296948","g_u__r_",21.6610224077853,15,162796.2874643,NA,NA,NA
552,2016,"05563715","g____re",602.065707429449,13,-132362.397225798,NA,NA,374343.203496579
552,2017,"11683421","_k__vre",3754.19361278923,20,NA,219600.235856422,1490602.49009825,62919.1738565683
552,2018,"05599367","____vr_",47.073988019863,19,NA,NA,187328.874735261,NA
552,2019,"09191114","gk__vr_",7.16340965182196,17,37159.2833525841,-6094.77775661502,136086.202661615,NA
553,2013,"07845100","g___vr_",3301.36907237072,4,99323.9965713883,NA,4055847.75702876,NA
553,2014,"04261002","g_u_vre",16819.7535914285,16,-126096.602770929,NA,353446.862070874,32280.3707224913
553,2015,"07470098","g____re",892.818238454572,13,-62605.3306431429,NA,NA,46483.4613589508
553,2016,"09777442","____vr_",5.30311275394519,13,NA,NA,29606.8807655015,NA
553,2017,"05175149","g___vre",54.3462747821972,14,15986.9774394495,NA,27709.2425320687,54441.7648491523
553,2018,"04425908","g___vr_",266.156010277728,17,35270.3851597496,NA,34675.5963437014,NA
553,2019,"14234766","____vr_",271.820154077664,21,NA,NA,323616.727883117,NA
554,2013,"07698920","__u__re",781.256235178932,9,NA,NA,NA,27251.5801062784
554,2014,"05302913","__u_vr_",14.0099482433819,15,NA,NA,110678.43995969,NA
554,2015,"06774606","____vr_",318.893011143977,11,NA,NA,1332095.62825968,NA
554,2016,"04174481","__u__r_",3100.25351175188,16,NA,NA,NA,NA
554,2017,"15523643","____vr_",191.63107344922,14,NA,NA,887667.446307152,NA
554,2018,"07500148","_____re",443.437617156676,20,NA,NA,NA,64713.9716243854
554,2019,"08812876","____vre",157.33689063331,18,NA,NA,134643.824931411,8892.08437715786
555,2013,"04515786","g____re",40.5195402589305,17,113919.909997832,NA,NA,8608.30874275568
555,2014,"05075322","____vr_",15.5297354544535,13,NA,NA,24860.5185709627,NA
555,2015,"05187072","_____re",1092.88915294004,18,NA,NA,NA,328018.985458968
555,2016,"06979651","__upvre",53.7893946410057,20,NA,NA,56414.3620536234,305109.292430015
555,2017,"04713840","____vre",242.002630313957,17,NA,NA,3380549.00993728,7003.3719351932
555,2018,"12205047","____vre",24.281768795582,4,NA,NA,263864.109293155,20575.8982633158
555,2019,"07334238","_ku_vre",7.02375583871912,16,NA,-102791.975355227,95903.9210214373,10988.3762297853
556,2013,"05196739","__u__r_",1934.75006584841,16,NA,NA,NA,NA
556,2014,"05257575","__u__r_",3688.7062115276,18,NA,NA,NA,NA
556,2015,"10534385","g___vr_",400.476869536964,16,-35513.0640191204,NA,209288.911287822,NA
556,2016,"05544583","____vre",402.809063482689,12,NA,NA,2804966.98092578,12089.9479046049
556,2017,"01625360","____vr_",126.737083757514,20,NA,NA,2825172.64351074,NA
556,2018,"05133919","__u_vr_",0.644330128531095,11,NA,NA,14663.5167957438,NA
556,2019,"14391107","____vre",76.6260754463649,13,NA,NA,376204.0979656,19112.9102128534
557,2013,"04479993","____vre",264.435978538157,9,NA,NA,901135.977827953,227203.354899422
557,2014,"14138771","g___vre",254.452500827772,18,117417.517293292,NA,565663.813986786,40175.5183354272
557,2015,"04456319","____vre",16.5694603500102,14,NA,NA,85276.4016328332,42140.1852189424
557,2016,"14865990","g___vre",20.6403162060469,18,206810.540396532,NA,368771.869667161,107267.179242461
557,2017,"11273639","_k__vr_",2048.92618351898,17,NA,103987.874316853,53979.7250521114,NA
557,2018,"09984634","____vre",859.390483367468,18,NA,NA,50414.6790865727,6180.579184072
557,2019,"05969411","_____re",542.419710958548,20,NA,NA,NA,8430.49807583881
558,2013,"10828498","____vre",542.742573234153,9,NA,NA,365456.376111364,891.509191605617
558,2014,"09941647","____vr_",176.632033128142,21,NA,NA,608792.236697351,NA
558,2015,"04309442","__u_vre",4.91192477142248,9,NA,NA,1017134.45103271,781164.720292083
558,2016,"04422440","g_u__r_",66.3760714477204,14,-61260.597395534,NA,NA,NA
558,2017,"08588599","g__p_r_",29.8891230097544,9,-116277.011862528,NA,NA,NA
558,2018,"08087537","g___vre",257.123730880804,15,55011.429397782,NA,221072.494135347,167089.639470986
558,2019,"08429969","__u_vre",48.9325279473823,18,NA,NA,120134.684699497,572406.426918051
559,2013,"04971004","__up_re",569.605574837285,12,NA,NA,NA,20209.598287542
559,2014,"08855089","____vr_",9.82733248888767,13,NA,NA,935832.197235762,NA
559,2015,"12129843","g____r_",60.5339839280927,15,99791.6736274263,NA,NA,NA
559,2016,"05695654","g____re",1566.6430711011,21,44725.7043143678,NA,NA,213951.078875564
559,2017,"05297704","_____r_",1481.65935415934,11,NA,NA,NA,NA
559,2018,"08652462","__u_vre",227.398297229116,12,NA,NA,504666.673029144,358748.649601331
559,2019,"08713150","g___vr_",105.758385977872,9,48964.6818562577,NA,921308.994338738,NA
560,2013,"07056360","g____re",467.801755539433,11,107865.833314707,NA,NA,32987.2416675306
560,2014,"07554783","g___vre",43.7941290062431,17,59830.9511668286,NA,567037.980648504,31352.2394770696
560,2015,"14686089","g____r_",2.89506609785792,17,-58355.3800383405,NA,NA,NA
560,2016,"16615260","____vre",90.3365805572947,18,NA,NA,2106962.95229155,34517.5931616792
560,2017,"08546855","__u_vr_",280.49953753729,12,NA,NA,57678.7845621202,NA
560,2018,"07913844","____vre",57.6266515354852,17,NA,NA,477529.144829776,29558.8095219348
560,2019,"04107573","____vr_",37.8069845169356,17,NA,NA,42619.0202410444,NA
561,2013,"09652842","_k__vre",1887.79129131884,10,NA,68499.8502664042,53334.9206049862,22409.8505948987
561,2014,"14923329","__u__re",38.1401573967771,10,NA,NA,NA,1218435.11399513
561,2015,"09095565","_k_pvr_",6926.51602867476,18,NA,246168.864483258,5317.30031258262,NA
561,2016,"09526013","g___vre",51.9709998036233,9,-149163.811518642,NA,50602.264460058,18611.2257607282
561,2017,"04147569","g__pvr_",12.2241687762704,12,65651.9940149184,NA,276360.186660365,NA
561,2018,"04835989","_____r_",2463.51167089247,20,NA,NA,NA,NA
561,2019,"07266061","g____r_",114.788560109864,19,199935.771396259,NA,NA,NA
562,2013,"04490213","g____r_",1360.19064595606,16,54225.6460213113,NA,NA,NA
562,2014,"07227872","g__pvr_",1364.69071461826,12,213165.416536496,NA,262322.656661649,NA
562,2015,"13153604","____vre",83.4321508127542,13,NA,NA,81529.6505037482,14539.4828070863
562,2016,"16317132","g____re",79.6204469330038,15,38752.2981574664,NA,NA,169461.46546668
562,2017,"08174807","____vre",4.88212602592984,19,NA,NA,31908.5870136686,52151.3380262368
562,2018,"08534626","__u_vr_",577.436020676951,13,NA,NA,1012733.53358171,NA
562,2019,"04411851","____vre",43.3749757399579,16,NA,NA,33036.1910993402,121963.179133982
563,2013,"08926433","____vre",1995.70104874283,15,NA,NA,41966.3926850379,78779.1424678499
563,2014,"04169665","____vr_",45.2923019426286,11,NA,NA,279473.514015249,NA
563,2015,"03978620","____vre",16.9019169538587,14,NA,NA,107059.476141527,354162.174935835
563,2016,"14111637","__u_vre",4.45635670542673,21,NA,NA,1291786.8835636,13969.8217058631
563,2017,"09423945","___pvre",418.191990479402,16,NA,NA,24472.3249472916,3358.36148608593
563,2018,"09962056","g___vr_",111.605027266587,13,26454.1830869906,NA,20100.6428867167,NA
563,2019,"09656491","____vr_",55.9584436926648,9,NA,NA,1039165.96441266,NA
564,2013,"14842550","__u_vr_",84.379212062706,9,NA,NA,42984.2289136899,NA
564,2014,"14538871","__u_vr_",1467.7032068901,14,NA,NA,47513.6941595989,NA
564,2015,"04189369","g___vr_",3239.74769946147,11,-87906.3662825853,NA,70777.3312530776,NA
564,2016,"02672294","__u_vre",3.88924038222434,13,NA,NA,161254.385952216,45332.4010838533
564,2017,"04211683","gk__vr_",104.330456511841,12,132188.884922439,76303.0386134125,24661.09173896,NA
564,2018,"10655888","g____re",23.2442646035097,10,333537.898624197,NA,NA,4576.78474319149
564,2019,"05288090","____vr_",16.1615149101893,12,NA,NA,492583.170144015,NA
565,2013,"09449385","____vre",493.683079385002,17,NA,NA,144767.672635898,999178.163687081
565,2014,"14896448","g_up_re",91.0408958883376,20,196747.570135197,NA,NA,139825.559746715
565,2015,"04106890","g___vre",3.93182231036823,16,185844.81369528,NA,131148.213190099,2762.72637140817
565,2016,"13318120","____vre",22.989374346097,18,NA,NA,210428.401247573,6356.05399017626
565,2017,"09562378","g____r_",3.18703362375067,13,40140.6708217735,NA,NA,NA
565,2018,"05017256","g___vre",5938.99914714053,16,-110794.968939223,NA,216014.930218756,70066.9089199832
565,2019,"08168074","____vr_",23.7867856688247,9,NA,NA,322308.226090704,NA
566,2013,"14733551","____vr_",876.127244854858,19,NA,NA,548879.226172712,NA
566,2014,"05627456","gk__vr_",799.218597723483,12,146049.8889692,-115698.569346412,37481.3975143824,NA
566,2015,"05496363","g__p_re",11.2744873284435,16,-70115.4272887143,NA,NA,17744.4219250705
566,2016,"05395799","g___vr_",136.485139798726,19,203018.295810256,NA,4765.92727316526,NA
566,2017,"04900980","____vr_",2946.43960349429,18,NA,NA,6673.34251991173,NA
566,2018,"05480537","g_u_vr_",49.1124427945756,17,22931.0912537604,NA,145553.246221473,NA
566,2019,"07461588","___p_re",9665.16543994338,14,NA,NA,NA,80458.3584237042
567,2013,"11360258","_____re",562.901660271592,13,NA,NA,NA,45829.2023215281
567,2014,"08006437","__up_r_",1060.29048461595,17,NA,NA,NA,NA
567,2015,"14123551","g___vre",8.27033180306734,19,-11663.795598213,NA,112050.136521812,406591.041005627
567,2016,"04748863","____vr_",778.091397320026,19,NA,NA,102539.359239935,NA
567,2017,"05879544","_____r_",21.9104957161586,14,NA,NA,NA,NA
567,2018,"01891782","____vre",2359.45935467927,18,NA,NA,189705.553451669,131676.687821431
567,2019,"09249454","g___vre",4.94287227304754,16,-32642.347874028,NA,75459.014900536,157130.846180475
568,2013,"04599087","_k__vre",49.964563846186,15,NA,52821.9595191837,683654.054834454,1527261.23894586
568,2014,"07539573","__upvr_",2691.06739109804,12,NA,NA,78204.1448447296,NA
568,2015,"08903335","g____r_",1046.48290635627,14,13314.7729615657,NA,NA,NA
568,2016,"07407857","__u_vr_",246.159575946616,16,NA,NA,159035.36401107,NA
568,2017,"10117361","g_u_vre",8.00270010948974,8,24975.2117724791,NA,3571638.59259788,221678.484901722
568,2018,"04444535","_____re",13.8556842367513,15,NA,NA,NA,16431.1558094915
568,2019,"10965610","g___vr_",26.8533040727467,15,123000.077966411,NA,787201.969384527,NA
569,2013,"05100130","__up_r_",58.7025552878702,21,NA,NA,NA,NA
569,2014,"08547233","g_u_vr_",13.0319491614779,17,10464.0059152737,NA,56524.1471421461,NA
569,2015,"12587111","__u_vre",66.0529765508321,15,NA,NA,497375.487003175,34118.8044615971
569,2016,"01280253","_____r_",277.476300480932,14,NA,NA,NA,NA
569,2017,"04124262","__u_vre",147.838116769618,20,NA,NA,12688.1456797273,12793.6763951563
569,2018,"16201044","__u_vr_",465.276653387479,13,NA,NA,29598.4493502946,NA
569,2019,"07977303","__u_vre",34145.8994360552,11,NA,NA,32779.1759245159,8818.96707641266
570,2013,"04259964","g_u__re",178.726031197889,16,185030.007744917,NA,NA,10262.3283775842
570,2014,"14622741","__u__re",2.14498300133681,19,NA,NA,NA,404997.636460872
570,2015,"05026641","_____re",2068.62068084841,17,NA,NA,NA,976809.759178284
570,2016,"14860287","__u__r_",4470.41112768559,19,NA,NA,NA,NA
570,2017,"05712412","____vre",35.9458014924957,15,NA,NA,1523220.43290439,28508.1804574451
570,2018,"04363851","__u_vre",72.5055093988081,13,NA,NA,95501.4553562395,142072.39746032
570,2019,"07441711","____vre",163.851577112897,17,NA,NA,98499.958025573,6627.62347342075
571,2013,"04359706","g____r_",14.5278079103243,9,120965.88676253,NA,NA,NA
571,2014,"11188009","g_up_r_",264.824906961795,17,97343.2865298704,NA,NA,NA
571,2015,"08164726","_____r_",674.792295468305,22,NA,NA,NA,NA
571,2016,"07181382","_____re",82.5723167779811,11,NA,NA,NA,3861.26119097311
571,2017,"05937526","__u__r_",213.576138454604,13,NA,NA,NA,NA
571,2018,"04871238","g___vre",71.0512152479197,17,13575.9090706726,NA,377530.530070455,13912.6924462966
571,2019,"08479504","__u_vre",331.208861293987,22,NA,NA,30060.3485469517,48269.6805533357
572,2013,"09256948","g____r_",1085.62474751501,19,-56584.8116442672,NA,NA,NA
572,2014,"08963092","___pvre",16.4672704122123,21,NA,NA,12056.7828563852,31554.619016082
572,2015,"04974511","g_u_vre",96.8878140304435,10,138368.777137909,NA,27782.5183047004,110932.050871677
572,2016,"08136270","__u_vre",1245.81953503674,19,NA,NA,4293.78722035172,4594.23627717069
572,2017,"06422699","__u_vre",148.546798156804,15,NA,NA,845340.866114764,12623.6738565685
572,2018,"07371659","_____r_",1103.39589832414,11,NA,NA,NA,NA
572,2019,"16630731","__u_vr_",204.583721713146,10,NA,NA,1678600.50806899,NA
573,2013,"05793344","g___vre",112.535609354302,14,13627.0639021799,NA,21809.7697492751,221276.516506917
573,2014,"07608654","____vre",582.256013216988,21,NA,NA,10379245.5154082,139874.944076349
573,2015,"05759067","__u_vr_",490.08232493695,18,NA,NA,667563.121716534,NA
573,2016,"05025984","g____r_",9072.39189414324,10,130314.531140389,NA,NA,NA
573,2017,"05135291","__upvre",38.6952528837084,19,NA,NA,93506.9445596643,40944.5137397156
573,2018,"02487517","g___vre",244.49774470805,18,165253.737949231,NA,41447.7375615547,27184.8432886882
573,2019,"09439791","g_u__re",19.5667691034904,14,17791.4797869456,NA,NA,165892.151533295
574,2013,"05027009","__u_vr_",171.313057412157,11,NA,NA,58024.1755968104,NA
574,2014,"07843735","g____re",253.111643877366,14,186933.08150583,NA,NA,41870.7837249365
574,2015,"07281353","g___vr_",11.1210569261803,10,113316.638119196,NA,32931.7282959542,NA
574,2016,"04226284","____vre",104.533560509264,9,NA,NA,5159298.79199777,7487.07199014622
574,2017,"09069298","_____r_",87.6304667291728,10,NA,NA,NA,NA
574,2018,"04205262","__u_vre",35.037318323744,21,NA,NA,515959.42705289,596873.67293984
574,2019,"10109022","_____r_",14.1088512685623,12,NA,NA,NA,NA
575,2013,"14248180","g_upvre",126.745767314872,11,5764.24374103711,NA,288131.351643785,88158.6634820369
575,2014,"07468077","_____re",128.496301050739,12,NA,NA,NA,7457.38975783988
575,2015,"05216873","g____r_",3099.62076681338,26,-8713.030276042,NA,NA,NA
575,2016,"09304976","g____r_",122.212053010032,12,168310.113469114,NA,NA,NA
575,2017,"01176209","____vre",69.1362611683243,12,NA,NA,10044.1311413405,79914.3756931846
575,2018,"04963771","____vre",2014.23594645694,18,NA,NA,234886.483543651,49980.9501500314
575,2019,"09974757","_____r_",707.16911924325,23,NA,NA,NA,NA
576,2013,"05143678","____vr_",367.526458745934,19,NA,NA,281558.991198019,NA
576,2014,"05335668","g___vre",884.028340904937,15,770.250627994646,NA,209890.140204779,132372.584746077
576,2015,"14515116","__u_vre",13.9662974583173,17,NA,NA,117073.456373885,1268371.2901863
576,2016,"07705550","g___vr_",682.248788322576,15,77093.7650436667,NA,466174.143692843,NA
576,2017,"07273273","_____re",8.4460482314712,10,NA,NA,NA,63106.2882401379
576,2018,"12286694","g___vr_",1858.95358705967,15,94324.3746107555,NA,102700.926085492,NA
576,2019,"11792961","gku__re",40.3955567053858,12,-171508.081171899,-75898.9850626806,NA,309586.138142893
577,2013,"11153407","____vr_",39106.4672024463,16,NA,NA,333696.031181347,NA
577,2014,"11009401","___pvre",46.5873757790704,12,NA,NA,64745.8491649768,119673.142526562
577,2015,"02977835","____vr_",787.48023065157,13,NA,NA,4934.69897849992,NA
577,2016,"08855084","g_up_re",36.3523391376192,11,-88325.292479884,NA,NA,349207.483177966
577,2017,"09878928","_____re",206.790009764192,24,NA,NA,NA,1332718.31791106
577,2018,"05962752","_ku__r_",17.0756058850558,20,NA,186651.820653743,NA,NA
577,2019,"07816929","____vre",53.5874380565504,12,NA,NA,82087.2028359545,13888.4970529339
578,2013,"07854586","g____r_",2404.33674654929,19,153363.307251024,NA,NA,NA
578,2014,"09925493","g_u_vr_",1667.45574538988,12,24471.0735071795,NA,867773.38228212,NA
578,2015,"04657994","__u_vr_",18.1574985333808,14,NA,NA,424188.286505099,NA
578,2016,"07918177","____vre",400.688029907454,13,NA,NA,366899.879728948,2172.3227190058
578,2017,"04595639","gku__re",51.1701226270155,12,234787.443848327,-57530.8135970517,NA,977790.393705008
578,2018,"05251727","____vr_",565.843964526107,18,NA,NA,141964.995967292,NA
578,2019,"07064164","__u_vr_",924.766845052516,9,NA,NA,423381.097411199,NA
579,2013,"12831450","_ku_vre",201.821108905636,9,NA,140577.94324838,929504.309984982,34066.6893745577
579,2014,"07278337","__u__re",240.626615413846,21,NA,NA,NA,1063070.03703996
579,2015,"01915440","_____r_",46.3027710258309,14,NA,NA,NA,NA
579,2016,"09182940","g_u__re",122.453068159765,12,3129.44873107398,NA,NA,439796.428059909
579,2017,"15893855","gk___r_",1692.08787243292,14,181217.205090477,162930.364512713,NA,NA
579,2018,"04471339","_kupvre",274.07753121962,15,NA,81449.5041254797,28408.7398014029,43065.9916054074
579,2019,"06270082","_____r_",2.38083890669644,18,NA,NA,NA,NA
580,2013,"14077545","g__pvr_",33.4039520675583,18,130294.53334603,NA,330134.121173862,NA
580,2014,"02817758","g_u_vre",211.342372594306,15,76842.4063166014,NA,102771.082186963,1814.1466800673
580,2015,"04748229","g___vre",1322.67129470018,14,-6196.68627403545,NA,256446.93861463,155785.362780091
580,2016,"01515632","____vre",143.122123383764,10,NA,NA,15345.2553861866,982622.461897565
580,2017,"04009945","__u_vre",1527.07074306321,11,NA,NA,108454.764333813,278479.547864185
580,2018,"07605918","g_u_vre",1.41232196920316,17,90979.306740012,NA,96009.0849728069,298526.696366412
580,2019,"09228356","__u_vre",106.773877624897,16,NA,NA,797443.198513517,3586082.63641634
581,2013,"07050764","___pvr_",274.476198990391,13,NA,NA,139836.758336013,NA
581,2014,"02372626","_ku_vr_",215.764130484384,13,NA,4433.4459840972,137555.694450655,NA
581,2015,"04538907","g___vr_",1535.91240809638,11,36721.0497584582,NA,73894.5069216359,NA
581,2016,"05620339","_____re",42.4159218797293,13,NA,NA,NA,498959.444102197
581,2017,"04954481","g___vr_",741.682401676626,19,171938.335363637,NA,44816.839169058,NA
581,2018,"05035406","gku__re",4.71299901385848,14,252205.248824587,39896.0066658189,NA,330877.111488882
581,2019,"04392376","__u_vr_",366.425658164156,14,NA,NA,51339.4425528423,NA
582,2013,"05968569","____vre",83.7777264768891,11,NA,NA,4286901.45101158,135273.111476858
582,2014,"14108878","___pvr_",161.973795192403,14,NA,NA,60257.5692255417,NA
582,2015,"14765435","_____re",19.2585133048418,15,NA,NA,NA,63177.4167690324
582,2016,"09934905","__u_vre",151.797513234637,14,NA,NA,23054.9229916539,160639.620329347
582,2017,"15906634","____vre",96.1960356753508,10,NA,NA,240260.76389319,1211100.32507545
582,2018,"05059383","g_u__re",1226.38996102995,23,276744.485664119,NA,NA,33040.4301236823
582,2019,"04337755","g___vr_",145.457150335813,11,235866.375283904,NA,105623.004512375,NA
583,2013,"15221289","g___vre",792.634445070017,20,-70788.8304637549,NA,117669.919387746,174545.942500891
583,2014,"13968217","_____r_",28372.7590768994,15,NA,NA,NA,NA
583,2015,"11349182","g___vre",1705.16340135194,11,226700.419237747,NA,49085.7261861602,5256.20528430023
583,2016,"09370903","____vr_",149.833751236771,11,NA,NA,275426.793540648,NA
583,2017,"02593490","____vre",126.604435133345,16,NA,NA,56272.2666039535,23073.8900679893
583,2018,"14757210","_k__vre",1743.57320858021,22,NA,102366.250771378,361875.657840262,207071.094336044
583,2019,"05730602","__u_vre",17.8254236739692,12,NA,NA,118884.106150002,362359.45985542
584,2013,"08551227","g__pvre",1.03059868906043,20,46313.8866147093,NA,98908.7513135526,17194.2972300947
584,2014,"04850430","_____re",120.679034852184,15,NA,NA,NA,97917.0603416235
584,2015,"14119355","g___vre",186.369712664328,15,111238.928220236,NA,115896.67655938,32409.2372896264
584,2016,"04791585","___pvre",489.164614498754,12,NA,NA,50753.5633649776,11998.1965688719
584,2017,"14163107","__u_vre",44.0661324602497,18,NA,NA,225733.04593114,96641.3966714435
584,2018,"04526868","____vr_",5725.02822254003,19,NA,NA,697228.288917358,NA
584,2019,"04862545","____vre",142.465767472648,16,NA,NA,110167.469001731,1099.9770981458
585,2013,"04645317","__u_vr_",40.4779718920712,15,NA,NA,28367.5964550435,NA
585,2014,"05099645","_____re",9.03427524966501,11,NA,NA,NA,52055.2953862777
585,2015,"04056994","g____re",2.53121869716513,11,57713.4197684792,NA,NA,40376.1073654316
585,2016,"04176731","____vre",654.708942379527,8,NA,NA,974977.788392886,322856.507879843
585,2017,"05749252","____vre",109.691926351327,17,NA,NA,103738.997776513,39225.6594065149
585,2018,"05684660","g_u__re",50.1096685550381,17,124306.607862307,NA,NA,426301.225665186
585,2019,"04029104","g___vr_",379.614934496575,11,-28106.1814661438,NA,166113.942349151,NA
586,2013,"07765970","_ku_vre",84.132125359125,17,NA,87525.8792553493,930534.701559791,20499.6226231358
586,2014,"04261292","____vre",15.9526605074689,22,NA,NA,1288848.13603879,288628.345620711
586,2015,"02827112","_____re",768.787472855703,15,NA,NA,NA,28843.6550333834
586,2016,"08161999","g___vr_",8.38895455262705,12,41703.0094304431,NA,92609.7872992601,NA
586,2017,"08442900","g_u_vr_",408.335784254927,17,29775.4676193647,NA,181919.892255688,NA
586,2018,"14272851","_____re",1511.80550280277,12,NA,NA,NA,10317.112998441
586,2019,"04321122","g__pvre",52.857266997464,17,55424.5631970619,NA,64909.020714322,367426.500967493
587,2013,"10588087","_k__vre",0.670910203489758,11,NA,-93383.1602654727,143079.546981572,12364.9557996142
587,2014,"09732551","g____r_",4639.54803007412,10,-57763.5876594294,NA,NA,NA
587,2015,"04797431","_____re",3.10627035255291,17,NA,NA,NA,33588.7699840684
587,2016,"04562255","g_u__re",868.624297500074,14,140083.289116584,NA,NA,194537.301914408
587,2017,"07727442","g___vre",805.204404793698,19,19946.8468843265,NA,15941.6517215165,39570.4560635776
587,2018,"11531029","____vre",4443.23168745759,9,NA,NA,463897.584612412,126470.561728692
587,2019,"03688221","____vre",558.099057361934,16,NA,NA,566221.310900833,21407.6308536078
588,2013,"04507709","g___vre",34.4140569128364,22,70444.3437711781,NA,3262.38303100231,80701.5101016163
588,2014,"04608105","_____re",160.01420012186,18,NA,NA,NA,56821.0817338429
588,2015,"09087963","__u_vr_",5443.6393791538,10,NA,NA,939385.730929909,NA
588,2016,"01344988","g___vre",100.999687374333,23,176158.237117617,NA,512274.828212292,277020.959052059
588,2017,"04340251","g____r_",3337.10798343262,16,84027.4896994251,NA,NA,NA
588,2018,"04364103","g___vr_",3.42850640546467,10,-34617.5207851011,NA,85346.1142833312,NA
588,2019,"05754469","_k___re",42.9559550840486,21,NA,-7130.14001229782,NA,124255.515425427
589,2013,"16813193","____vr_",16.4447236077286,19,NA,NA,1646771.26211592,NA
589,2014,"05385017","g__pvr_",715.827710977634,15,165361.681535883,NA,62382.9366012942,NA
589,2015,"14670085","_____re",561.440249739117,21,NA,NA,NA,8837.90796509496
589,2016,"08457917","g___vre",67.4893675563105,7,40455.7201267786,NA,833663.040921552,49981.1333469131
589,2017,"05013627","____vre",296.33630524238,15,NA,NA,169852.62227753,107184.987974187
589,2018,"05137847","_____r_",4064.71715480488,11,NA,NA,NA,NA
589,2019,"10643825","g____re",63.38784214082,15,166455.943157311,NA,NA,828564.934085258
590,2013,"09723979","gku_vre",33.615869584596,16,236096.363210801,110235.453969133,764347.49491287,34816.8459917752
590,2014,"16523733","_____re",425.371356540042,9,NA,NA,NA,39511.2935185291
590,2015,"09268926","__u__r_",170.698175598094,19,NA,NA,NA,NA
590,2016,"12266784","__u_vr_",42.9863566294526,17,NA,NA,5584721.35149345,NA
590,2017,"02367925","__u_vr_",129.405307739502,17,NA,NA,958678.764492849,NA
590,2018,"05347741","__u__r_",205.370521770995,7,NA,NA,NA,NA
590,2019,"07089092","____vre",16.9816018786856,9,NA,NA,171807.325234257,126847.373428899
591,2013,"08906459","_____re",4.98160087632597,19,NA,NA,NA,20305.0941298732
591,2014,"04984230","__u_vr_",59.5751571652091,11,NA,NA,686084.88330029,NA
591,2015,"02330788","g___vre",2659.35218240856,16,24210.0976541302,NA,209653.395467067,422820.26081593
591,2016,"13977924","g____r_",13.8429333779427,20,101710.621600612,NA,NA,NA
591,2017,"07431441","____vre",653.899105891262,19,NA,NA,30937.1226737544,321699.19782638
591,2018,"12150713","_____re",151.397761237947,25,NA,NA,NA,341041.082742808
591,2019,"04803252","_k_p_re",23.9446316209357,17,NA,288136.582955745,NA,7077.00005987994
592,2013,"08576525","____vr_",816.815497344577,9,NA,NA,71009.2272683893,NA
592,2014,"07244562","__u_vre",1876.77335590112,20,NA,NA,96379.6912874695,24445.2758863174
592,2015,"05861800","g___vr_",84.3640607015294,22,18545.2076929459,NA,60738.6224824085,NA
592,2016,"05700994","g__pvr_",31.2695982796979,14,109976.196961329,NA,187090.747035423,NA
592,2017,"04712859","__upvre",20.6345924517401,16,NA,NA,33970.9472237625,223718.146077439
592,2018,"05531828","gk__vr_",428.57756382608,19,132678.90217413,-3128.52252741373,42023.430941172,NA
592,2019,"06147366","g_u_vr_",16.9351560854917,17,143818.458747306,NA,5498.72451674654,NA
593,2013,"07661082","____vre",4127.9151903718,18,NA,NA,32515.7602184537,112643.679559412
593,2014,"04736223","_ku__r_",289.902115286058,11,NA,-77358.0955633626,NA,NA
593,2015,"12137369","____vre",52.1728734161369,13,NA,NA,478195.858805614,375448.026059629
593,2016,"09554703","__u_vre",956.992933981352,19,NA,NA,263654.193991954,77561.1391485597
593,2017,"08790724","_____r_",248.763985724108,12,NA,NA,NA,NA
593,2018,"09461112","g____r_",5.63218226075134,12,-77831.3537815995,NA,NA,NA
593,2019,"14829031","____vr_",66.5636464007903,18,NA,NA,138810.037803965,NA
594,2013,"09163749","g___vre",88.7232256609773,16,189527.405602156,NA,44309.7938075866,18878.5923264772
594,2014,"05666125","g___vr_",2981.8948348021,10,130546.716104454,NA,81678.7023385824,NA
594,2015,"08360885","g___vr_",1914.51488641333,12,119690.877317001,NA,995812.518333424,NA
594,2016,"02052465","gku_vr_",9.58270754157337,8,-14788.6767155997,93475.8716978117,103806.796222135,NA
594,2017,"04565518","g___vr_",3737.57338697509,17,-50474.9006259072,NA,67885.9057527876,NA
594,2018,"15469644","_ku__r_",56.2602842274629,22,NA,182483.449991058,NA,NA
594,2019,"14617377","____vre",1086.62000648146,21,NA,NA,27300.6080873227,42358.9890955146
595,2013,"14889978","____vr_",7.00977695946021,11,NA,NA,185331.304215699,NA
595,2014,"04486782","____vr_",9.35010745879292,20,NA,NA,5343485.32406357,NA
595,2015,"07116289","_k__vr_",374.281809957511,12,NA,175086.420068659,174841.351724191,NA
595,2016,"14633939","___pvre",790.505969764863,15,NA,NA,389883.696474842,13001.2978030033
595,2017,"12318646","___p_re",967.376051909181,16,NA,NA,NA,98938.6597128968
595,2018,"07341252","_k_pvr_",640.236715512815,19,NA,53429.5924430215,151567.217487523,NA
595,2019,"04591902","gk_pvre",17.8855839640989,9,-97910.108070761,66769.2157764801,804430.699851835,127104.128622287
596,2013,"01136619","___pvre",889.882427898917,12,NA,NA,2243908.30728301,10083.4240877806
596,2014,"05451843","____vr_",1619.08705232099,17,NA,NA,47284.8383746272,NA
596,2015,"05474855","g___vr_",542.419258578081,24,-109943.522727766,NA,36109.9986994472,NA
596,2016,"05145773","__u_vr_",50.1523590099151,18,NA,NA,119167.611462233,NA
596,2017,"04657516","g___vre",1487.90434156591,12,-12198.4762737615,NA,20025.0926357863,49532.328970074
596,2018,"08448925","____vre",3614.29411583965,25,NA,NA,494304.345860144,14746.260300139
596,2019,"12054033","gk___r_",2346.2399333435,16,192655.633911735,-34165.4554604475,NA,NA
597,2013,"05586551","____vre",505.956892912011,21,NA,NA,5942.64895656473,221785.206375516
597,2014,"15161003","__u__re",188.779377755061,16,NA,NA,NA,68678.6630347947
597,2015,"07207711","g___vre",36284.577028559,13,-109083.331707606,NA,7182076.2926392,81999.3870782326
597,2016,"08448636","____vr_",549.436508340429,12,NA,NA,606384.178942167,NA
597,2017,"09227924","____vre",227.88639308264,17,NA,NA,8394.18412889224,12445.6821393351
597,2018,"07441998","__u_vre",291.366566381196,12,NA,NA,139316.704085775,54123.8180685175
597,2019,"01685642","_ku_vr_",45.4392347064004,8,NA,108638.991044476,42895.0715974394,NA
598,2013,"14889815","g__pvre",45.6670999002594,15,47957.1165142515,NA,136343.997987018,189292.701131329
598,2014,"10026214","g___vre",191.097872659665,15,-41959.4338831862,NA,190771.286579356,46096.1878393562
598,2015,"09912756","g___vr_",66305.5587951566,15,-43293.7214167093,NA,29601.2756440642,NA
598,2016,"14379961","____vr_",40.7289355770279,14,NA,NA,83477.4816284347,NA
598,2017,"15840123","_____re",1220.44366356183,16,NA,NA,NA,17756.9715510276
598,2018,"05945682","__u__r_",14.9181692132692,24,NA,NA,NA,NA
598,2019,"13512510","g___vr_",118.095359993317,12,129857.011823881,NA,427558.233276578,NA
599,2013,"12457467","g__p_r_",1508.40241620446,19,155897.459517904,NA,NA,NA
599,2014,"08788858","___pvre",1643.35041132461,20,NA,NA,224343.834841125,786468.365962287
599,2015,"07238286","____vr_",13166.2083351968,21,NA,NA,2569143.71734815,NA
599,2016,"02373025","_____r_",6.19404795810606,15,NA,NA,NA,NA
599,2017,"05765380","____vr_",149.657892746248,10,NA,NA,67369.1443598913,NA
599,2018,"14354639","g_upvre",86.4658898650182,13,68618.9484605585,NA,1574.67405371937,31690.1231247833
599,2019,"07668470","__u_vr_",34.1772787318286,14,NA,NA,37634.8050449186,NA
600,2013,"01048028","___pvr_",383.867541080088,7,NA,NA,578373.378179832,NA
600,2014,"05349143","__u_vre",810.93849752598,13,NA,NA,188954.471066425,22223.6196400916
600,2015,"09299185","g___vre",43.4597309294966,14,3073.0035164623,NA,414725.454795394,306484.589680926
600,2016,"05271894","__up_r_",511.481800280697,14,NA,NA,NA,NA
600,2017,"04955097","___p_r_",1521.70176268206,13,NA,NA,NA,NA
600,2018,"04737260","____vre",219.082642301462,17,NA,NA,137536.598578935,260815.807436815
600,2019,"08283434","__u_vr_",734.225064060972,19,NA,NA,2165046.46294237,NA
601,2013,"04382835","g____re",1845.60584217001,15,-63800.963875474,NA,NA,21813.2010762519
601,2014,"04760996","____vr_",83.1424069475264,12,NA,NA,189814.977904707,NA
601,2015,"10369520","_k__vr_",59.6126514412977,15,NA,-135180.810580286,14127.9200108687,NA
601,2016,"01058514","__u_vre",228.174355610404,12,NA,NA,66488.9510979823,36665.3121891058
601,2017,"07664517","____vr_",92.12686790631,15,NA,NA,1297614.76369182,NA
601,2018,"05723317","__u_vr_",264.130321824694,9,NA,NA,565435.967260282,NA
601,2019,"05770017","g___vr_",6.69258313029171,21,68126.5913331924,NA,485613.63975255,NA
602,2013,"11030375","_ku_vr_",212.007057955943,13,NA,-106109.254286054,857193.845786324,NA
602,2014,"04155793","g___vre",3952.78611852736,22,134294.611751253,NA,141616.549975447,26632.0353043324
602,2015,"15350878","_____re",1406.98345084027,14,NA,NA,NA,42964.8579991987
602,2016,"04869628","____vre",91.2783605658106,16,NA,NA,491284.666405841,12435.6557354174
602,2017,"15975732","_____re",4762.64866195372,19,NA,NA,NA,99113.9813850267
602,2018,"08510121","g_u_vr_",418.510513843828,15,64318.5410925277,NA,22553.4193599809,NA
602,2019,"09112618","__u_vre",588.198950903138,15,NA,NA,68231.2395742323,133645.730313467
603,2013,"14100747","g____re",17.3135059888222,11,88054.4020437316,NA,NA,24627.4750935272
603,2014,"04552252","_____re",824.98398526565,13,NA,NA,NA,42095.4004784554
603,2015,"04960732","g__pvre",69.4541118323408,10,75841.1126705518,NA,758588.272145453,35618.4117804189
603,2016,"04668500","____vr_",49.9584991834791,16,NA,NA,60233.3647451126,NA
603,2017,"04759447","gk_p_re",2186.19430109656,13,94640.3237302938,10376.7809187762,NA,16570.3268687014
603,2018,"04613592","____vr_",1076.78110189922,14,NA,NA,79310.5364305019,NA
603,2019,"09616388","____vr_",75.4073547834769,15,NA,NA,131515.712799993,NA
604,2013,"05714584","_____r_",1161.31610683049,21,NA,NA,NA,NA
604,2014,"05481099","gk_pvre",87.5062596474675,17,-60166.1589165597,97090.7733205302,616609.975183385,77350.4438496289
604,2015,"05407631","_k___r_",140.584565585701,28,NA,-102073.704863043,NA,NA
604,2016,"07508191","___pvre",133.443550956144,14,NA,NA,108389.953543165,34788.5225564576
604,2017,"11891805","_k__vre",64.9766041529172,12,NA,-98675.87345736,83124.8333835288,5818.15836649449
604,2018,"07070146","g___vr_",2570.37190799157,13,57102.7806436698,NA,1059259.60242661,NA
604,2019,"04276265","gk__vr_",619.743903222169,14,-5827.20174350172,36450.1027524281,636191.480576416,NA
605,2013,"04820403","____vr_",112.62652176801,16,NA,NA,100600.057646816,NA
605,2014,"12940088","____vre",1158.74429256396,13,NA,NA,135810.315826027,37885.2126094663
605,2015,"04738661","g___vr_",20.6790241925631,15,11298.4750478629,NA,82247.7552783818,NA
605,2016,"05082639","g____re",1986.21281767642,21,-38766.4496396014,NA,NA,11066.3297023028
605,2017,"04910870","g____re",7747.79684793335,21,82588.1911104342,NA,NA,19530.7663095469
605,2018,"11496226","g_u_vr_",9.90536357772101,13,-112956.650493732,NA,315206.534140977,NA
605,2019,"05402882","____vre",2801.31074905489,17,NA,NA,145136.046400824,107071.310222056
606,2013,"04817713","_k___r_",0.75864907120683,13,NA,93476.4091095234,NA,NA
606,2014,"07494823","____vre",46.7073393951986,12,NA,NA,957638.321803303,121513.442227168
606,2015,"06486419","g___vr_",301.528997257261,13,171857.263643654,NA,56833.2953377231,NA
606,2016,"05549318","__u_vre",6.96267292397766,13,NA,NA,122973.317595279,101966.825991702
606,2017,"05878066","_ku_vre",4328.55460918006,17,NA,-182645.788627954,5307736.02559713,51303.3840776613
606,2018,"09170326","_k__vre",23.3906200152598,9,NA,91540.2332770603,24590.8724572344,68442.0327120169
606,2019,"05188033","__u_vr_",1671.24444999668,18,NA,NA,42271.0937195376,NA
607,2013,"04636194","g____re",551.991898544332,17,-28505.483621211,NA,NA,148155.255129893
607,2014,"04929808","____vr_",32.5644844673351,19,NA,NA,100334.222436477,NA
607,2015,"12476273","g_u_vre",6662.43921066006,16,56802.0706212404,NA,243353.818424216,32748.0461683869
607,2016,"05160666","g_upvr_",400.65088380771,16,157120.027651604,NA,509424.954493818,NA
607,2017,"09282975","____vr_",2533.47725943958,19,NA,NA,387198.177997406,NA
607,2018,"11594764","g_u_vre",77.5053841570108,15,15814.3363874799,NA,504803.805505266,68065.8684670676
607,2019,"04109718","__u_vre",4555.15118932463,19,NA,NA,295912.097136686,168210.606554045
608,2013,"14793575","__u__r_",27.8445639233692,12,NA,NA,NA,NA
608,2014,"04010043","g_u_vr_",4670.66833179303,12,-9635.44140363386,NA,371589.718116744,NA
608,2015,"07840421","____vr_",292.472654509546,13,NA,NA,51429.4753746614,NA
608,2016,"14657366","____vre",61.7664705092178,19,NA,NA,1334950.4811906,1198954.31910449
608,2017,"04596078","_k__vre",45.9045321791415,19,NA,54819.5580577496,21383.2300818902,288611.669380131
608,2018,"01403815","_ku_vre",373.565530680226,10,NA,-44702.446248197,114884.575526127,80387.0054405762
608,2019,"07997993","___pvre",99.8903373674927,5,NA,NA,48105.1176032027,60385.2905119158
609,2013,"09511510","____vre",448.894503693047,20,NA,NA,86165.8408835328,22080.7005637233
609,2014,"07245433","___p_r_",455.44472037349,16,NA,NA,NA,NA
609,2015,"09414936","__u_vre",314.740095517223,15,NA,NA,31180.5452243192,4534.52434838172
609,2016,"09788892","____vr_",80.1614107141777,21,NA,NA,103077.98623084,NA
609,2017,"05426570","__u_vre",962.317089023921,14,NA,NA,12237.0757866794,3950.80289583099
609,2018,"01368180","g_u__r_",320.223032073248,17,76597.2070395561,NA,NA,NA
609,2019,"08864151","g___vre",1370.50843480779,7,7079.33970410362,NA,101646.462250458,30822.3599379166
610,2013,"07311819","g___vr_",4.27096025274574,9,176777.589839447,NA,121232.719234637,NA
610,2014,"05886686","g___vr_",1795.2345947764,14,149415.920199093,NA,665946.573935915,NA
610,2015,"10472334","__upvr_",5.17400634372427,15,NA,NA,423311.457588501,NA
610,2016,"07735996","__u_vr_",941.232549685928,19,NA,NA,495783.733254877,NA
610,2017,"02945707","___pvre",144.167598193928,12,NA,NA,40575.6423758149,109470.180446859
610,2018,"04587569","____vre",24.7788044328283,17,NA,NA,188774.235689405,67653.9786075579
610,2019,"01137965","_k___re",114.210234643553,14,NA,56008.4741199973,NA,8687.09488078022
611,2013,"07033518","_k__vre",130.945115006602,11,NA,192407.741592078,26084.4853146132,117541.402825804
611,2014,"15593878","__u_vr_",542.131870590366,14,NA,NA,917270.370383182,NA
611,2015,"05626170","__upvre",24.7836566884158,12,NA,NA,779983.134170589,64906.4328237201
611,2016,"14031251","_____r_",23.9758375892881,20,NA,NA,NA,NA
611,2017,"07619414","g___vr_",44.9690264466638,9,144525.85537272,NA,79723.9736054294,NA
611,2018,"10622839","g__pvre",13.3142043362078,13,72281.1962234039,NA,27885.5716150737,253252.774458329
611,2019,"02344290","g_u__re",592.612550847698,13,-70768.0871730049,NA,NA,32046.374655858
612,2013,"04853515","g___vre",68.3731398199189,7,122210.903410384,NA,918759.089037418,100813.243159262
612,2014,"06616004","g___vr_",43.3494709033064,10,43406.6046786965,NA,94504.9959006523,NA
612,2015,"09053698","___pvre",57.1392712765691,7,NA,NA,844518.620526811,1282924.61039176
612,2016,"05083913","g____r_",23.9018400580398,21,213894.229797203,NA,NA,NA
612,2017,"14684402","_____re",733.738564777267,13,NA,NA,NA,262093.867666248
612,2018,"05560703","g____r_",150.344151004808,11,36028.2344882248,NA,NA,NA
612,2019,"05682342","g__pvre",47.1563231028342,23,10559.8716844646,NA,99420.7062128176,22267.0469646234
613,2013,"05426013","_k___re",109.771790295511,17,NA,-38384.2343567089,NA,6733.24151097211
613,2014,"13645263","_____r_",5039.97638046553,10,NA,NA,NA,NA
613,2015,"05804973","g_upvre",2045.22561026051,19,-51389.0450130361,NA,617529.808297545,34517.7108740143
613,2016,"07493588","g___vr_",35.3721749327366,15,-33635.4743895634,NA,662576.123666683,NA
613,2017,"13384377","__u_vre",97.3070516432315,13,NA,NA,125646.275436126,1179033.12667426
613,2018,"05328399","___pvr_",1126.3780259908,15,NA,NA,42592.4738447763,NA
613,2019,"10800949","__u__r_",248.151102074688,18,NA,NA,NA,NA
614,2013,"09783137","___p_re",17.892829342623,10,NA,NA,NA,29834.8197559917
614,2014,"07102255","g____r_",1680.76584334019,15,20095.8049721268,NA,NA,NA
614,2015,"16280310","____vre",174.150846482946,14,NA,NA,3537079.40975019,77352.3029647651
614,2016,"10225167","____vre",34.6004096729269,10,NA,NA,227375.970622327,15094.7923029417
614,2017,"07441627","___pvre",2.97942744785176,16,NA,NA,104575.318018027,43368.6932503485
614,2018,"03193366","__up_r_",503.832793251316,11,NA,NA,NA,NA
614,2019,"08259750","____vre",22.838732540499,10,NA,NA,139559.836671621,101135.895385411
615,2013,"14081656","g____re",4.82245216709441,12,296359.884735002,NA,NA,11501.2458198704
615,2014,"16999841","_ku__r_",2361.21645727814,11,NA,22498.5769000833,NA,NA
615,2015,"06416407","g_u_vr_",1.22079198330339,18,57984.2913908648,NA,16837.1652204536,NA
615,2016,"07570174","_____r_",4712.50412395808,22,NA,NA,NA,NA
615,2017,"05590279","____vr_",324.340374536313,13,NA,NA,255582.84475241,NA
615,2018,"04559438","g___vr_",663.833114461668,16,-75706.9369506357,NA,69752.517610209,NA
615,2019,"05835523","__u_vr_",224.617753498727,19,NA,NA,628975.23478784,NA
616,2013,"07293705","g____r_",24.452014712575,8,54397.1732881736,NA,NA,NA
616,2014,"16757153","__u_vre",131.571641309752,15,NA,NA,1158238.74701403,75618.0559011047
616,2015,"11345387","g_u__r_",372.77185451285,12,181379.796348579,NA,NA,NA
616,2016,"12017050","g_u_vr_",727.971535812889,16,68797.9310923452,NA,221611.223021438,NA
616,2017,"08989889","____vr_",790.490005925748,17,NA,NA,7129115.83118633,NA
616,2018,"12286122","___pvr_",79.6017516232218,12,NA,NA,5957907.60086001,NA
616,2019,"14726998","g___vr_",132.451005358504,13,162816.491097293,NA,52348.7839332713,NA
617,2013,"09589200","g____r_",1450.48350768871,21,-195431.367265711,NA,NA,NA
617,2014,"03235143","____vre",128.334577919336,16,NA,NA,8032.02028244502,2293.74014233326
617,2015,"04691215","gku__r_",633.51608244956,15,-81206.5551185004,86715.1724030138,NA,NA
617,2016,"04185302","g____re",22.9364089514098,15,262.346013185845,NA,NA,1991316.1465934
617,2017,"10345251","_____r_",210.520526984652,13,NA,NA,NA,NA
617,2018,"04521731","__u_vre",230.798438725067,9,NA,NA,21906.848888192,12001.6078917722
617,2019,"06528806","g___vre",1026.76638344283,14,102589.919106382,NA,2706088.05832126,36233.9330466958
618,2013,"15662084","gk_p_re",92.3087451499085,11,5760.95187426321,58975.3008739558,NA,2807.22314541922
618,2014,"15174946","__u_vr_",2897.34841009479,18,NA,NA,7605.70244983586,NA
618,2015,"05363114","_____r_",8.7872276919855,15,NA,NA,NA,NA
618,2016,"05014778","____vre",49.5955724771011,15,NA,NA,13473.7446015793,16224.6956810511
618,2017,"02775745","g_upvre",36.1467416621974,17,-161799.113665034,NA,103806.490116771,164087.46983145
618,2018,"09049382","__u_vr_",1354.73712540963,11,NA,NA,177132.693019227,NA
618,2019,"04774564","___pvr_",38.343018615486,17,NA,NA,190942.706748672,NA
619,2013,"07058387","____vr_",3.2844085556864,14,NA,NA,107253.026801186,NA
619,2014,"07388118","_k_pvre",22.2022303390167,15,NA,-49016.6015901629,300737.848767161,5870.42713632817
619,2015,"08063759","g___vre",72.9240038215818,16,41449.8578545207,NA,1221241.32254089,146700.456064274
619,2016,"13182608","g___vr_",862.816958425655,15,256037.775044302,NA,72198.9882935625,NA
619,2017,"07413732","_____r_",154.452246726981,10,NA,NA,NA,NA
619,2018,"04727754","g____re",63.5793268836524,15,101717.531092714,NA,NA,2927382.67171126
619,2019,"05315629","g___vr_",32.2328166971116,14,39138.9063937594,NA,603498.012157263,NA
620,2013,"07634472","_k__vr_",0.437897659433275,8,NA,-78557.2514078787,947737.925114254,NA
620,2014,"09512888","____vr_",15.9812390695918,14,NA,NA,423908.111735872,NA
620,2015,"05716773","g___vre",56.2392542982326,13,-135282.882412742,NA,150983.673642549,13356.5782755678
620,2016,"11831522","__u__r_",55.7235179553347,17,NA,NA,NA,NA
620,2017,"05262962","g___vre",12.1195438433959,19,90098.5975915997,NA,2341775.95561574,164151.717539787
620,2018,"06598624","____vre",332.338303976061,15,NA,NA,106479.07376527,153220.830188947
620,2019,"05863209","g___vr_",1767.70523236707,14,71745.3992108608,NA,28879.8139492431,NA
621,2013,"09718782","g___vr_",12.1007171339721,21,-72912.353053858,NA,629045.680383079,NA
621,2014,"14024314","gk__vr_",384.050438517071,15,70069.1584048743,81319.4413313207,17373.8748141057,NA
621,2015,"04371136","___pvre",259.347187247562,13,NA,NA,1847180.58491822,104784.641712177
621,2016,"05165632","__u_vr_",186.934318583863,18,NA,NA,60947.6127891106,NA
621,2017,"04649554","____vr_",712.837505246566,17,NA,NA,590114.399210865,NA
621,2018,"08436116","____vre",62.7355321023851,14,NA,NA,2034730.62677417,41133.1719676727
621,2019,"04236134","g___vre",7.91671144521129,16,129914.403659097,NA,1239282.29846178,9079.23862831679
622,2013,"08032703","_ku_vre",265.634337305247,10,NA,-7775.87185883596,44808.3128909324,19083.0046005037
622,2014,"14989083","g_u_vre",32.0504787146792,14,14628.7020590008,NA,25807.8643851295,3009416.54329974
622,2015,"07838520","g__p_r_",2903.69181288008,15,39564.6428709047,NA,NA,NA
622,2016,"07541967","g___vr_",7055.60566557679,12,36931.3451370533,NA,481837.613179715,NA
622,2017,"01524464","g_u__r_",103.511395440498,13,-35481.7518051159,NA,NA,NA
622,2018,"03021890","g__pvre",483.221270552588,20,-34809.9274414838,NA,315797.215691081,35632.7184241351
622,2019,"09505251","g____r_",1205.6575034221,15,70582.0010907285,NA,NA,NA
623,2013,"07106250","g____r_",1389.18229814867,10,9281.91790406539,NA,NA,NA
623,2014,"07013228","gku_vr_",0.345878187345359,13,56107.6631092966,311581.647194661,772561.628666345,NA
623,2015,"08273344","__u_vr_",235.741468286499,11,NA,NA,17511.9430208273,NA
623,2016,"08005107","___pvre",250.831386396208,23,NA,NA,28867.6185559224,32671.4030070652
623,2017,"07105140","gk___r_",719.56704551169,10,-96712.5081467564,145520.626466078,NA,NA
623,2018,"05621730","____vre",46.7346235834929,17,NA,NA,19389.6967159833,44857.8568343759
623,2019,"04977770","_____re",362.597217534125,15,NA,NA,NA,4181.52070164856
624,2013,"06957225","___p_r_",170.338742655803,17,NA,NA,NA,NA
624,2014,"12574208","__u_vr_",91.1117546365042,18,NA,NA,14686.4568722207,NA
624,2015,"08085955","____vr_",499.836733894254,17,NA,NA,502491.121788572,NA
624,2016,"04097415","g___vre",71.2231998990378,18,4459.56952411339,NA,3248884.45686225,11426.5381745193
624,2017,"07420065","__upvre",15.1943177154919,15,NA,NA,43496.4397372834,31471.2626803545
624,2018,"07785380","g___vre",21.8184095250933,18,-57164.933630032,NA,112101.705803343,18479.7896194635
624,2019,"04499797","____vre",355.876150839707,24,NA,NA,80876.0388102476,27308.1000903366
625,2013,"04333296","g_up_re",73.6069849444356,10,141566.156401058,NA,NA,80850.7057184057
625,2014,"04279444","____vre",12.5910604075739,12,NA,NA,143329.999319538,85162.4217067185
625,2015,"05573766","g___vre",650.323667625343,15,124958.930052923,NA,276549.194081522,6861.21249525542
625,2016,"16629313","_____re",34.9125653992648,11,NA,NA,NA,318415.102307508
625,2017,"14535075","__u_vre",404.928186909809,5,NA,NA,740305.548474356,20150.7385973468
625,2018,"08821995","_____r_",487.091324600877,12,NA,NA,NA,NA
625,2019,"08823292","g___vre",25.0573942970949,9,30717.5468976038,NA,65218.2630179239,276.558047498785
626,2013,"05032938","____vr_",16912.3986291341,12,NA,NA,123759.649118153,NA
626,2014,"05674028","gk___r_",289.874494327289,15,70874.1580054613,130769.254630521,NA,NA
626,2015,"12258825","g____r_",77.8803869664179,13,5701.97804313179,NA,NA,NA
626,2016,"11137104","g___vre",11.4568605804275,12,197870.357272338,NA,20319.5877584423,713984.027140266
626,2017,"01181071","__u_vre",127.278356649378,15,NA,NA,361117.468345524,30802.3020253567
626,2018,"05448674","__u_vr_",41.6428055581662,20,NA,NA,1345292.71903199,NA
626,2019,"07542103","g__pvre",87.9015030863501,20,198162.963013601,NA,2043223.12227995,95590.6626022194
627,2013,"05993596","___p_r_",190.601940719213,15,NA,NA,NA,NA
627,2014,"04595299","____vr_",413.452770040421,8,NA,NA,81491.8062590491,NA
627,2015,"04274809","g___vre",177.944464439105,9,3344.92652437885,NA,42856.4967575985,12770.3637894788
627,2016,"05221506","_k_pvre",4785.59822505277,16,NA,25231.1545215107,1301.74738002196,17658.9763810459
627,2017,"05577469","_k___r_",875.657424334579,14,NA,-101807.438145586,NA,NA
627,2018,"09724060","__u_vr_",457.222426880305,13,NA,NA,107446.760182861,NA
627,2019,"01492291","g____r_",3366.53601140388,24,-16226.748926604,NA,NA,NA
628,2013,"08587199","g____r_",1024.54911695289,15,-13703.5308733475,NA,NA,NA
628,2014,"08246060","g____r_",1178.84350684826,17,111653.598759843,NA,NA,NA
628,2015,"05798893","g_u__re",1486.36079951964,8,-142330.047052577,NA,NA,163592.205847666
628,2016,"04490335","g_u__re",3037.70036963216,8,-51033.6694542075,NA,NA,48280.8140232826
628,2017,"08177533","__upvr_",3627.59927929295,14,NA,NA,72111.1583442243,NA
628,2018,"07939397","__u_vr_",25.3845354022014,14,NA,NA,143753.540268978,NA
628,2019,"09701282","_____r_",0.941443178812947,13,NA,NA,NA,NA
629,2013,"05769285","g___vre",688.879763947982,10,24743.0750091807,NA,220169.796997727,104010.218382628
629,2014,"08784931","g_u_vre",132.400140886036,13,48413.5813455345,NA,317.71666458919,362092.625206391
629,2015,"08329271","g_u_vr_",85.734957010627,13,155081.40818299,NA,155556.987995692,NA
629,2016,"11879256","g__pvre",11.7065680790768,16,74359.6731932474,NA,391762.830537124,15295.8252202755
629,2017,"08558850","_____re",3410.06322845769,15,NA,NA,NA,101691.588139421
629,2018,"13122670","g_u_vr_",10.0344873592882,19,147425.096608848,NA,12318.5613595222,NA
629,2019,"07174677","__u_vr_",167.317837806128,16,NA,NA,56854.4553190479,NA
630,2013,"12434590","_k__vre",1406.90380070961,16,NA,-114726.241219412,26154.0838877851,94010.2393172311
630,2014,"07359895","g___vre",294.693694289964,13,85711.6345105235,NA,224488.255610365,9867.9125084747
630,2015,"05987337","__u_vr_",28.8343557209396,11,NA,NA,51615.0076494624,NA
630,2016,"05777448","__u_vre",5.2166339494652,13,NA,NA,665095.060223828,32989.6048097179
630,2017,"15230263","__u_vre",182.255267782941,11,NA,NA,52178.3377853225,112448.678962688
630,2018,"10760681","g__p_r_",11.1341060623548,14,-105505.718901558,NA,NA,NA
630,2019,"04300370","g_upvre",385.698220058511,9,-98181.3212620882,NA,905211.184540066,215991.744934132
631,2013,"05010913","_k__vr_",245.144448131488,6,NA,155094.136681633,858552.710592308,NA
631,2014,"05187337","_____r_",27.7080778374461,12,NA,NA,NA,NA
631,2015,"03287354","___pvr_",1167.21151839004,10,NA,NA,31586.3784530263,NA
631,2016,"09302519","__u_vr_",23.2813688214789,8,NA,NA,350940.826918084,NA
631,2017,"02692691","__u_vr_",8468.09412187459,16,NA,NA,330724.88646067,NA
631,2018,"08516545","__u_vre",285.485444861976,10,NA,NA,80446.4105316194,57996.4496591711
631,2019,"09292530","____vre",8.24148371812244,13,NA,NA,3611549.27413209,100664.387062337
632,2013,"07197082","_____re",52.8952953576077,11,NA,NA,NA,1705893.23440073
632,2014,"05011013","__u_vre",30.8563554264847,19,NA,NA,447764.149216829,76934.060507941
632,2015,"04810372","gk__vr_",322.647476692396,18,38987.5710554278,30815.1656642406,5755669.95868776,NA
632,2016,"09287091","g__pvr_",112.15165543837,18,69971.3867387803,NA,404804.011612193,NA
632,2017,"01176644","_____re",858.162733179268,16,NA,NA,NA,2578.95992579902
632,2018,"05595351","gku_vr_",172.96614368019,19,112548.413790357,202893.40244965,557068.441253948,NA
632,2019,"09292016","_____r_",1567.84012410744,13,NA,NA,NA,NA
633,2013,"07683779","____vr_",430.595403129174,10,NA,NA,29929.2302908907,NA
633,2014,"05724896","_k__vre",1333.37030283669,12,NA,37451.659856629,45329.9855965783,192613.183795955
633,2015,"01099215","g_u_vr_",235.519148470842,16,122646.194120419,NA,373775.256488167,NA
633,2016,"05785559","g____re",28.5217963415375,22,-98679.7263707,NA,NA,135493.845544557
633,2017,"12892847","__u_vr_",58.7885353035903,14,NA,NA,91268.8640556906,NA
633,2018,"05803941","g__p_r_",136.243654250256,11,-138978.420166654,NA,NA,NA
633,2019,"07477906","g___vr_",291.521953362237,18,97522.6964933311,NA,39717.9070965023,NA
634,2013,"07470251","_____re",66.6259422990003,12,NA,NA,NA,5731.63481108643
634,2014,"07326240","__u__re",288.074012016135,18,NA,NA,NA,29918.6428310969
634,2015,"14333983","__u_vr_",124.141466634967,15,NA,NA,271609.299908202,NA
634,2016,"08982180","g__pvr_",1.63225606670117,14,81694.8926141598,NA,97607.3675833129,NA
634,2017,"16751178","_k___re",1010.09620387538,15,NA,53495.7872490786,NA,79351.971446317
634,2018,"05192874","__u_vre",15.0604941334198,12,NA,NA,48559.5343682467,127931.011980505
634,2019,"16759673","g_u_vre",56.0304525369664,15,-30128.6047077723,NA,219157.404743284,67270.7460191839
635,2013,"04261406","_____re",75.4553460504951,14,NA,NA,NA,24100.7825206092
635,2014,"08138143","____vr_",250.917185574398,19,NA,NA,9609.40970584825,NA
635,2015,"06950699","_____r_",226.009728351942,17,NA,NA,NA,NA
635,2016,"07141216","_k__vr_",686.733306569225,17,NA,-159618.53033942,137299.559970447,NA
635,2017,"05573668","_k__vre",14160.4787534287,11,NA,-190838.424892318,149835.597689522,71232.5421775658
635,2018,"09792785","g__p_re",809.202232875956,19,17393.2194582159,NA,NA,123627.879440274
635,2019,"06877751","g___vre",170.182358712763,19,188298.079968596,NA,160544.635373935,3286.64359153322
636,2013,"08564403","g_u_vr_",6.06540956987439,15,86461.6753082274,NA,1620378.67381813,NA
636,2014,"14721446","_____re",66.1418603966187,16,NA,NA,NA,21740.7250725918
636,2015,"07075669","_k___r_",41.7820678781436,16,NA,163647.163444783,NA,NA
636,2016,"04296928","gk__vr_",47.9469385082386,21,17157.3327481447,-85055.9457339393,511492.365916207,NA
636,2017,"08111418","g____re",10.6609984263089,13,18482.4605070456,NA,NA,16033.652975842
636,2018,"03938495","g_u_vr_",13.4928335353402,16,164657.194148154,NA,972606.239236866,NA
636,2019,"04802480","g___vr_",26.9427553311534,10,179233.599040508,NA,11759.8173529559,NA
637,2013,"07479336","gk__vr_",709.018067027896,16,33483.0874405234,129404.095859673,623977.003526605,NA
637,2014,"03096721","__u_vr_",59.3630312387618,12,NA,NA,524634.994734696,NA
637,2015,"13156608","____vr_",185.213998655616,18,NA,NA,1174254.44884615,NA
637,2016,"05178747","__u__re",39.4898590721963,10,NA,NA,NA,12559.317646238
637,2017,"07089188","g___vr_",1.65976065122487,26,-243793.029086206,NA,315143.560385615,NA
637,2018,"02642989","g_u_vr_",1784.52870224664,15,-73588.4333687171,NA,17491.6404888665,NA
637,2019,"14269494","_____r_",1307.29667013144,17,NA,NA,NA,NA
638,2013,"03426353","____vre",84.3280181975029,15,NA,NA,252738.307371729,57510.3794963673
638,2014,"04791572","____vr_",2796.0535666013,11,NA,NA,67467.4276777559,NA
638,2015,"07163938","____vr_",88.072264535886,11,NA,NA,134151.037862461,NA
638,2016,"05027947","_____re",19002.6315715081,20,NA,NA,NA,12325.0385631661
638,2017,"10618057","gku_vre",8.19663429476661,18,16279.562714716,-57090.9862418223,979250.451572633,192280.758248659
638,2018,"05354323","g___vr_",484.524899263217,15,165665.529420329,NA,68310.2058213574,NA
638,2019,"04620237","g___vre",142.879739880424,9,-81012.1417143222,NA,88140.9767809187,8005.00245398352
639,2013,"04162998","g___vre",1038.43368400828,20,55068.8651255715,NA,78827.8247872189,89322.3587721824
639,2014,"16860942","gk_p_re",16.4557582517143,15,51282.3322553767,50591.3894493113,NA,1285.72784346496
639,2015,"01985420","____vr_",1169.63370022762,17,NA,NA,280509.591582081,NA
639,2016,"16617909","___pvr_",117.864800759181,16,NA,NA,1405.00069957516,NA
639,2017,"05653956","g__pvr_",13.2883597255798,15,-20160.0401312746,NA,600247.052399352,NA
639,2018,"05479323","gk__vr_",149.668953163386,12,196932.382316014,-191850.323342662,359144.846799198,NA
639,2019,"05969948","g____r_",55.5150615706812,12,32372.1106149226,NA,NA,NA
640,2013,"05928352","___p_re",229.478459970636,20,NA,NA,NA,80634.9938865684
640,2014,"04866306","_____re",1143.28844132529,17,NA,NA,NA,245417.4245322
640,2015,"09088197","__u_vr_",74.4616511645165,15,NA,NA,25444.25368043,NA
640,2016,"08250161","___pvre",43.1509827106076,14,NA,NA,49084.0102950463,127325.144699703
640,2017,"05206106","g___vre",18.9249417010387,15,61449.9117092262,NA,3882507.42599441,1096331.35206258
640,2018,"04637720","g___vre",2559.88191311191,19,-138399.869501018,NA,1712646.51384859,136809.719578629
640,2019,"11813623","gku_vre",290.529765004038,14,7106.31806599835,-13372.5827017302,229737.715560064,14666.8769732358
641,2013,"15156985","gk__vre",0.86179635329938,10,-38691.9919503246,141752.726328038,234635.937747291,187105.613795759
641,2014,"14879094","_____r_",9.75757006659785,26,NA,NA,NA,NA
641,2015,"08738456","__u__re",2670.29508969109,20,NA,NA,NA,38683.2359659949
641,2016,"14096277","___pvr_",8.09727042552224,13,NA,NA,513635.649719827,NA
641,2017,"07028518","__u_vre",312.094302292936,12,NA,NA,794655.749475317,196891.386382454
641,2018,"09344968","____vre",35.0246802390612,14,NA,NA,1841455.80897598,16063.5249444777
641,2019,"05956983","____vr_",66.478073252039,15,NA,NA,98095.4983518071,NA
642,2013,"09745161","g_u__r_",105.309971847768,13,162547.449034266,NA,NA,NA
642,2014,"05716226","_____re",243.717361519203,10,NA,NA,NA,198381.164546603
642,2015,"15979420","__u_vre",310.600017277372,18,NA,NA,134538.170810129,135676.221187576
642,2016,"09196459","g___vr_",181.383874396817,12,84383.0830900591,NA,240877.894095546,NA
642,2017,"08495145","_____re",44.2531201891272,22,NA,NA,NA,208486.059303907
642,2018,"04426214","__u__re",62.2840103005731,14,NA,NA,NA,3943.22446895746
642,2019,"09919896","g_u_vre",369.622712624657,18,17935.4196795838,NA,106288.135522481,34830.8299430867
643,2013,"16660965","g____r_",6969.26645337092,14,58754.1356074502,NA,NA,NA
643,2014,"08820793","_____re",7.9259479390772,14,NA,NA,NA,18737.5363784843
643,2015,"05318741","g_upvre",5.09630355933837,17,-87276.5949225786,NA,21157.5175461384,528724.099056854
643,2016,"10536798","g___vr_",1681.4041834946,10,-14032.9288862675,NA,790920.096929734,NA
643,2017,"09077126","g___vre",67.3442932009921,12,-79777.0877436174,NA,24117.1769068038,27155.5862885572
643,2018,"04779230","__u_vre",2.09384977868515,16,NA,NA,100776.682200228,8448.81510670884
643,2019,"04585010","____vre",10.991756077105,14,NA,NA,228978.82716322,8406.50567216447
644,2013,"05961322","gk___re",2.41890514234032,19,216879.999319457,55290.3932051487,NA,128636.436575521
644,2014,"02204157","gku__re",1037.87621518035,14,-60682.3110510465,101139.988583172,NA,42941.9187857094
644,2015,"07808134","__u__re",233.727170220024,18,NA,NA,NA,761687.100370742
644,2016,"09708303","____vr_",1043.92560949322,19,NA,NA,141867.142541918,NA
644,2017,"05218669","____vr_",150.346796663799,11,NA,NA,79114.8545001034,NA
644,2018,"05918575","g____r_",20.4575951892467,9,44901.5159508579,NA,NA,NA
644,2019,"05298348","__u_vre",50.7255865352654,17,NA,NA,107594.395793674,41346.5314007611
645,2013,"05168256","_k___r_",665.275666979961,19,NA,-41670.3249215656,NA,NA
645,2014,"07949060","g___vr_",585.298528298307,24,263527.540919284,NA,6848.51150750157,NA
645,2015,"08266852","g____re",32.7451436837138,12,54798.3996677794,NA,NA,41120.5956399599
645,2016,"05588076","g___vr_",8.93667877165469,9,20481.3145355448,NA,39312.1384635029,NA
645,2017,"04518632","__u_vr_",23.1587720422021,9,NA,NA,2062293.17896352,NA
645,2018,"12732232","gku_vre",16.1515228976287,8,152332.783740912,-147.086194839991,124729.908472518,44644.9238813596
645,2019,"07100090","_ku_vr_",3726.17835381593,13,NA,-108573.558317094,83423.5898189609,NA
646,2013,"07263704","_ku__r_",5.03548703839689,13,NA,-34733.9335802742,NA,NA
646,2014,"07957307","__up_r_",18.8256852628418,16,NA,NA,NA,NA
646,2015,"05328913","g_u__re",160.888566703044,16,90541.6356691322,NA,NA,25053.461710322
646,2016,"14246705","g_u_vr_",47.3357265171772,12,55941.191278225,NA,95201.6514955917,NA
646,2017,"12221443","g___vr_",249.375556399699,16,69972.4995779995,NA,2282470.30756425,NA
646,2018,"05549744","g____r_",152.784347118553,20,-110683.365476402,NA,NA,NA
646,2019,"04065579","____vre",92.2679996312452,14,NA,NA,1852552.37226082,39989.1786972333
647,2013,"03576833","_ku_vre",21.057607922689,20,NA,255305.674003492,299719.12181303,74460.6512579101
647,2014,"14290638","__u_vre",439.019015996299,17,NA,NA,246596.994226403,186744.571540825
647,2015,"08146125","__u__r_",263.05568428327,14,NA,NA,NA,NA
647,2016,"08446614","____vre",3.53358298188885,15,NA,NA,51184.9203372198,6829.85781607698
647,2017,"04798847","__u_vre",9.98154315072713,15,NA,NA,19477.8088880668,22869.6237111618
647,2018,"07686458","__u_vre",45.2138067020058,17,NA,NA,10429.259039487,757726.403944138
647,2019,"07212472","__u_vr_",388.619994940939,24,NA,NA,163870.434509686,NA
648,2013,"05104746","___p_re",89.0460300863793,17,NA,NA,NA,75411.9514758672
648,2014,"14540869","____vre",1218.78803370079,16,NA,NA,154460.766286646,66779.8759070556
648,2015,"05016211","_____re",912.637141577874,13,NA,NA,NA,93991.5586762509
648,2016,"14850909","g_u_vre",3.39835471795236,19,-54050.0403885668,NA,473642.926410223,6870.84239177088
648,2017,"05808472","____vr_",18.0797754705902,15,NA,NA,647421.013083135,NA
648,2018,"05812500","g_upvre",215.04615135462,13,31288.3626065145,NA,89690.4613206863,42182.7018829518
648,2019,"05445632","____vre",313.216577300127,13,NA,NA,46794.6632746138,182437.382708847
649,2013,"05941922","g_u_vr_",180.985655752374,18,149380.546223937,NA,51244.8674689906,NA
649,2014,"04888776","____vre",31.4541015536284,10,NA,NA,80668.9378868132,50851.7949397289
649,2015,"07869450","_k__vr_",71.4391089967523,14,NA,-6207.84354902961,167430.839489969,NA
649,2016,"16263075","g___vre",18.1541726141465,15,51822.6655389565,NA,24700.8934144958,51316.6045163735
649,2017,"12216262","____vr_",74.3055548690568,13,NA,NA,736594.055909866,NA
649,2018,"04774195","g___vre",210.412684798006,13,6169.29772598281,NA,54296.7446731948,225276.416149535
649,2019,"08658190","____vre",415.361426554023,20,NA,NA,539264.440516548,100515.344544908
650,2013,"05383891","__u_vre",71.8923615890954,16,NA,NA,173896.200850095,16088.3409994731
650,2014,"10099268","_k__vre",24.7679315249004,20,NA,26535.8026188094,1463508.44136542,153238.254393263
650,2015,"05984592","__u_vre",22.6038947737748,20,NA,NA,783095.499637273,98050.4918430944
650,2016,"09335418","g_u__r_",735.686170078665,15,53755.554536026,NA,NA,NA
650,2017,"09569751","____vre",108.131606256515,16,NA,NA,180444.430412268,751988.478062914
650,2018,"09138541","g_u__r_",37.0305435619798,15,9913.60597742318,NA,NA,NA
650,2019,"08281959","g___vr_",1911.06103937897,20,80533.5302079895,NA,891484.496530793,NA
651,2013,"06716710","__u_vr_",40.9658352397093,13,NA,NA,7001635.16274792,NA
651,2014,"05515370","g____r_",18.054986338159,14,-160587.69358543,NA,NA,NA
651,2015,"05812490","g__p_r_",40.5292988770382,8,-48132.7013786236,NA,NA,NA
651,2016,"04243089","g_u_vre",211.467453302307,15,-10214.9545809052,NA,34816.2673218689,553432.378585369
651,2017,"04977574","g____r_",41.0262763172323,22,-62931.0243738344,NA,NA,NA
651,2018,"08343028","gk__vr_",1450.53849300135,15,194417.67908197,-29662.0688339318,100261.801124652,NA
651,2019,"09401255","____vre",238.805172245493,16,NA,NA,105419.405709958,136024.769581033
652,2013,"04002524","__up_re",5392.03498125391,16,NA,NA,NA,11360.5248180162
652,2014,"08690801","__u_vr_",16.4195059019981,18,NA,NA,218087.982720364,NA
652,2015,"07294131","g___vre",16.1361517935633,9,20120.5568530035,NA,70987.1835068261,559080.455516531
652,2016,"05429153","__u_vre",26850.4364983442,10,NA,NA,48559.1329355308,2422498.8978852
652,2017,"12015776","g____re",31.8844206534887,18,182199.816367286,NA,NA,6244.18194591752
652,2018,"14032261","_k___re",101.76286565116,17,NA,44997.8814684754,NA,21740.0939650829
652,2019,"08438992","____vre",9.34104186366087,16,NA,NA,308873.387227484,511362.065528713
653,2013,"05201351","____vre",474.667115446028,14,NA,NA,48673.3423378344,14333.0283982385
653,2014,"09149367","g_u_vr_",61.6735198261345,13,63277.9521527037,NA,624313.642070799,NA
653,2015,"05711839","g___vre",83.3633826792967,13,68190.1889692657,NA,39681.9709076107,18631.4954297429
653,2016,"01885943","gkupvre",54.6761287827623,13,-91219.337486075,273901.063631318,426671.666465071,10194.4684161573
653,2017,"06753492","____vre",95.5482883124483,26,NA,NA,634055.253347071,13142.453091701
653,2018,"05309246","gk__vre",2.05608910492631,19,4087.70094131181,-17213.6696100353,1152422.84860441,88783.577034582
653,2019,"15278350","g____r_",44.6212273180256,13,-138036.360959981,NA,NA,NA
654,2013,"04039208","____vre",31.6332207664541,16,NA,NA,59354.5380384773,50529.1082009206
654,2014,"04740441","_k_pvre",1002.72295779296,13,NA,30975.5447664869,133648.521699015,206464.630652471
654,2015,"08262537","____vr_",25.1780693032794,14,NA,NA,414187.045934332,NA
654,2016,"06343048","_k__vr_",21.984399319168,21,NA,60808.3467110919,65143.361852599,NA
654,2017,"05179537","g_u_vre",3.74335254774793,9,35230.36093169,NA,129194.139984858,71691.5833798899
654,2018,"04995485","_ku_vre",156.936996467397,12,NA,286039.312580784,18114.9897315768,5044.26011318582
654,2019,"05853057","____vre",220.861713286559,16,NA,NA,1789366.31096236,9069.01972768144
655,2013,"16021148","g_upvre",96.3312584998977,13,44216.2847638719,NA,2269691.04772733,190524.355978455
655,2014,"07152260","_____r_",402.347426127297,13,NA,NA,NA,NA
655,2015,"11004903","g_u_vr_",7.71001458903052,14,75697.1873594031,NA,186874.105339972,NA
655,2016,"05329298","g_u_vr_",1845.47387917699,10,-21813.1023246588,NA,93479.4929645998,NA
655,2017,"11031446","__u__r_",133.983111740197,16,NA,NA,NA,NA
655,2018,"11842628","_____r_",117.695271765908,11,NA,NA,NA,NA
655,2019,"15978468","__u__r_",32.0444453235318,11,NA,NA,NA,NA
656,2013,"11608925","___pvre",355.703559385939,15,NA,NA,360657.919095218,375003.425754967
656,2014,"04810927","____vr_",24171.4423782077,18,NA,NA,33478.8328478336,NA
656,2015,"04795390","__u__r_",38.4408654437299,17,NA,NA,NA,NA
656,2016,"04951680","__u_vr_",16.2395397168746,12,NA,NA,161189.249555655,NA
656,2017,"09765770","gk__vre",148.049240285934,12,19646.3113865498,52862.0897672038,53831.480065174,266131.526442483
656,2018,"15838218","_k__vr_",265.123165669431,16,NA,68597.8891961201,23014.0870104294,NA
656,2019,"05050810","___p_r_",153.765442378629,11,NA,NA,NA,NA
657,2013,"07119347","g_u__re",721.123992607511,13,19749.4017787321,NA,NA,158776.422522312
657,2014,"04632107","g___vr_",1414.31977204841,12,83645.1598453283,NA,174530.787598391,NA
657,2015,"04128617","____vr_",32.9323776036954,13,NA,NA,1069922.01695288,NA
657,2016,"04806733","g___vr_",449.785224599505,13,93177.3706348987,NA,569474.826412389,NA
657,2017,"05514298","____vr_",73.1496610632882,20,NA,NA,290878.933524234,NA
657,2018,"01154527","__u_vre",2284.41212306389,13,NA,NA,339360.71099374,51425.7165130001
657,2019,"11410824","g___vre",9.76562163369909,14,3204.89002292357,NA,475592.073995068,856716.403394763
658,2013,"07369902","gku_vr_",207.526979401897,11,176427.443401353,86832.479471994,1258627.54286298,NA
658,2014,"01168127","g___vr_",189.39710017412,17,48388.6770211302,NA,528401.332531795,NA
658,2015,"08205829","_____r_",121.718442467688,18,NA,NA,NA,NA
658,2016,"02993366","__upvr_",179.607508001463,18,NA,NA,31654.1184640803,NA
658,2017,"05475262","____vr_",70.4007336170259,19,NA,NA,148542.764614881,NA
658,2018,"04441290","____vre",35.9356332220318,17,NA,NA,106677.085948858,102386.761499625
658,2019,"08609543","____vr_",32.1106899610242,16,NA,NA,8093.65217852584,NA
659,2013,"08759361","_____r_",115.170813155771,15,NA,NA,NA,NA
659,2014,"08838436","____vre",37.9648254676578,16,NA,NA,583718.496885802,13021.8620634053
659,2015,"05850854","____vr_",750.560450331461,12,NA,NA,151971.602431023,NA
659,2016,"12675291","_ku_vr_",147.405147064018,10,NA,171153.001213424,199762.464041466,NA
659,2017,"08696503","g_u_vre",102.332997989059,22,406099.045781592,NA,1166960.47624088,51805.2522531933
659,2018,"04522125","g___vr_",79.1879845145747,16,1498.03740771782,NA,936883.490785981,NA
659,2019,"05879036","____vr_",52.2670435065771,10,NA,NA,30307.5425659226,NA
660,2013,"08011347","_____r_",19.3901243859114,11,NA,NA,NA,NA
660,2014,"09862073","__u_vr_",150.891226587251,8,NA,NA,417967.390132237,NA
660,2015,"09352833","g____re",74.3625754668804,8,204402.205857436,NA,NA,41794.102723591
660,2016,"07914760","_____re",150.738353137542,16,NA,NA,NA,135147.055932106
660,2017,"05326811","__upvr_",2.49750870327737,17,NA,NA,166209.423406131,NA
660,2018,"02760213","gku__r_",26.1424245059014,10,70110.7512666964,-9074.6553078679,NA,NA
660,2019,"05614934","__u_vre",1761.73148043469,16,NA,NA,306041.94205217,463784.022258108
661,2013,"09929769","____vr_",14.7987645761339,10,NA,NA,207913.796348882,NA
661,2014,"01064703","_k___re",11619.6748658036,20,NA,-18162.0335099947,NA,125348.438417668
661,2015,"04183503","__upvr_",557.951671496345,15,NA,NA,50501.7908814397,NA
661,2016,"12595220","_k__vre",213.069327507079,16,NA,-116959.226966921,83838.0374724923,12926.0027619676
661,2017,"05903431","___p_re",992.174050905792,13,NA,NA,NA,666096.321350488
661,2018,"09614552","g___vr_",87.0907157758208,16,103441.158636583,NA,38463.8801429039,NA
661,2019,"04872222","____vr_",27.2045819770663,13,NA,NA,239449.715564285,NA
662,2013,"12949747","_____re",445.650533773223,17,NA,NA,NA,2608985.31853239
662,2014,"04193442","g___vr_",42.9536834091561,10,151019.876890364,NA,82983.9583845712,NA
662,2015,"10805258","__u_vr_",107.012544765151,22,NA,NA,2982.75398067956,NA
662,2016,"16596037","__u_vre",1095.08943826036,17,NA,NA,212858.583166344,120393.473998939
662,2017,"15028449","g___vr_",24.7537648742337,18,-3894.08502641059,NA,597333.379817413,NA
662,2018,"09001954","g_u__re",286.293649050455,16,101883.773556129,NA,NA,32241.5978985769
662,2019,"08591929","____vr_",31.9901498705172,14,NA,NA,82603.674217198,NA
663,2013,"04265461","g____r_",1001.2153794132,15,-39769.1092194904,NA,NA,NA
663,2014,"12742452","__u__r_",658.136001909525,26,NA,NA,NA,NA
663,2015,"08407637","____vre",37.4149493287198,13,NA,NA,8234.09990037025,101126.109609026
663,2016,"04525640","g___vre",13.8275030501683,14,142651.991549844,NA,167578.774418185,74070.9104906698
663,2017,"08659429","g____r_",841.208249624368,15,124458.190271769,NA,NA,NA
663,2018,"04246434","g_upvre",699.974301836679,13,85067.0801001194,NA,57270.453981911,11713.1327910732
663,2019,"09836150","g___vre",104.570591255976,11,205356.046739194,NA,236002.937698882,14282.2754414218
664,2013,"06291471","__u_vre",27.1921345051326,12,NA,NA,1595267.47196208,31917.1765224207
664,2014,"04218816","____vre",8.15718063186968,11,NA,NA,413897.144540386,23803.2198049076
664,2015,"07770449","g_u_vre",899.054788637189,10,179099.200057639,NA,166357.614235711,272594.298724386
664,2016,"15156132","____vre",5.73622088364729,16,NA,NA,1870747.47361077,3679.14377568514
664,2017,"05988958","g____re",305.585793204542,14,-68369.3482820771,NA,NA,67416.9401055768
664,2018,"11275793","__u__re",468.389561544745,13,NA,NA,NA,87713.3126720683
664,2019,"07084886","gk__vre",592.918310755428,16,-84073.2613872075,-171637.507045659,56307.2115323094,11018.7243974207
665,2013,"05474774","g___vr_",494.187714446462,23,76987.9872815315,NA,149577.823701661,NA
665,2014,"04272189","____vre",1145.53875914494,15,NA,NA,100870.798836656,273846.767710257
665,2015,"10699693","____vre",839.097319849461,11,NA,NA,255168.652036422,57739.4562440226
665,2016,"05010399","_____r_",1014.28498727502,15,NA,NA,NA,NA
665,2017,"04299730","gkup_r_",312.081137348441,14,61433.1462959549,-101856.696762178,NA,NA
665,2018,"07047347","__u_vre",337.775797415397,8,NA,NA,67555.7443616875,1692543.8737904
665,2019,"08154790","g__pvre",199.285860701361,17,129722.636607592,NA,14216177.6963876,196737.330133125
666,2013,"14078031","g____r_",74.077561291374,18,19672.062807005,NA,NA,NA
666,2014,"10748458","____vre",105.555178549744,13,NA,NA,117543.102858137,8035.01779650817
666,2015,"10395735","__u_vre",400.541259718676,12,NA,NA,51925.7794228622,31606.9271531297
666,2016,"09605871","____vre",34.4801679432456,14,NA,NA,248584.99153871,48978.0546008522
666,2017,"07010540","__upvre",166.245161352099,15,NA,NA,1116393.52286337,20103.2551514077
666,2018,"07252034","__u_vre",150.450315181953,13,NA,NA,73131.2847582309,54276.1106989014
666,2019,"06523548","g__pvre",336.504461842512,12,-34325.7350867939,NA,27386.8898822669,165022.591000633
667,2013,"08774013","__u_vre",803.804795238885,23,NA,NA,28932.9567700533,36982.863179983
667,2014,"09695338","g___vre",919.315359103207,20,47565.5379710295,NA,271983.243080031,172882.788871117
667,2015,"03829471","g____re",511.549060125955,21,90796.5060900165,NA,NA,132990.873160784
667,2016,"05769275","____vre",665.040434309387,18,NA,NA,1882602.21393744,253647.32365724
667,2017,"11739594","gku_vre",9.28337478682319,11,63999.8103976836,-108329.044942315,12052.9479210114,109108.129167251
667,2018,"02936776","g___vr_",44.9274031767944,15,-31265.73189237,NA,34312.4933862939,NA
667,2019,"07273672","_k__vre",121.8644856429,19,NA,33535.1098263009,450803.046722089,37835.4681550675
668,2013,"05375965","____vr_",89.4208897540214,15,NA,NA,158460.672841222,NA
668,2014,"04052507","_k__vr_",55.9403627648046,22,NA,37544.6605954275,59149.5407506664,NA
668,2015,"04343781","_____r_",82.1030113642064,19,NA,NA,NA,NA
668,2016,"06450239","g____r_",1.32586378443373,11,6946.03882202396,NA,NA,NA
668,2017,"07986054","g_u_vr_",9944.34858397279,13,201184.982362292,NA,400615.90633078,NA
668,2018,"08995376","_ku_vre",3837.84111286629,17,NA,35961.3605769079,117477.228762701,21754.7846785099
668,2019,"04666314","_____re",82.2723741088495,26,NA,NA,NA,78934.1942673536
669,2013,"09345002","____vre",1284.58206230485,15,NA,NA,685352.867023345,1607721.41686523
669,2014,"04930345","____vre",53.7396485242094,12,NA,NA,5332543.04861579,352225.981384913
669,2015,"11422027","g__p_re",48.3512376445113,18,35032.8994162933,NA,NA,5011.09705746339
669,2016,"09450354","g_u__re",21.3869364088223,13,81735.2922135092,NA,NA,164265.625701902
669,2017,"04105438","gk_p_re",43694.5097661348,25,9744.29868600889,32513.9459639212,NA,5579.27632256698
669,2018,"05680026","_____r_",2007.06372375749,11,NA,NA,NA,NA
669,2019,"04175331","g_u_vre",120.957418336697,13,-86532.7696892394,NA,39917.2794529904,19390.0695846022
670,2013,"08570590","g_u_vre",317.492871485706,22,171973.439739664,NA,42148.2843488628,20472.5295085864
670,2014,"04380891","_____re",204.89110321791,26,NA,NA,NA,1277.24029960156
670,2015,"09514612","gku_vre",43.4273479874532,6,123778.708213335,149314.365151446,3353013.08435689,4304.73547820007
670,2016,"08757862","____vr_",2265.93281062165,12,NA,NA,34517.9942028553,NA
670,2017,"08128579","_____r_",73.6028680050838,14,NA,NA,NA,NA
670,2018,"05635313","__u__re",9.0745975793083,13,NA,NA,NA,157642.306934601
670,2019,"12047025","gku_vre",255.274405894075,20,72592.7188043606,297763.67986726,23900.0043190954,38970.7638135666
671,2013,"04007691","_k__vr_",1.41955419124283,18,NA,-40344.6258042649,410021.640608055,NA
671,2014,"01578149","g_u_vre",1532.35254725959,8,121173.875894698,NA,61599.6837082672,187431.801103352
671,2015,"01314976","____vre",8.79306622334708,22,NA,NA,248249.317806573,39747.8045354908
671,2016,"01644251","__u__r_",29.3760988747669,18,NA,NA,NA,NA
671,2017,"09700413","_k__vr_",244.991156013351,6,NA,116157.022689031,749627.471575019,NA
671,2018,"02268181","g___vr_",33.6301879000653,18,104209.043780675,NA,210261.243324706,NA
671,2019,"09732296","__u__r_",6452.64520053138,17,NA,NA,NA,NA
672,2013,"04569835","g___vr_",2.2930575333583,16,39713.6476216963,NA,15187.7479178197,NA
672,2014,"05725990","g___vre",375.761493093177,21,-15911.6631531092,NA,448984.25433619,85115.2681700305
672,2015,"08158356","____vre",25.9557979410238,12,NA,NA,48669.0345321285,209246.943957912
672,2016,"08777158","____vr_",427.135489786983,11,NA,NA,93701.6603671259,NA
672,2017,"07155820","_ku__r_",618.36613002873,18,NA,-122369.652823139,NA,NA
672,2018,"07048818","g____re",97.8566709609192,16,27834.2072287577,NA,NA,3588.99052368242
672,2019,"01850930","__u__re",99.4819677151285,16,NA,NA,NA,96379.027889296
673,2013,"07668660","g____r_",28.7146562406989,16,8375.60887154715,NA,NA,NA
673,2014,"04766075","g___vre",635.171229197636,14,109388.04086841,NA,315734.920436206,11313.6644806574
673,2015,"12618523","__u_vr_",77.2129144342594,11,NA,NA,293030.053538699,NA
673,2016,"04505742","_ku__re",3.94597447284846,15,NA,159081.927002884,NA,210192.753329831
673,2017,"02590563","g____r_",1.06619810675605,19,-2787.46402727463,NA,NA,NA
673,2018,"09028066","__u_vre",236.534299197182,16,NA,NA,185490.416850569,40574.9590365373
673,2019,"07353611","__u_vre",2792.11888037447,23,NA,NA,27821.4101564054,8077.02365289439
674,2013,"07823133","_ku_vr_",148.752366554343,22,NA,253431.327404814,351535.394278339,NA
674,2014,"04050642","_____r_",45.1388962831329,16,NA,NA,NA,NA
674,2015,"04012733","____vr_",8.78938315982758,10,NA,NA,5120.94955565502,NA
674,2016,"07675744","____vre",1194.06097436942,15,NA,NA,163175.17996586,3125.48841247867
674,2017,"07221407","_____r_",26.2374008004356,15,NA,NA,NA,NA
674,2018,"01544125","__u_vr_",1629.88456687722,17,NA,NA,454438.903268503,NA
674,2019,"09538880","____vr_",23.4234561717505,9,NA,NA,114845.581222867,NA
675,2013,"07358688","gku__r_",179.32614749354,6,211825.222823114,194214.325562736,NA,NA
675,2014,"07719404","__u_vr_",1069.53146565627,19,NA,NA,379583.754985295,NA
675,2015,"04735064","g___vr_",389.3952495868,14,-82885.227542933,NA,226316.259479656,NA
675,2016,"04155683","g__pvre",60.7255291188234,12,37440.5129557232,NA,21581.8785150727,63749.4020795776
675,2017,"07396588","gku__re",132.335609016448,9,-40236.6712871499,168308.59433623,NA,38352.927790614
675,2018,"09996737","___p_re",373.372971603052,16,NA,NA,NA,7419.79363512928
675,2019,"11147392","__u__re",132.69329710199,17,NA,NA,NA,67700.9324517918
676,2013,"05847302","g_u__re",149.340936250645,16,-57528.8428778624,NA,NA,392967.990608231
676,2014,"05904278","__u__r_",1.23668193803005,14,NA,NA,NA,NA
676,2015,"07653362","g_u_vre",48.7372726773116,22,199478.988704318,NA,1615851.01491096,362369.953242338
676,2016,"04417447","g___vr_",114.005170856536,15,83063.6006533001,NA,63841.5638129334,NA
676,2017,"07967638","_____r_",53.2265553538325,21,NA,NA,NA,NA
676,2018,"05904230","g_u_vr_",3185.9337467628,18,87829.0427641057,NA,217868.789921315,NA
676,2019,"13856732","__u_vr_",167.454170774981,14,NA,NA,157420.757719808,NA
677,2013,"03893093","_____re",75.5848107161012,11,NA,NA,NA,27206.9028893136
677,2014,"05712743","____vre",3046.74339264513,15,NA,NA,59975.9578313878,40621.182360712
677,2015,"04847717","g___vr_",30.4645228331279,15,-56807.6202559829,NA,34837.8906075553,NA
677,2016,"08022880","g___vr_",82.4907537605385,18,89996.3883358463,NA,203257.593708816,NA
677,2017,"12929275","g____re",117.39741381317,11,40284.7525389573,NA,NA,2247.76457924572
677,2018,"08714126","g___vr_",419.391918374625,13,-4636.53528432333,NA,328302.684492433,NA
677,2019,"07004320","__u__re",300.683561998127,12,NA,NA,NA,31566.3331712593
678,2013,"07813740","____vr_",108.237459640124,8,NA,NA,275929.774680731,NA
678,2014,"07356645","__u__r_",1663.2489034679,19,NA,NA,NA,NA
678,2015,"11683890","_____re",34.8586623504189,13,NA,NA,NA,7261.37637494024
678,2016,"04966515","g___vre",72.5378784838486,14,145468.063818969,NA,116117.217089933,6728.68438960944
678,2017,"04523422","_____r_",41.5170607154499,19,NA,NA,NA,NA
678,2018,"04325185","____vr_",2512.21724234472,15,NA,NA,550182.251490132,NA
678,2019,"07913343","_____re",337.424481721407,11,NA,NA,NA,7729.69311128582
679,2013,"11857243","____vr_",35.6310714253543,16,NA,NA,395683.069881764,NA
679,2014,"12051216","g___vr_",1.8154810908717,15,86351.9611919166,NA,129103.443853913,NA
679,2015,"14973654","gku__r_",832.591945160983,14,126412.758124497,24171.1931535412,NA,NA
679,2016,"04636124","_____re",983.201947380163,27,NA,NA,NA,48751.5700863037
679,2017,"07863314","_ku__re",117.518039275645,18,NA,37353.6326465907,NA,93173.528966425
679,2018,"07038888","__u_vre",377.111910346894,13,NA,NA,179257.673165314,1329.81462035069
679,2019,"05199580","__u_vre",2933.93086928489,14,NA,NA,113888.258234573,66787.463031816
680,2013,"07942506","g_u__r_",34.3753339894338,18,63265.0677367526,NA,NA,NA
680,2014,"04088234","____vre",24.0055464214878,17,NA,NA,96127.8499625043,88763.9953135677
680,2015,"14635170","_k___r_",12.8408840793304,12,NA,-59270.6976429567,NA,NA
680,2016,"10762845","gku_vre",89.0758331874449,11,-86782.6052016232,139385.840033309,143517.55168654,3154.46239424919
680,2017,"08280052","g___vr_",2.89735626908043,22,72032.4705815859,NA,78178.0525970795,NA
680,2018,"05874931","____vre",139.208949175174,11,NA,NA,1227740.27407042,16530.0094253519
680,2019,"04256425","____vr_",8.27801730551679,12,NA,NA,15793.5473926023,NA
681,2013,"04350304","_k__vre",131.989278844756,11,NA,6566.52959980568,1384021.973993,71214.6117434225
681,2014,"05472391","____vr_",1366.67600864385,14,NA,NA,24644.8288417372,NA
681,2015,"01881147","____vre",227.716962267526,16,NA,NA,39985.9322759016,527230.775943063
681,2016,"07375197","___pvre",255.460937334825,16,NA,NA,152808.681149536,97993.9476348554
681,2017,"09824432","gkupvr_",4423.35097031765,9,105118.929493071,-40560.5431884327,157213.349049474,NA
681,2018,"05973114","__up_re",300.034271122715,16,NA,NA,NA,15451.4846997593
681,2019,"04668930","____vr_",479.240072542626,20,NA,NA,411208.798644223,NA
682,2013,"08281557","____vr_",1.7360552635812,17,NA,NA,46149.6246058117,NA
682,2014,"06886136","___pvre",95.1056692461936,15,NA,NA,13143.8447609268,11357.9125115044
682,2015,"05982601","g_u__r_",96.0105724218453,16,-83451.6372596255,NA,NA,NA
682,2016,"05883158","gku_vre",1167.9908132225,14,278557.765028546,75524.3933680386,203730.274760441,34996.4258064327
682,2017,"09785184","g___vr_",382.656617852316,12,45540.4492346486,NA,253185.581333762,NA
682,2018,"11487234","g__pvr_",73.6102840750563,14,-34989.7380172806,NA,211019.872432767,NA
682,2019,"03938892","____vr_",15.0612665040467,21,NA,NA,841152.68056964,NA
683,2013,"12977589","__u_vre",36.047014614865,10,NA,NA,74430.6021510713,97587.311706393
683,2014,"03433101","____vre",721.749966845594,14,NA,NA,136760.894487729,4540.73780975552
683,2015,"05530907","_k___r_",39.9773612277087,14,NA,-44923.8553948025,NA,NA
683,2016,"08951493","____vre",9.9091460254622,12,NA,NA,1613909.57113931,84538.704952698
683,2017,"09640076","____vr_",67.8544668526823,12,NA,NA,43087.7852362232,NA
683,2018,"05488654","g___vr_",182.855306167577,14,-23560.912790922,NA,105498.204834502,NA
683,2019,"12970201","____vre",348.313969615431,11,NA,NA,341716.618735989,20815.757968629
684,2013,"16966335","__up_r_",208.278260115647,14,NA,NA,NA,NA
684,2014,"04952744","g___vr_",140.51320782425,10,202802.856365212,NA,21315.5255151495,NA
684,2015,"03325974","__u_vr_",59.3658461454244,13,NA,NA,137063.5371502,NA
684,2016,"07751963","g_upvre",9.22409657536408,17,175830.19145502,NA,32746.678453886,25999.4502273609
684,2017,"07061787","__u_vr_",74.1810894367989,19,NA,NA,183210.441291355,NA
684,2018,"05902325","____vre",145.70889496149,9,NA,NA,47078.5155741397,63243.3851823622
684,2019,"13933258","____vre",638.464134850828,15,NA,NA,67332.635252887,34429.6755852696
685,2013,"05870068","__u_vr_",53.6853167381078,14,NA,NA,790748.626143393,NA
685,2014,"14334649","__u_vr_",71.1295877076667,17,NA,NA,516205.569213932,NA
685,2015,"08951974","___p_re",39.1628291743756,13,NA,NA,NA,139602.388553818
685,2016,"05361792","gk_pvr_",29.099736818948,11,13863.0848451627,-73072.8122730425,30233.4406949972,NA
685,2017,"08093923","g___vre",697.843207880033,15,105575.000007827,NA,626886.546251291,182890.708116599
685,2018,"04823110","g__p_re",33.5998366261901,19,77552.4571753354,NA,NA,31963.7084661418
685,2019,"07281854","_____r_",23.2751904293945,16,NA,NA,NA,NA
686,2013,"16238634","____vr_",473.283162917413,16,NA,NA,1280876.44534232,NA
686,2014,"04332790","g_u_vr_",2493.118305415,12,53998.6742586651,NA,38847.9337427507,NA
686,2015,"12296265","_k___re",4.85962648959754,12,NA,143007.895014602,NA,611956.102097391
686,2016,"14530812","g_u_vr_",1057.91169768591,18,113011.51294107,NA,171807.86678481,NA
686,2017,"07063648","g_u_vre",268.379913575121,17,11246.6375788283,NA,71707.7875246344,390414.248132997
686,2018,"11260512","g___vre",562.120740046267,11,33046.5989145191,NA,162332.965615628,118861.244362437
686,2019,"05995945","____vr_",40.1974207527272,16,NA,NA,1262698.29641859,NA
687,2013,"04617421","g_upvr_",70.1721440906279,14,261222.504570038,NA,105445.020175866,NA
687,2014,"07582720","g_u_vr_",2.76312806727189,17,106649.401767006,NA,99295.7129029275,NA
687,2015,"07834861","_____r_",19054.8418538415,18,NA,NA,NA,NA
687,2016,"07099973","__u_vr_",203.971789333074,15,NA,NA,214483.550808905,NA
687,2017,"04102186","____vr_",914.402247043865,24,NA,NA,312815.992063358,NA
687,2018,"05712660","gk___r_",31.2282094699689,11,37116.204980446,228520.624522549,NA,NA
687,2019,"07044151","____vre",1400.70758949125,13,NA,NA,587301.614093929,44473.2422995156
688,2013,"09205745","____vr_",579.049914509866,19,NA,NA,167853.79953209,NA
688,2014,"08458252","___p_r_",152.307568278881,12,NA,NA,NA,NA
688,2015,"14638819","____vre",40937.7277818446,11,NA,NA,583758.044461093,12667.832855479
688,2016,"07290217","_____re",923.007510645447,14,NA,NA,NA,8683.8314256902
688,2017,"04517715","__u__r_",8.04529259605865,11,NA,NA,NA,NA
688,2018,"04395342","g___vr_",4.46259739876579,15,118339.259833184,NA,2674384.52711315,NA
688,2019,"07611802","____vr_",4785.96077712293,17,NA,NA,249760.23744323,NA
689,2013,"04331103","__u_vre",1429.78332807593,9,NA,NA,67999.2711718504,78786.476164039
689,2014,"09519006","___pvre",10.7981337116831,17,NA,NA,462977.624683606,32882.5952971615
689,2015,"07401871","_ku_vr_",288.911149925064,13,NA,-174853.607071171,754594.947135933,NA
689,2016,"14603962","__u_vre",247.544667888537,13,NA,NA,263191.296582025,100553.864609513
689,2017,"07785892","g____r_",229.179562931596,12,172716.800929304,NA,NA,NA
689,2018,"05144546","g_u_vre",1.00808237122337,14,45862.4511942138,NA,2748712.99719248,375442.529654977
689,2019,"04829432","__u_vre",25.2362271365099,15,NA,NA,440451.69311368,5213.87528433545
690,2013,"09417427","___pvr_",436.873843959546,16,NA,NA,235820.197312149,NA
690,2014,"09785111","_kupvr_",24.5026271777677,11,NA,-16706.2394582294,238614.112961295,NA
690,2015,"07181668","_____re",429.767871779966,11,NA,NA,NA,29955.1095156873
690,2016,"09921991","gku_vre",3.00750022762422,19,201769.735131943,177880.950468654,699495.9504352,32763.058664976
690,2017,"04755999","g___vr_",12.0253067793213,21,828.52307092792,NA,164219.383229295,NA
690,2018,"08628758","g___vre",2784.29580267368,16,96416.1664817431,NA,283568.379816932,178138.942758739
690,2019,"13361289","_____re",71.2030136164403,12,NA,NA,NA,94755.2049336923
691,2013,"05533539","_k_pvr_",21.4460009168112,20,NA,8948.74383778399,264872.630144593,NA
691,2014,"14551901","____vre",8.74150333537,15,NA,NA,788952.991076431,115143.552826923
691,2015,"09334897","g__pvre",134.09369686489,14,13.1815700185398,NA,53470.5186874939,545182.0602123
691,2016,"15376190","____vr_",8.72354975550924,17,NA,NA,1496478.19725108,NA
691,2017,"09011496","____vre",13346.8595545164,16,NA,NA,59239.8947869618,30104.639388831
691,2018,"04172145","_____r_",46.9682965700974,11,NA,NA,NA,NA
691,2019,"04187729","__u__r_",203.599504104897,14,NA,NA,NA,NA
692,2013,"05274577","___pvre",0.187677506418522,18,NA,NA,1248125.20310453,77486.525930837
692,2014,"14661930","___p_re",457.69075656686,16,NA,NA,NA,27614.5434229895
692,2015,"04327956","____vr_",24.0414203505937,19,NA,NA,399311.167939744,NA
692,2016,"15573639","g_u__re",78.2630235241006,8,164461.679409546,NA,NA,39810.1246218855
692,2017,"10160370","g____r_",858.392207368108,14,62826.8113425118,NA,NA,NA
692,2018,"09877749","____vr_",492.600478740071,15,NA,NA,285281.221357096,NA
692,2019,"14784405","____vr_",46.1000920084446,16,NA,NA,132957.385570454,NA
693,2013,"01425351","g_u__re",8.37607561568934,11,113335.610355093,NA,NA,14319.2495993479
693,2014,"13219341","_k__vr_",18.5041337174141,11,NA,55751.8020472804,229722.736971709,NA
693,2015,"11355756","____vr_",56.3073483510209,17,NA,NA,292460.88537872,NA
693,2016,"05309875","_k___r_",17.3489137352696,16,NA,179434.804741235,NA,NA
693,2017,"06331927","_____re",204.717444885735,15,NA,NA,NA,28460.9387582093
693,2018,"04849671","g___vr_",573.297199015911,15,219098.070791826,NA,263947.071545499,NA
693,2019,"04104981","g___vre",97.6906758822857,10,84199.4498725981,NA,127729.561500846,6021.23525741152
694,2013,"08590595","_____re",26.6067591737449,20,NA,NA,NA,236158.705730415
694,2014,"04012532","_____re",13.0847389317651,15,NA,NA,NA,12436.5693318868
694,2015,"09005693","_k___re",167.764567938506,18,NA,123352.961921593,NA,10986.953567109
694,2016,"04633390","__u__r_",360.333321595373,23,NA,NA,NA,NA
694,2017,"07770368","gk__vr_",284.120452967486,23,-18119.6964558147,7767.57614787917,20091.408126603,NA
694,2018,"16930463","g_u_vre",318.324522939454,21,120506.723115556,NA,24673.8466437105,121062.733503616
694,2019,"11870509","____vr_",1130.87285249325,16,NA,NA,106706.962719162,NA
695,2013,"14683566","____vre",776.518658011988,24,NA,NA,1166532.11302564,89358.9716228967
695,2014,"12198111","g__p_re",14.9360168766302,27,-18031.5098024513,NA,NA,10905.4334440135
695,2015,"10287875","g_u_vre",47.0526380233029,8,41345.3154542058,NA,146027.012879382,422788.8127189
695,2016,"14066744","g__pvre",312.262716313089,20,35583.4655433857,NA,1018666.8945772,52101.8790119038
695,2017,"08940543","____vr_",1669.70138552034,14,NA,NA,1687486.6982468,NA
695,2018,"07441800","g___vr_",642.136085093318,19,4265.29705821794,NA,836247.460647919,NA
695,2019,"04025520","__upvr_",49.4768624667975,17,NA,NA,434859.171013413,NA
696,2013,"15576743","g___vre",29.7948579753333,10,118292.204198597,NA,227876.449384368,30598.9657422081
696,2014,"05718424","_k___re",839.113122831133,15,NA,144019.293992349,NA,74356.3519456802
696,2015,"09859423","____vre",12.9557803506483,21,NA,NA,133923.556362143,462317.646517675
696,2016,"05841168","____vr_",8.16089026287865,10,NA,NA,70412.9387719299,NA
696,2017,"04914447","g__pvr_",48.9486639267874,15,-22541.607777897,NA,782782.236349681,NA
696,2018,"13556464","____vr_",574.384385376198,14,NA,NA,387778.604529436,NA
696,2019,"07954644","g___vre",144.438774236595,13,-11693.9910032886,NA,225491.729681175,6643.19188848777
697,2013,"07467592","__u_vre",44.2307396995898,16,NA,NA,73652.8768821627,39595.3304256685
697,2014,"07915549","gk___re",61.2710488292595,10,156331.967748905,289440.138267496,NA,21619.6772659011
697,2015,"14806395","_____r_",8177.41676231031,14,NA,NA,NA,NA
697,2016,"05856344","g_u_vre",916.800019425232,14,54856.3456321602,NA,129301.479431853,104326.598639775
697,2017,"01651474","____vr_",424.329001617805,17,NA,NA,160483.043810902,NA
697,2018,"07959865","_ku_vr_",2843.07935523115,17,NA,-58011.9221812477,447574.393702999,NA
697,2019,"02722048","g___vr_",428.698583300788,10,171443.447991449,NA,400622.405171529,NA
698,2013,"07297353","g_u__re",3497.34366750306,28,29389.0155242407,NA,NA,132952.974280672
698,2014,"14280864","____vr_",45.6111865817884,15,NA,NA,20119.0199705968,NA
698,2015,"14188231","g_u_vr_",81.0946575621351,17,-14318.3870425229,NA,63390.0564612427,NA
698,2016,"07058497","____vre",306.362681489156,16,NA,NA,450195.056333978,211017.492287467
698,2017,"07071857","_ku__r_",5461.21539834825,11,NA,-5861.19253829702,NA,NA
698,2018,"01888789","g____re",508.082308781432,14,133089.740624085,NA,NA,33687.2973338666
698,2019,"05581049","_k___re",230.969749995209,17,NA,23198.9850909146,NA,11869.9369949649
699,2013,"09772834","g___vr_",356.163424783238,19,-25741.2552293049,NA,59841.2634303661,NA
699,2014,"07401766","__u_vre",205.926879472106,17,NA,NA,1197157.10724135,19954.8069482525
699,2015,"04968583","g____r_",74.5354597844391,12,77250.441676609,NA,NA,NA
699,2016,"05509461","____vr_",95.9613510434933,20,NA,NA,135544.544016976,NA
699,2017,"10695138","_ku_vr_",211.906081112971,18,NA,-97900.6231501529,1236324.52049661,NA
699,2018,"05343708","gk___r_",3.80830074964396,20,14569.6348914358,-235697.97070826,NA,NA
699,2019,"08234147","____vr_",1620.71582979647,13,NA,NA,65594.7933542526,NA
700,2013,"08005754","gk__vr_",7123.53949139592,12,106806.790482884,176474.512276641,476080.364263068,NA
700,2014,"07122362","g___vr_",28.143334296746,18,5770.04034494016,NA,332700.966916667,NA
700,2015,"05316453","____vr_",10.0845598796405,23,NA,NA,1201807.75047966,NA
700,2016,"05557140","g____r_",1035.76625867313,9,-78238.897818279,NA,NA,NA
700,2017,"08540436","____vre",163.175055591464,13,NA,NA,165067.568605652,20148.927967723
700,2018,"16719141","g____re",89.1249976972463,7,169717.724242102,NA,NA,9707.23989391881
700,2019,"08117641","__u_vre",1014.99786723283,15,NA,NA,81447.4522649294,6117.11968647369
701,2013,"04063418","____vre",62.1276433037965,18,NA,NA,9129029.50489951,23028.1905217826
701,2014,"06398418","__u_vre",501.321352101148,8,NA,NA,712136.924500413,176929.413899457
701,2015,"07200402","_____r_",22.6509153799352,15,NA,NA,NA,NA
701,2016,"07719848","____vr_",44.1911028152385,13,NA,NA,237762.872639116,NA
701,2017,"07910552","g_u__r_",95.2315837280589,21,175875.250788873,NA,NA,NA
701,2018,"10550657","_k_p_re",2.06082891123936,23,NA,-80711.2896972773,NA,8029.09466598125
701,2019,"07232067","g_u__r_",38.1546217324978,13,211640.082069976,NA,NA,NA
702,2013,"15804219","g____re",86.2939411769312,16,112046.845511768,NA,NA,54034.1760251809
702,2014,"14012970","__u_vre",901.830406440878,17,NA,NA,602428.894361342,3304262.66560064
702,2015,"14294410","__u_vr_",141.193567658162,24,NA,NA,40499.2597750661,NA
702,2016,"12341965","_____re",6.54696334036552,19,NA,NA,NA,120351.524455208
702,2017,"07504915","_____re",109.397244090086,16,NA,NA,NA,317023.209212834
702,2018,"14431879","____vr_",65.9486018081636,20,NA,NA,274501.79742908,NA
702,2019,"07339597","_k___r_",315.098345318198,24,NA,116919.37892503,NA,NA
703,2013,"05722268","g____r_",2844.11046063568,16,-49375.5638848433,NA,NA,NA
703,2014,"09054678","g_u_vr_",64.7943063147724,12,98982.4446306193,NA,990609.093040768,NA
703,2015,"05935594","_k___re",135.416528893382,17,NA,25038.3120261997,NA,39518.9122741733
703,2016,"09841880","g___vr_",4.36072552602055,11,102771.149857964,NA,144173.768436536,NA
703,2017,"04320535","g_u_vr_",5039.51720180725,12,-30705.5799177318,NA,630788.951397395,NA
703,2018,"08717192","_k___re",9.70737352897114,12,NA,92217.0028023762,NA,11404.8181125034
703,2019,"07337615","g___vre",71.5550690517482,11,102431.137252212,NA,38113.6788836157,152147.555057109
704,2013,"05269042","gku_vr_",25.4746693868882,14,31738.6713276346,172860.649383092,3939738.65279954,NA
704,2014,"07715433","g_u_vre",296.949189862644,12,9571.89433639332,NA,103997.216312909,1268499.65142413
704,2015,"12890285","g_u_vr_",134.3471764695,11,63145.8000522527,NA,145036.930050886,NA
704,2016,"05620407","g__pvre",552.667753074019,12,151183.995355239,NA,21982.5264673673,74868.2147787529
704,2017,"04410027","____vr_",419.801679208196,10,NA,NA,733962.848577879,NA
704,2018,"04708049","gku_vre",434.887814416908,15,16695.1813326872,41637.6146076816,504730.797019579,17286.2637713958
704,2019,"07639495","__u_vr_",8.87269297269582,13,NA,NA,66546.4325183316,NA
705,2013,"05601309","_k__vre",15.1380651532747,8,NA,5441.31925302688,335345.15005428,3599.82971898319
705,2014,"05170075","____vre",25.8424644279858,12,NA,NA,108153.47703751,125738.550440685
705,2015,"03031878","g_u_vr_",53.3208513778325,20,70768.944396205,NA,2123.74203935224,NA
705,2016,"02631222","_____re",189.205523457338,7,NA,NA,NA,43194.2657936943
705,2017,"14065188","____vre",4840.24143318676,12,NA,NA,121591.574083751,9160.61105679815
705,2018,"15211421","_____re",5954.06974970817,13,NA,NA,NA,145623.741214844
705,2019,"07316237","___p_re",622.590354563824,13,NA,NA,NA,21728.3395812629
706,2013,"09433164","g_upvre",161.946614049036,11,16237.3873533018,NA,403102.646452564,694185.636813979
706,2014,"05572473","g__p_re",217.665467935031,18,-75907.8791517525,NA,NA,454949.461998903
706,2015,"04306226","gku_vre",291.638554566668,14,102639.71489713,312878.593628806,30027.2655131996,37481.0841135515
706,2016,"07428457","____vr_",109.486362184774,16,NA,NA,74218.9070239443,NA
706,2017,"05929692","_____re",32.9569179289944,12,NA,NA,NA,49452.9419913177
706,2018,"12706070","__u__re",93.7146987642259,13,NA,NA,NA,10098.7000641485
706,2019,"08232083","__u__r_",13362.4779899563,17,NA,NA,NA,NA
707,2013,"01804981","g_upvr_",145.478758113456,17,168912.69102524,NA,293157.306588865,NA
707,2014,"10593365","g_u_vre",30.1031653072699,15,174627.614547137,NA,54495.2712892996,78057.8584135093
707,2015,"09962349","__u_vr_",823.574157655977,24,NA,NA,125114.852319304,NA
707,2016,"07354208","g___vre",350.932544847795,12,87596.3953093769,NA,105860.72984511,513142.798153677
707,2017,"11381838","__u__r_",1050.38267123856,15,NA,NA,NA,NA
707,2018,"12199596","__u_vr_",15.3535351327033,15,NA,NA,41286.2736424092,NA
707,2019,"05412581","_____re",369.984768744895,15,NA,NA,NA,133384.37778638
708,2013,"13843174","g___vre",279.570645603774,15,93551.1664854705,NA,336788.460240217,134139.821270177
708,2014,"05321333","g___vr_",159.323982729647,14,187547.942770759,NA,182132.84312412,NA
708,2015,"05040737","g__pvre",1537.6348526647,16,76824.4680954273,NA,611527.533320054,54464.7741429968
708,2016,"07161771","____vr_",17.3389794449104,15,NA,NA,149801.074704713,NA
708,2017,"14191761","_____r_",697.173109225537,10,NA,NA,NA,NA
708,2018,"08529245","____vr_",454.543653593344,17,NA,NA,275344.766103687,NA
708,2019,"06548635","gk__vre",1813.65136792173,13,-8786.0829834976,-14348.2133926693,67594.5281861049,384120.854115983
709,2013,"04308134","g____r_",624.562906714887,14,202410.560663095,NA,NA,NA
709,2014,"05209390","g___vre",200.934268157538,19,-9313.14238939303,NA,22519.1483668487,118319.519256801
709,2015,"15827361","g_u__re",101.775205014574,22,155475.005254017,NA,NA,45175.6940770274
709,2016,"16841931","_k_p_re",2.07488246862897,18,NA,-15620.0065377306,NA,101213.19540695
709,2017,"05895732","____vr_",341.675463935799,16,NA,NA,340112.992743479,NA
709,2018,"05515920","g_u_vr_",769.570833628975,14,95696.7920936776,NA,166347.536143192,NA
709,2019,"05764313","_____re",27.9612113686381,15,NA,NA,NA,10578.2992643437
710,2013,"14365378","g____re",32.0013180878963,19,83648.0923499486,NA,NA,28138.3678060126
710,2014,"02876981","__u_vr_",535.231484153246,11,NA,NA,231378.322381321,NA
710,2015,"09969448","g___vr_",723.47460211853,15,193567.231620749,NA,22495.0813722554,NA
710,2016,"12445506","__u_vre",24.0726285750745,13,NA,NA,157997.969641383,5649.00848704167
710,2017,"05621960","____vre",72.2410919430674,16,NA,NA,69555.4932056844,107672.369472146
710,2018,"05269688","g___vre",68.8957754896331,13,164961.959272854,NA,25941.7974326966,19764.5210041891
710,2019,"05540809","g_u_vr_",4198.68823456729,12,63787.1924847685,NA,473918.617858133,NA
711,2013,"12533521","_____re",185.134452427341,14,NA,NA,NA,202859.761487479
711,2014,"03998375","_____r_",27.0886875378086,18,NA,NA,NA,NA
711,2015,"09837491","__upvr_",78.371017187042,12,NA,NA,9418.23804224982,NA
711,2016,"08112817","g___vr_",13.8885440457645,6,30994.0140912727,NA,25054.5021636602,NA
711,2017,"05688165","____vre",2177.30163593905,16,NA,NA,111246.208002945,7503.81032029709
711,2018,"05804469","_ku__re",8.04510365816732,14,NA,-125966.925493042,NA,52758.4943543006
711,2019,"09272604","____vr_",59.3083447407882,15,NA,NA,39158.1498979487,NA
712,2013,"13419060","g___vre",4.95210807909806,10,146210.977511265,NA,354000.280483035,108338.000639685
712,2014,"12372946","__upvr_",754.764395946781,15,NA,NA,488051.231897276,NA
712,2015,"16231820","____vre",5.62692768284511,11,NA,NA,9803.75493260736,26255.6020978011
712,2016,"05034212","_____re",123.862538667623,15,NA,NA,NA,111246.577265332
712,2017,"07905202","____vr_",8.46507534935268,10,NA,NA,28879.5492760266,NA
712,2018,"09120598","____vr_",125.579447489604,14,NA,NA,10052.2351725331,NA
712,2019,"12566710","__u_vr_",486.060365615146,14,NA,NA,101672.486092715,NA
713,2013,"05941557","____vr_",182.674952171811,12,NA,NA,12472.1313605619,NA
713,2014,"08285192","g_u_vr_",14.2542087162072,12,57541.4947886785,NA,76981.342914015,NA
713,2015,"14399539","g___vr_",53.2627862652723,24,135987.393730127,NA,16323.674373048,NA
713,2016,"04993913","___pvre",10.3198332878793,14,NA,NA,81413.1203830574,103344.14167399
713,2017,"05191705","__u_vr_",163.525221934567,17,NA,NA,4035321.48258924,NA
713,2018,"04856825","g___vr_",48.1918468877627,18,123847.551953134,NA,720976.313920732,NA
713,2019,"04107009","g___vr_",144.062437360707,20,110863.005723791,NA,42063.6148445478,NA
714,2013,"07768980","____vr_",42.2047631389812,10,NA,NA,107865.165585601,NA
714,2014,"05648566","_k__vre",13.6555027939999,17,NA,-30597.8731993922,37010.5387587126,108827.313868489
714,2015,"05777438","_ku_vre",731.69262829624,22,NA,-201449.750071376,87769.0131158508,32385.2428746183
714,2016,"01552345","g___vre",306.648144073259,10,132746.563579074,NA,67660.470676524,51254.6978592688
714,2017,"07523982","g___vr_",14.8102282740824,11,95174.8495779831,NA,312101.651802921,NA
714,2018,"07320440","g___vr_",24207.7805441788,15,-85459.5084322137,NA,3832127.54166419,NA
714,2019,"03442722","_____re",56.5106764245024,17,NA,NA,NA,42350.9566180585
715,2013,"09483199","g____re",39.7967847670363,13,-32482.1847395488,NA,NA,68066.2767860724
715,2014,"05798183","____vr_",48.7491734717208,10,NA,NA,3594190.32996422,NA
715,2015,"14870766","_k___r_",35.3066610799777,15,NA,88371.432723619,NA,NA
715,2016,"08252895","g___vr_",4051.64327185186,16,156728.198360148,NA,528505.136522786,NA
715,2017,"07756406","_____re",178.031427902451,12,NA,NA,NA,31731.9683593974
715,2018,"10473469","____vr_",23.4413858619037,17,NA,NA,223175.316552545,NA
715,2019,"07293712","__u__r_",49.2654558988095,20,NA,NA,NA,NA
716,2013,"05050221","g___vre",1944.75688103012,21,67743.0834386892,NA,115349.540577673,59110.9956366036
716,2014,"09077201","____vr_",70.3030263917982,16,NA,NA,102244.021079747,NA
716,2015,"03593853","gku__r_",47.3499727925691,16,244.168328371779,-43628.9517722931,NA,NA
716,2016,"14202983","g___vre",2590.26613850332,23,28067.8802776882,NA,621713.113408419,150980.821758749
716,2017,"05437764","____vr_",141.549058355917,9,NA,NA,41873.3493052066,NA
716,2018,"07950689","gk__vr_",32.9984071003245,15,-15327.6574541078,67219.7113414205,292280.700822929,NA
716,2019,"05181763","____vr_",35.4699535982169,10,NA,NA,579446.551936924,NA
717,2013,"09506673","gkup_re",472.235491816508,16,34610.2964988617,9374.46026442088,NA,189201.295382462
717,2014,"05496366","g_u_vr_",1656.71766121307,10,-7042.78780931386,NA,74198.9848686298,NA
717,2015,"12820528","_____r_",37.5162159875018,19,NA,NA,NA,NA
717,2016,"05827938","g_u_vr_",253.082994341021,12,172409.526147356,NA,345267.596348247,NA
717,2017,"01084054","____vre",2491.79851674262,27,NA,NA,40646.8938652377,11588.0471430158
717,2018,"04442006","_____re",302.54719979089,16,NA,NA,NA,91921.2013703406
717,2019,"11784463","gkup_r_",60.9376572566492,13,75611.664600206,216425.634426988,NA,NA
718,2013,"05648018","____vr_",100.345945599715,14,NA,NA,529448.378301021,NA
718,2014,"05769874","gku_vre",45.8722492527633,21,46781.2512963114,-121725.542501085,1179400.91511269,75423.2742729251
718,2015,"05849376","____vre",117.453110764828,13,NA,NA,6888.14976495846,16675.424653213
718,2016,"09716396","____vre",4.13679684435634,18,NA,NA,153244.525835643,16923.8518332153
718,2017,"03558601","____vr_",1639.052429507,11,NA,NA,21942.4136080291,NA
718,2018,"08708650","____vr_",748.403257806297,14,NA,NA,112197.651635137,NA
718,2019,"07309367","_k__vr_",4372.35843400728,16,NA,86625.41968249,123342.934247533,NA
719,2013,"04153855","g___vre",16.6945159992798,16,92598.0606929608,NA,33030.2996518882,387303.497749856
719,2014,"11189789","____vre",83.0797030714632,15,NA,NA,1427063.58916636,136130.482872284
719,2015,"04564830","g_upvre",409.853301822163,15,-8863.34621609889,NA,71294.3636812498,101110.064533889
719,2016,"05873762","g_u__re",2769.95567965637,12,-77459.9887206475,NA,NA,150122.368510552
719,2017,"09425396","g____r_",30.5444043860272,22,185193.463367219,NA,NA,NA
719,2018,"04477576","g__pvre",287.275514124831,19,35852.9283948822,NA,289233.767957546,982427.128522482
719,2019,"04982584","g___vr_",26.6433729893553,12,36396.0489917228,NA,310541.689280525,NA
720,2013,"04037575","g___vr_",160.995681462737,16,-1744.5501934957,NA,27215.6871596641,NA
720,2014,"07594946","____vr_",135.343526333206,14,NA,NA,655493.653750222,NA
720,2015,"03742959","g____re",27.4923241555205,9,-68089.7686990759,NA,NA,1997461.11121792
720,2016,"09328289","g___vre",95.6927975830984,13,-24560.6000871901,NA,7345858.40132899,549936.630026099
720,2017,"04647160","g_u_vre",2487.62604552839,14,83435.5003176798,NA,232710.359527053,635792.681269928
720,2018,"16238974","_kup_re",568.857199672738,9,NA,99691.5954328548,NA,5940.61754805289
720,2019,"14877756","g___vr_",226.709609698044,19,87249.113706914,NA,26722.3012582807,NA
721,2013,"13164070","_____r_",68.311463043325,14,NA,NA,NA,NA
721,2014,"01912035","__u_vre",11.7179754488384,19,NA,NA,32756.6741496929,57974.6165201182
721,2015,"01084137","___pvr_",874.084206179172,14,NA,NA,33510.7933299778,NA
721,2016,"08675412","gk__vr_",68.6723008529831,21,-6237.74142984946,20006.1912566258,579432.486069749,NA
721,2017,"13486047","g___vre",7.09294793746403,8,6084.8221180052,NA,1158114.09831166,175147.079287537
721,2018,"04181784","g____re",1210.42871373953,17,24910.3444050789,NA,NA,48356.3261238573
721,2019,"15042048","_ku_vr_",207.296130924333,16,NA,62416.9899375287,56721.3193650162,NA
722,2013,"01294548","g___vr_",115.99710163726,14,-14931.4507980599,NA,93457.173457504,NA
722,2014,"09429622","g___vr_",74.3283448509098,12,-20730.1064956178,NA,85765.0325172084,NA
722,2015,"12567813","_____re",2.82753034966268,13,NA,NA,NA,14790.1443169231
722,2016,"08418145","___pvr_",107.498058400329,24,NA,NA,172233.069688988,NA
722,2017,"04371260","g___vr_",37.8023543825636,16,-49253.9034700536,NA,57273.304450149,NA
722,2018,"13172084","g___vr_",2759.23969744628,15,67272.9043792802,NA,834607.654326337,NA
722,2019,"08111190","g_u_vr_",474.172593401326,16,206411.372985003,NA,60378.1801913525,NA
723,2013,"05337479","____vre",540.947354093304,14,NA,NA,38041.1984061205,183536.41492635
723,2014,"05174330","__u__re",11.592936000101,20,NA,NA,NA,115529.462113155
723,2015,"07664036","g___vr_",38.4114357597748,12,69269.5687840931,NA,32451.4526820846,NA
723,2016,"09410032","__upvre",40.0698514098825,15,NA,NA,427156.300456165,58243.1730239015
723,2017,"08624308","g_upvre",1.64105681687189,19,181670.368322335,NA,238973.888889642,181844.600447234
723,2018,"04628171","gk__vr_",112.870250385227,20,196622.628387988,35307.5145408042,37157.9456188053,NA
723,2019,"05092746","____vre",218.59331354866,22,NA,NA,30478.9497023564,13432.0058840805
724,2013,"05507426","____vr_",232.017398688185,15,NA,NA,20459.2088152923,NA
724,2014,"04231209","g_u_vr_",303.739320895719,19,106330.225475885,NA,39591.0064251221,NA
724,2015,"14191018","__u__r_",8.2305717887168,16,NA,NA,NA,NA
724,2016,"09888470","_k_pvre",1305.56528414474,19,NA,-166454.080177431,128084.184011733,291968.019624346
724,2017,"04138962","__u_vre",107.196735581997,17,NA,NA,95396.0346976727,16625.3967458881
724,2018,"05229672","_k__vre",1414.48016495045,19,NA,-29349.3471236637,587640.590835525,99311.4392473009
724,2019,"10139548","g___vre",6.3954107672382,7,143123.19693678,NA,318288.81826444,26987.8797112586
725,2013,"09684249","_k___r_",5.29761751543646,16,NA,134419.150533852,NA,NA
725,2014,"05213331","__u__r_",439.362519363196,16,NA,NA,NA,NA
725,2015,"04327224","_k_pvr_",453.149282580972,10,NA,718.55032716554,311277.76168859,NA
725,2016,"05573599","g__pvr_",665.937887228935,12,26097.8589299083,NA,236411.19680856,NA
725,2017,"09234083","g____r_",3131.58400562157,12,-140648.418801458,NA,NA,NA
725,2018,"04774472","g____r_",100.967926620127,13,64665.7156146633,NA,NA,NA
725,2019,"01597448","gku_vre",31.3191818497868,15,38218.581303281,46231.6231993625,150048.613673732,728818.47984695
726,2013,"01857229","g_u_vr_",212.555250986908,20,57607.8192438929,NA,158848.99936546,NA
726,2014,"11016795","g_u_vre",25.4275415732979,20,115149.218833861,NA,244388.973459841,15374.9125865229
726,2015,"07860278","_____r_",666.517601806106,16,NA,NA,NA,NA
726,2016,"05213203","____vr_",42.8578887637111,12,NA,NA,392670.788459281,NA
726,2017,"09080534","_ku_vr_",107.018522877315,19,NA,39809.4668880621,236212.05173319,NA
726,2018,"07102990","g____re",1868.00725475699,13,93966.7960383521,NA,NA,720510.228178928
726,2019,"04261665","____vr_",186.221464709537,15,NA,NA,295060.68632724,NA
727,2013,"04561890","____vre",1046.37813702255,11,NA,NA,6002664.25989672,87966.2099534156
727,2014,"05705119","__u_vr_",32.5979667195542,14,NA,NA,461637.9019145,NA
727,2015,"07280184","____vre",128.549476108845,18,NA,NA,2484393.99516398,498118.925563924
727,2016,"09823047","__u__r_",36.7537577658544,11,NA,NA,NA,NA
727,2017,"07624162","____vre",96.4003686982847,19,NA,NA,126288.945489613,43385.7898229611
727,2018,"04753266","g____re",1164.88943760637,14,97235.0654111255,NA,NA,13862.3895863738
727,2019,"05646937","_ku__r_",60.6933265435824,9,NA,119788.615182023,NA,NA
728,2013,"06393408","g__pvr_",10.2856146766523,15,28704.2030793498,NA,23958.1172244634,NA
728,2014,"05622225","__u_vr_",124.710938211705,11,NA,NA,12045.0318632998,NA
728,2015,"07246604","gk__vre",11.4324709609549,15,36417.4080520464,57969.6045256875,75242.6167607717,106470.995838808
728,2016,"13756673","_____re",4544.31469968421,16,NA,NA,NA,225889.710376472
728,2017,"10150385","g____re",210.230618223053,19,-29258.6795338821,NA,NA,97621.8941815502
728,2018,"05306670","____vr_",337.200485032654,13,NA,NA,2971.67216329248,NA
728,2019,"04637151","g_u__r_",20.4106490115789,23,-19459.1987457327,NA,NA,NA
729,2013,"08302493","_____re",8.23585772868139,13,NA,NA,NA,5317.23558294726
729,2014,"07697072","__u_vr_",334.294939916353,17,NA,NA,287172.177823165,NA
729,2015,"05441034","___pvr_",24.8689216557976,8,NA,NA,333491.898760801,NA
729,2016,"11205671","____vre",20.6464997305354,17,NA,NA,277192.487865194,12631.050393826
729,2017,"02680830","__u_vr_",33.1525082690458,12,NA,NA,17097.4614353616,NA
729,2018,"04914016","____vre",24.3734174449258,10,NA,NA,1714939.02416554,36462.1161954352
729,2019,"05117209","____vr_",52.0670293798405,15,NA,NA,70682.9351441332,NA
730,2013,"08713414","g___vr_",8.88563582639809,20,-42020.8777441849,NA,27381.0941958482,NA
730,2014,"05597725","__u__re",73.8662828877636,10,NA,NA,NA,3905.5966028475
730,2015,"14916070","__up_re",65.5152249236593,15,NA,NA,NA,18419.278058552
730,2016,"05756824","gku_vr_",2118.95989085386,13,-18201.8673029555,-91265.9172833159,41466.573042457,NA
730,2017,"01145364","gk__vre",55.3296601296853,16,-147060.027048549,224469.265287668,1192.2189809167,76186.5516787362
730,2018,"07172514","g_u_vr_",202.035237475299,17,126386.459544253,NA,71094.1952743255,NA
730,2019,"05664060","__upvre",144.181968198092,14,NA,NA,458889.689510239,14352.3301732866
731,2013,"04181526","g___vre",21.6276692970463,14,-90112.4248050376,NA,654693.091187424,316552.917903704
731,2014,"04229742","gk___re",13.4746984283284,10,296004.37073425,-213441.047960353,NA,29966.716180718
731,2015,"03266806","g___vre",15.5025734707034,18,-76653.0299334035,NA,3659920.85694644,478891.38140925
731,2016,"04232189","___p_r_",129.566830100617,15,NA,NA,NA,NA
731,2017,"07712065","_k__vr_",36.4101497600894,13,NA,61836.6627559142,492856.812901956,NA
731,2018,"02608425","g_u_vr_",334.670744737531,21,54099.2682428266,NA,67313.8948205263,NA
731,2019,"11950830","_____r_",270.540745141257,16,NA,NA,NA,NA
732,2013,"14043499","g___vr_",933.204969505114,13,116372.985567041,NA,17791.6786365743,NA
732,2014,"12185050","__u__re",545.977139854566,17,NA,NA,NA,94898.2289260986
732,2015,"04282726","g_u_vre",169.096592424096,20,-43885.6122218156,NA,10495.4838159003,101430.162501741
732,2016,"01064501","g_u_vre",167.176461005009,11,47551.5909179307,NA,146687.357843311,5917.74101542044
732,2017,"08838372","_k__vr_",93.5889008197203,22,NA,53597.6583648062,139007.737406424,NA
732,2018,"09287321","g___vr_",254.017011916385,13,45163.4515031026,NA,513878.931350573,NA
732,2019,"08772805","____vr_",2.58760670978123,12,NA,NA,179560.853284236,NA
733,2013,"08974051","g____re",22.9541677224264,14,-13530.2112025379,NA,NA,36264.933322046
733,2014,"04740957","____vre",226.006861469516,13,NA,NA,56828.3122475034,90837.1057073134
733,2015,"04720561","_____r_",510.195883836676,13,NA,NA,NA,NA
733,2016,"08740515","g_u_vre",327.450638529073,14,186000.825361809,NA,19656.6567729902,93916.3287058321
733,2017,"04086509","g____r_",52.3042659540657,16,66171.3880212877,NA,NA,NA
733,2018,"16238399","____vre",99.3196893563618,18,NA,NA,44719.3158623387,79131.2268684611
733,2019,"09870566","_____re",22.6895898064815,16,NA,NA,NA,48649.7131157665
734,2013,"11745221","g_u__re",109.317392228124,11,32034.6668839135,NA,NA,1943242.58558015
734,2014,"05529495","g___vre",176.117661458899,12,-1188.19442319336,NA,96145.9026312068,817603.620492047
734,2015,"14911368","_ku_vre",15.0627378354752,11,NA,34064.6866663237,477188.967891151,4991.56496640595
734,2016,"05066467","g_u_vr_",317.320141156576,14,-4774.29791241333,NA,204794.670389835,NA
734,2017,"04025237","g___vre",135.894446966802,18,-939.240137196386,NA,416761.442008638,2025.72354478278
734,2018,"04393352","____vr_",95.2620173352727,7,NA,NA,339538.510271506,NA
734,2019,"14988621","__u_vr_",146.079004697425,13,NA,NA,58558.3782704347,NA
735,2013,"05189722","____vre",59559.0465772142,18,NA,NA,35751.4091228785,15828.8461023494
735,2014,"16528791","____vr_",38.9230317086118,14,NA,NA,203301.951380398,NA
735,2015,"08622131","g___vr_",2766.25050255164,18,23303.254304631,NA,58981.4701891848,NA
735,2016,"14536860","g____r_",21.4708600106527,21,41496.1424683884,NA,NA,NA
735,2017,"09931553","g___vre",57.1626247903184,14,11018.1381579984,NA,660548.132778747,51102.387259642
735,2018,"07960835","__u_vre",32.1428028863889,13,NA,NA,437382.392249481,117926.605300111
735,2019,"12611659","__u_vr_",339.101578653882,15,NA,NA,373637.644419536,NA
736,2013,"15943683","_k__vr_",24.6464844121699,15,NA,23733.3264077568,225064.390443417,NA
736,2014,"16962911","_____r_",479.030796514013,16,NA,NA,NA,NA
736,2015,"07830294","g____r_",418.94864533516,11,146247.085474638,NA,NA,NA
736,2016,"14875944","_ku_vre",1676.27291692544,17,NA,259760.190233422,76285.6069516498,46470.3859539793
736,2017,"01035921","____vre",21.6057200803826,17,NA,NA,33901.684875519,45072.0789688509
736,2018,"14045150","__u_vr_",402.144393491326,10,NA,NA,94471.0587691483,NA
736,2019,"04653794","____vre",7.3915804740794,11,NA,NA,227122.712073413,66001.1150030522
737,2013,"08411882","gku__r_",1098.62015752309,13,39973.5397691474,-85802.0776166008,NA,NA
737,2014,"07019030","g___vr_",162.342201081162,16,40188.9716695038,NA,192602.000538733,NA
737,2015,"07064131","gk___r_",10.2554765165624,8,145777.94828207,-159733.433955839,NA,NA
737,2016,"07866446","g___vr_",9.56893073186692,14,29371.9766864732,NA,26324.3405636193,NA
737,2017,"04148720","g____r_",55.0806459812344,18,85431.2694515061,NA,NA,NA
737,2018,"13742732","____vre",29.4338448025014,13,NA,NA,1655551.25560123,969714.300629825
737,2019,"03152323","g_u_vr_",85.0924200444558,19,-56364.2310484781,NA,23527.4586759989,NA
738,2013,"06107630","g___vre",142.121195157502,14,179101.861295168,NA,266589.518540355,12959.413971958
738,2014,"04109882","g___vr_",34.2683259418376,17,-8768.27494793745,NA,98149.5856852779,NA
738,2015,"07591733","___pvr_",61.9781719184566,14,NA,NA,228892.403223639,NA
738,2016,"06415017","_k___r_",7.73540729627836,19,NA,-55789.2774636652,NA,NA
738,2017,"07698079","____vre",36.6504478983473,17,NA,NA,17712.0866825547,36066.9768027332
738,2018,"10644828","____vr_",352.259760475749,16,NA,NA,495260.958756184,NA
738,2019,"15931963","_k__vr_",389.14911670959,21,NA,-43379.6431991513,117353.010383216,NA
739,2013,"13660346","g____r_",32.221919450061,12,-32103.0332694716,NA,NA,NA
739,2014,"08731211","g__pvre",988.965338329041,17,-71056.7859864585,NA,9596.62166200823,27230.5268101181
739,2015,"01824597","____vre",671.157668022086,16,NA,NA,160255.459420172,3746.86717698354
739,2016,"05214858","g_u_vre",14151.8242169676,20,284697.125839879,NA,1019002.30192776,9426.25886000544
739,2017,"04825215","g___vr_",1808.49808245752,15,-45142.0773272836,NA,1150284.63163644,NA
739,2018,"11288555","__u_vre",1111.75623538854,14,NA,NA,192488.533753728,18997.812237873
739,2019,"04049640","_____r_",46.6879341967078,7,NA,NA,NA,NA
740,2013,"07453325","__upvre",769.813383443813,14,NA,NA,1828356.79251013,93352.8223780232
740,2014,"05214655","____vre",1934.59324805714,9,NA,NA,2388677.62024568,323988.559355877
740,2015,"04602813","____vr_",605.01774177285,20,NA,NA,8473.33514223432,NA
740,2016,"16833182","_____r_",12.5587197130427,14,NA,NA,NA,NA
740,2017,"04073184","____vr_",188.425276478156,16,NA,NA,144464.654021547,NA
740,2018,"07109509","____vr_",513.117859792686,16,NA,NA,42711.6007137705,NA
740,2019,"09537784","g_u_vr_",78.6627829168833,11,88742.7103165283,NA,17090.322891648,NA
741,2013,"07469981","____vr_",381.731405534801,12,NA,NA,14142.287862986,NA
741,2014,"07338470","__u_vre",685.004392478805,18,NA,NA,39157.4009791256,146674.57730959
741,2015,"07885686","_k__vre",147.089940449043,19,NA,4162.72431736506,110074.635804979,77676.2988038824
741,2016,"15239248","__u_vre",115.699983220443,17,NA,NA,229467.021678325,51918.8046290567
741,2017,"04375218","__u__r_",23.4654770060157,22,NA,NA,NA,NA
741,2018,"01197313","g___vre",408.660539984333,17,65662.1479578648,NA,124175.413210527,7932.59943564639
741,2019,"04251444","___p_re",319.560059897421,16,NA,NA,NA,389106.807985882
742,2013,"01764636","g____r_",193.820646177934,11,61514.4849074094,NA,NA,NA
742,2014,"01109993","____vre",297.353207536767,15,NA,NA,1209883.43139655,2351126.87736876
742,2015,"05752354","g_u__re",0.113176055260529,8,31951.0792112684,NA,NA,123620.283677306
742,2016,"11181519","gkupvr_",3446.43039509148,21,164324.197423545,21958.3281805515,344431.577977572,NA
742,2017,"10598669","___pvre",16.0291408712204,11,NA,NA,391334.518829949,33924.4230439035
742,2018,"07249627","_____r_",49.9783555551323,14,NA,NA,NA,NA
742,2019,"04775089","_____r_",10407.2193204161,17,NA,NA,NA,NA
743,2013,"08480321","__u_vre",825.344901262495,13,NA,NA,32702.1488433791,323465.893998966
743,2014,"07014503","____vr_",14788.4920731049,14,NA,NA,252566.44120558,NA
743,2015,"08219115","____vr_",41.5355801681513,17,NA,NA,347349.784522564,NA
743,2016,"04375700","____vr_",205.387929554854,15,NA,NA,523270.827792166,NA
743,2017,"08402506","_____re",405.389720530103,14,NA,NA,NA,259923.824033589
743,2018,"07318989","___pvre",2249.85092141976,17,NA,NA,15420.3918741757,135285.503124844
743,2019,"07124491","g_u_vr_",14.633822608438,16,-153511.950921634,NA,1920314.17486722,NA
744,2013,"05441555","_____re",979.758254261716,9,NA,NA,NA,20336.0742398309
744,2014,"14818445","_k__vr_",6.47624943970618,18,NA,139257.529882718,148788.899117311,NA
744,2015,"05349871","gk__vre",4381.7479962327,13,-25898.1666569671,104096.368156272,622003.911802899,27955.6104276963
744,2016,"01180239","__u_vr_",80.7794224029075,16,NA,NA,233340.927679391,NA
744,2017,"11867115","g___vre",857.401656603231,15,127380.004944137,NA,195255.347336175,5247.43498317961
744,2018,"08598785","gk_pvr_",127.403184054487,14,-107828.656327865,-86156.5376179725,78850.6039595313,NA
744,2019,"05032755","gk__vre",351.365228870207,10,165674.922761066,87313.7174380174,19347.63634091,461584.403957071
745,2013,"14354774","___p_re",773.128794783756,20,NA,NA,NA,216431.135527622
745,2014,"05999329","____vre",205.839504665707,19,NA,NA,25957.2112230593,466748.606706624
745,2015,"04991629","_k__vre",30.7652234651345,12,NA,-12308.6908936092,629888.254271442,8163.6009025102
745,2016,"12478358","____vr_",19.125711146812,14,NA,NA,452318.719142012,NA
745,2017,"08018714","g_u_vr_",96.5631847195498,11,-59133.239610925,NA,1722314.79999905,NA
745,2018,"07464795","_____re",126.040800856518,17,NA,NA,NA,2407.8497556404
745,2019,"14834590","__u__re",37.3498045079714,17,NA,NA,NA,120412.625739437
746,2013,"07068651","_k__vre",90.1904585077864,19,NA,-16006.651734954,458212.79108578,108580.02871
746,2014,"07093679","g__pvre",110.0619903297,19,23693.7405847052,NA,1020224.11931819,2274.55294243653
746,2015,"04957181","__u_vre",436.871824658988,19,NA,NA,2206433.16722539,2560.3804736737
746,2016,"07351725","__u_vre",16.4274609592926,11,NA,NA,1229138.5434971,221894.152897942
746,2017,"04703362","__u_vr_",17.8613797498976,15,NA,NA,934450.303416508,NA
746,2018,"04880864","__u_vr_",140.640953877831,12,NA,NA,819772.971391591,NA
746,2019,"11420370","__upvr_",6.62511244166175,18,NA,NA,20409.8012249983,NA
747,2013,"14159690","_____r_",397.345005530161,18,NA,NA,NA,NA
747,2014,"04505538","g____re",4.52758350285418,16,137628.727800982,NA,NA,279019.845550471
747,2015,"08438050","_____re",129.832019135688,19,NA,NA,NA,407931.047754227
747,2016,"05975841","g_upvr_",22.6332471656758,13,1283.05347538078,NA,410003.689395973,NA
747,2017,"03135008","g___vr_",145.081768742361,13,144424.220924258,NA,223999.912001565,NA
747,2018,"04485549","____vre",445.284247527006,18,NA,NA,10845.7530339389,250042.692819472
747,2019,"07282675","g_u_vre",256.256453932224,17,309218.39771654,NA,44685.8859715293,16582.6971084428
748,2013,"16711599","__up_r_",74.0499415045223,15,NA,NA,NA,NA
748,2014,"08192984","_____r_",301.79044760366,16,NA,NA,NA,NA
748,2015,"05347137","_k___r_",66.7863030634834,16,NA,193655.852641799,NA,NA
748,2016,"05324826","__u_vr_",126.369039112691,16,NA,NA,43950.8300717289,NA
748,2017,"07761008","____vre",26.1609901205415,16,NA,NA,142423.158074885,32712.4397728251
748,2018,"12290118","___pvre",10.9859362501782,18,NA,NA,422628.921060383,15878.1518469963
748,2019,"07874435","____vre",245.103621029341,17,NA,NA,266427.569820646,233590.722052551
749,2013,"04407615","g___vr_",159.712729089417,16,197864.254352332,NA,107389.258258503,NA
749,2014,"05345473","__u__re",1486.7241483439,14,NA,NA,NA,30327.0831538969
749,2015,"08229895","_____r_",506.958488309559,15,NA,NA,NA,NA
749,2016,"14650039","__u_vre",216.798645122572,20,NA,NA,34577.2921794286,100602.503967149
749,2017,"10999968","__u__re",0.70978847271907,11,NA,NA,NA,224091.441728024
749,2018,"07208414","g___vre",9364.72615567945,12,120787.966348514,NA,239420.485581647,400190.603275086
749,2019,"02124708","_____re",392.90288631197,13,NA,NA,NA,3801.24555132582
750,2013,"04243374","_ku__re",11.235461193381,16,NA,-92112.2120281788,NA,425719.879909401
750,2014,"07971885","g_u_vre",180.828428705326,15,50267.399415589,NA,41687.5161124141,9445.48158472436
750,2015,"02052483","___pvr_",17.6260137946238,15,NA,NA,356823.660463435,NA
750,2016,"04854568","gk__vr_",24.1304888759762,12,156530.485621776,87042.9142433981,102141.219600399,NA
750,2017,"05147630","__u_vre",225.012930926013,18,NA,NA,260097.468135763,2750.94923382089
750,2018,"08481719","_____r_",258.508418828161,14,NA,NA,NA,NA
750,2019,"07044569","____vr_",1595.49566486339,16,NA,NA,2041779.88467859,NA
751,2013,"15857603","g_u_vre",287.5298482772,15,82772.8507950048,NA,79198.7514590386,763160.026596947
751,2014,"12821626","__u_vr_",213.488860811833,13,NA,NA,50417.0109717782,NA
751,2015,"08582955","g_u_vr_",357.755103687369,12,173614.012194944,NA,30946.8206367148,NA
751,2016,"05139341","gk__vr_",10633.8591227264,15,87632.0673781263,-235662.416312579,127323.019938186,NA
751,2017,"08076322","g____re",61.6817974025581,17,-25703.8762709861,NA,NA,51977.2397841234
751,2018,"04345441","____vr_",298.712843446216,13,NA,NA,25006.6548608505,NA
751,2019,"01813641","___pvre",33.0839902716002,18,NA,NA,35767.2145915141,8133.6224435684
752,2013,"07561278","g_u__r_",42.1183853171372,17,154646.166279738,NA,NA,NA
752,2014,"01556269","g_u_vre",324.814817017333,17,-7619.69598773999,NA,114955.973214607,19417.6287940521
752,2015,"08582485","gk__vr_",67073.6393923256,12,232059.311578864,173476.353620108,146032.869082986,NA
752,2016,"16203613","_ku__r_",240.89736084833,16,NA,324806.677185867,NA,NA
752,2017,"05191695","____vr_",208.257066022407,13,NA,NA,69773.7061852252,NA
752,2018,"05263929","g__pvr_",5376.13853574564,17,-76846.6748049963,NA,5937.47669447868,NA
752,2019,"02460182","__u_vre",21.456750120457,20,NA,NA,227765.12859603,108373.412585781
753,2013,"05464555","____vr_",255.454623493907,23,NA,NA,11797.7661735187,NA
753,2014,"07104173","g____r_",6128.54397756695,12,79087.3902237942,NA,NA,NA
753,2015,"05203417","g___vre",304.873704010613,14,44600.3065843375,NA,81734.2357214726,45913.8525952571
753,2016,"05004410","g____r_",94.3914387947402,10,-112055.91769299,NA,NA,NA
753,2017,"09427489","__u_vr_",76.1920740055553,10,NA,NA,50059.9715172075,NA
753,2018,"05395575","_____re",536.82217301198,10,NA,NA,NA,2238.69177527646
753,2019,"05119759","____vr_",2141.78661172035,10,NA,NA,409251.750992273,NA
754,2013,"10923738","g_up_r_",239.329375788035,12,194.351096330785,NA,NA,NA
754,2014,"07098574","g___vre",1256.19841748137,13,94825.3019454067,NA,20244.4402466153,7166.67437974113
754,2015,"06784708","____vre",261.516248314909,14,NA,NA,19823.9103049567,2759.90398469481
754,2016,"09262327","____vr_",230.691156180219,16,NA,NA,20053.8131470314,NA
754,2017,"05389178","__u_vre",3.33249238696269,13,NA,NA,44183.2270210048,21679.3460258697
754,2018,"13383861","gk__vre",32.5406681932431,19,-220828.850915525,75396.8582776729,389528.273278463,61828.5120864725
754,2019,"08525952","____vr_",23.893804626276,23,NA,NA,34500.319593876,NA
755,2013,"07124144","gk__vre",38.6625459492399,11,129903.613541983,126401.5873205,184920.882077276,5410.94386801015
755,2014,"15104234","__u__re",3.99273879585724,11,NA,NA,NA,73209.3094715141
755,2015,"07519051","g_u_vre",54.4502976501091,23,101791.007534384,NA,665554.927091938,31636.1814843533
755,2016,"04051525","_k__vr_",824.346822088453,17,NA,75663.9257686088,174162.951876164,NA
755,2017,"08237525","__up_r_",107.559347964518,9,NA,NA,NA,NA
755,2018,"07299775","____vre",13.171108468143,17,NA,NA,980525.427693065,71931.7147456983
755,2019,"04241128","____vre",849.67597546742,14,NA,NA,56076.1049701108,56091.645933639
756,2013,"05720018","_ku_vr_",41.2880948582915,15,NA,177885.90109254,8238.58280821642,NA
756,2014,"05152309","g_u_vre",684.324960307577,15,66995.0457281617,NA,24810.5920344952,135046.480769814
756,2015,"07165490","g___vre",40.1893819428508,14,32797.5596087898,NA,42801.9730577735,11264.6384205035
756,2016,"02987553","_k__vre",203.889216402722,18,NA,77562.7319454146,123602.604037337,61234.7452799602
756,2017,"06261394","_k___r_",410.406443769108,14,NA,210822.008011934,NA,NA
756,2018,"04314800","_____r_",872.24054294203,12,NA,NA,NA,NA
756,2019,"06394375","gk___r_",202.083147981299,11,-16705.8992217623,27261.9018599769,NA,NA
757,2013,"04512631","__u__r_",18.1679704410501,17,NA,NA,NA,NA
757,2014,"05533805","g___vr_",563.454587581986,20,60085.6420230667,NA,44158.1239096284,NA
757,2015,"08228177","gk__vre",47.0275729247703,17,72167.7463568051,18387.1489379411,209435.629464825,7754.3410849474
757,2016,"14105273","g___vr_",151.093669006301,16,-95363.6233318424,NA,36017.0336366249,NA
757,2017,"04439449","g___vre",165.886820496732,18,31485.5967557339,NA,449981.17454534,27518.8835710413
757,2018,"02242376","g_u_vr_",1977.39888551813,13,-2704.20782137839,NA,106526.100545894,NA
757,2019,"10379468","___p_re",212.554417461796,18,NA,NA,NA,28229.0693222593
758,2013,"14003238","____vr_",3618.67296185922,18,NA,NA,71084.3666843066,NA
758,2014,"04283936","gk___re",126.579969017556,12,157566.39960698,-18575.5285976131,NA,28442.7655379962
758,2015,"05934818","g____r_",196.794273966304,13,-64907.0733598117,NA,NA,NA
758,2016,"12380968","_____r_",10.8724603418892,17,NA,NA,NA,NA
758,2017,"01526180","____vr_",164.97964916567,13,NA,NA,691285.210716483,NA
758,2018,"07254761","_ku__re",17.2055604118398,13,NA,24443.570171449,NA,26807.4874132928
758,2019,"05026168","g___vre",1930.07974806825,18,86326.2312273997,NA,81127.7767364972,14544.5198757364
759,2013,"05377239","gkupvr_",91.4998668550096,10,219392.870759222,33134.4689433797,205225.454853822,NA
759,2014,"09931025","_k__vre",72.7928253959338,8,NA,-82423.659951524,23660.9682280621,50526.1171916795
759,2015,"01289967","g____re",105.847732891436,15,145312.814729793,NA,NA,390865.594301353
759,2016,"16262672","g___vr_",49.2605022576627,10,47407.6263897693,NA,2433889.62092315,NA
759,2017,"03983187","g_u_vr_",107.116060827376,21,-55027.8260872127,NA,60601.0213382156,NA
759,2018,"04506651","__u_vr_",129.517558095988,10,NA,NA,323840.868010713,NA
759,2019,"05729380","g____r_",103.531904215052,14,-53454.5130320397,NA,NA,NA
760,2013,"04357859","g___vre",158.944194346091,12,121081.195417917,NA,325029.630482539,9533.32953681083
760,2014,"04092491","g____r_",8.81435639918477,12,116860.741333276,NA,NA,NA
760,2015,"05092382","g____re",268.359377134517,14,-190371.586635702,NA,NA,46665.1859889776
760,2016,"05492923","gku_vre",375.921098201317,16,165485.526659335,294546.728804407,208824.19875963,391401.429527635
760,2017,"08150082","_k_pvr_",196.224120048332,12,NA,110327.954982011,2571764.41458491,NA
760,2018,"02889467","____vre",314.713005813129,14,NA,NA,149853.882859575,16992.0771513838
760,2019,"11272665","__u_vre",15.3680396811984,17,NA,NA,6027752.01434932,240899.384858224
761,2013,"08212518","g___vre",67.631261003878,12,-103509.374928785,NA,52880.1491149144,67773.0856179066
761,2014,"04601983","____vr_",144.787061012599,13,NA,NA,55164.9892640082,NA
761,2015,"05308768","g___vr_",15.5776125757365,18,38241.1155609599,NA,38499.1654542714,NA
761,2016,"02792754","_ku_vr_",22.7679621462102,18,NA,-104723.47221829,212854.947034651,NA
761,2017,"05233345","g_u_vr_",243.827895727375,22,-102072.373693227,NA,29577.8657868068,NA
761,2018,"04531879","__u_vre",69.1319129647845,13,NA,NA,264179.322950735,7359.09152260076
761,2019,"10415929","g____re",67.6357773601672,15,186113.053233389,NA,NA,70597.0508126029
762,2013,"08602194","g___vre",3827.19552137414,13,-36650.7077061116,NA,68353.0284221372,130379.10614027
762,2014,"08345405","_____re",592.776040632122,16,NA,NA,NA,27491.9532074405
762,2015,"04621846","___p_re",3083.91133444297,9,NA,NA,NA,67729.9194747749
762,2016,"05271629","____vre",10.3979834082362,13,NA,NA,275591.058052044,20407.6989224808
762,2017,"14454181","____vre",741.25081951019,21,NA,NA,698042.436687328,15872.6880378687
762,2018,"05170245","____vre",50.4530084903855,13,NA,NA,167063.240290996,23824.7651029583
762,2019,"14523276","g_u_vre",197.025615232488,20,112585.798917091,NA,160925.256396785,1279004.41603324
763,2013,"09436549","g_u_vre",74.4883879897891,18,151043.402961492,NA,85063.3260225019,60335.5332728316
763,2014,"07260471","g___vr_",7.24791823691502,15,140169.034940379,NA,98455.0402667289,NA
763,2015,"07108105","g____r_",44.321970563844,6,61163.9630304718,NA,NA,NA
763,2016,"04576163","____vr_",30.7306650873513,14,NA,NA,189359.915162794,NA
763,2017,"05907809","__u__re",8093.98563820421,12,NA,NA,NA,2206033.79646954
763,2018,"15639385","_____r_",43.5806509376285,14,NA,NA,NA,NA
763,2019,"01795158","_____r_",732.823372662482,8,NA,NA,NA,NA
764,2013,"05017666","_____re",4.25298354810207,18,NA,NA,NA,41415.7460341136
764,2014,"04291543","g___vr_",10.563744221422,14,72035.3919327892,NA,136537.52145613,NA
764,2015,"08457543","___pvr_",9.40702777691672,13,NA,NA,9603.09892659727,NA
764,2016,"15569865","g___vr_",305.272006367697,15,-6150.29928703878,NA,75946.7479462406,NA
764,2017,"05973695","g___vr_",84.44924959159,15,219373.846300424,NA,724615.937807948,NA
764,2018,"09730486","gk___re",1043.35408282653,17,88010.4525363119,93171.6045778894,NA,33789.7325413875
764,2019,"12687938","_____r_",214.789573813189,15,NA,NA,NA,NA
765,2013,"15856216","g___vre",219.539483030281,19,-18342.1958436673,NA,501542.543190975,20741.6497827206
765,2014,"04142962","__u_vre",71.0833300792129,15,NA,NA,194261.395073044,167293.288668872
765,2015,"05232675","____vr_",346.690061755328,12,NA,NA,282007.872546453,NA
765,2016,"08700954","___pvr_",163.740684554028,14,NA,NA,171488.649902852,NA
765,2017,"01208560","g__p_r_",346.694868705709,19,-22650.4198880477,NA,NA,NA
765,2018,"15747980","____vr_",605.336595826615,18,NA,NA,5201731.72810626,NA
765,2019,"16965590","g_u__r_",2.65401674087306,16,-34099.8225525659,NA,NA,NA
766,2013,"06146079","___pvre",21.4378852854959,19,NA,NA,1957722.9943969,7912.10030133736
766,2014,"09875141","__u_vr_",2817.6220873114,17,NA,NA,111816.242602979,NA
766,2015,"04241150","g___vr_",59.8641817069992,19,5820.68554112022,NA,243606.623996664,NA
766,2016,"05075106","__u_vr_",967.86579321362,14,NA,NA,4792.35141129187,NA
766,2017,"14067500","____vr_",97.1674991173404,11,NA,NA,238389.289611402,NA
766,2018,"07416462","_ku_vr_",1005.26423123996,13,NA,154167.855876651,4582.60462183675,NA
766,2019,"15822009","g_u_vr_",1129.11668396619,19,99811.5276956128,NA,6846.30842190874,NA
767,2013,"05698584","g__pvre",152.563893313775,16,66514.284326659,NA,678055.76540176,8809.30857018586
767,2014,"05572664","_k___re",92.5743522692572,19,NA,99834.5185383215,NA,36607.6876275915
767,2015,"04849435","____vre",47.7010625448927,16,NA,NA,151673.135783373,101631.026123161
767,2016,"12268906","___pvre",553.367748862483,15,NA,NA,19094.896881026,38422.5090161735
767,2017,"04475346","____vre",149.987091396668,8,NA,NA,173395.30472624,140003.316923706
767,2018,"05296769","___pvre",11.3353499575345,15,NA,NA,70441.4746598523,1541.32683569306
767,2019,"09816408","____vre",24528.814514926,15,NA,NA,25807.2184236069,191530.092971496
768,2013,"07047839","_____re",16.9823381463547,20,NA,NA,NA,103492.086967508
768,2014,"13461045","____vr_",152.504088589547,11,NA,NA,472796.821334138,NA
768,2015,"04132285","__upvre",37.0480504579948,22,NA,NA,16971.0333494768,222024.430257306
768,2016,"09688106","_k__vre",341.883430914561,15,NA,-10758.6764629544,466681.089943708,561622.319151072
768,2017,"09842380","____vr_",4.38136736516239,12,NA,NA,378346.116835913,NA
768,2018,"04320539","g___vr_",840.446323757132,16,66322.6695677105,NA,15160.3251771785,NA
768,2019,"05451477","g___vr_",206.195939390909,20,48845.9096539496,NA,110804.211533216,NA
769,2013,"10860866","__u__r_",1450.23918227697,17,NA,NA,NA,NA
769,2014,"16531880","_k_pvr_",797.355714148065,13,NA,94851.7182357017,1236172.0635883,NA
769,2015,"01935646","__upvre",546.777686569824,15,NA,NA,335622.500515876,9969.55710309745
769,2016,"03929891","g___vr_",83.5410286048867,9,5150.53222575529,NA,43967.6896144255,NA
769,2017,"08977855","gku_vr_",137.052382495993,17,101885.737801527,-6719.23295018577,185057.701994451,NA
769,2018,"04855979","__u_vr_",188.255552108606,16,NA,NA,20028.3957864032,NA
769,2019,"04434181","_____r_",91.8477940222132,14,NA,NA,NA,NA
770,2013,"11458539","g___vre",34.9026362321177,19,177075.518887331,NA,144460.428255656,81992.1907668479
770,2014,"14618382","_____re",47.1563457720032,10,NA,NA,NA,7995.23916021235
770,2015,"05211953","__up_r_",522.8126685387,22,NA,NA,NA,NA
770,2016,"01396933","__u_vr_",1128.05563269659,17,NA,NA,788743.455863232,NA
770,2017,"14299835","____vr_",19.1870072468336,7,NA,NA,33533.1142161838,NA
770,2018,"08684585","g_u_vre",543.83289502887,15,45689.5966989538,NA,188955.774120646,16357.9710394185
770,2019,"04009249","____vre",27.6842931108432,14,NA,NA,86646.6049365694,85908.1852503825
771,2013,"13778217","____vr_",2206.24658295132,16,NA,NA,152822.349717742,NA
771,2014,"01073518","g_u__r_",16.4874094935765,11,78159.8033123922,NA,NA,NA
771,2015,"03723696","____vre",424.643883150998,16,NA,NA,6276.21162593357,21434.870668465
771,2016,"11344588","g____r_",340.653556781439,12,51575.9758764762,NA,NA,NA
771,2017,"05543136","_____r_",40.5814536008771,14,NA,NA,NA,NA
771,2018,"05004979","g___vr_",105.750823658057,9,8242.78576791955,NA,231858.491572192,NA
771,2019,"09958596","____vr_",6.64251716246767,12,NA,NA,19173.4184225591,NA
772,2013,"04269028","__u__r_",66.9066023340045,24,NA,NA,NA,NA
772,2014,"05143566","_____re",49.6115121860419,10,NA,NA,NA,15504.9490842606
772,2015,"10274765","g_u__r_",8308.72435606085,26,204069.16212175,NA,NA,NA
772,2016,"04587836","_____r_",307.517453234882,17,NA,NA,NA,NA
772,2017,"12413536","____vr_",185.860721773129,15,NA,NA,31833.4093707586,NA
772,2018,"04646475","____vre",1214.11054235189,16,NA,NA,20091.0254762064,4514.18780007118
772,2019,"04154423","____vre",73.8706540463992,19,NA,NA,510173.20926239,15252.1715992883
773,2013,"07298658","g___vre",66.76677751046,16,107643.173331045,NA,82296.0428321971,26917.6477397654
773,2014,"07991648","____vr_",978.568635973528,27,NA,NA,66110.7477072711,NA
773,2015,"06216038","_k__vr_",84.2937593402887,19,NA,-19634.9167591415,82010.2852803339,NA
773,2016,"05060782","g__p_r_",349.278238249943,13,9904.68011008472,NA,NA,NA
773,2017,"05713804","_____re",75.7040173669012,18,NA,NA,NA,80749.0799961441
773,2018,"07355585","__u__r_",4869.09269113086,23,NA,NA,NA,NA
773,2019,"09927166","gk__vr_",1052.30948780801,17,-50569.7321768948,98375.5426842511,1562989.58681486,NA
774,2013,"07935444","g___vr_",685.411010381548,9,-104458.95062558,NA,1359963.6813192,NA
774,2014,"01480626","gku_vr_",290.245703939665,12,8619.03176053645,-3786.24193663705,100538.386077513,NA
774,2015,"06729715","g__pvr_",1003.53343662554,12,100971.110502623,NA,417710.082074389,NA
774,2016,"08714268","_ku_vre",1.43974502187047,12,NA,75594.953994027,676794.252933041,108658.513764429
774,2017,"14229502","____vre",22.8382928074938,22,NA,NA,1810480.8098528,198813.676033624
774,2018,"14278793","___pvr_",38.435004858579,9,NA,NA,308552.117596669,NA
774,2019,"07525928","____vr_",103.136099534692,9,NA,NA,239785.982553324,NA
775,2013,"04802023","g___vr_",106.504231699911,12,53464.6584327675,NA,491530.566928983,NA
775,2014,"10447942","____vr_",76.250343807096,17,NA,NA,27252.3732479448,NA
775,2015,"04315112","__u_vr_",1471.07695561239,13,NA,NA,923184.72507044,NA
775,2016,"08928008","g____re",14.3729805591509,20,92497.2160035315,NA,NA,89965.4473370307
775,2017,"04047871","_k__vre",1000.27853787522,22,NA,161783.673176671,96320.0710682072,157874.68719357
775,2018,"12393531","g___vre",2.46095959614263,14,-88550.5462386305,NA,769638.081835461,35662.7883517918
775,2019,"05091593","_k__vr_",1811.71165161901,19,NA,147507.760730749,57448.2660373959,NA
776,2013,"04249359","___p_re",38.429472081568,17,NA,NA,NA,13218.3676207536
776,2014,"14517708","g___vre",255.269404288669,16,-33221.6566665372,NA,158284.651761207,160305.96404036
776,2015,"12905289","g___vre",1163.01762840221,12,-93481.5957870226,NA,153917.128255521,13944.1161505041
776,2016,"04445963","__u_vr_",49.4813022332181,9,NA,NA,6335.94446896043,NA
776,2017,"14405122","g__pvre",37.9455192789231,18,53108.3583818546,NA,55656.0311050024,37153.497337703
776,2018,"07093292","__upvre",226.807077600105,12,NA,NA,13652.6712648192,12391.4860808748
776,2019,"10451054","g___vr_",195.796145660419,16,177739.316941239,NA,27890.3225522971,NA
777,2013,"14560459","____vre",1647.34879291519,20,NA,NA,48288.8761994294,263623.945966472
777,2014,"07989815","g_u_vre",1913.54100666527,21,84617.9793873623,NA,196007.871725684,27913.9051859211
777,2015,"07670979","_k__vre",32.9462624928566,13,NA,148787.028696563,435014.678711251,3991.0777648815
777,2016,"16574706","____vre",44.7659176825687,12,NA,NA,319034.194952363,13721.554638883
777,2017,"07206484","____vre",22.3088228794177,15,NA,NA,347658.475534859,59437.0565940406
777,2018,"05531468","_____r_",62.184862107952,16,NA,NA,NA,NA
777,2019,"04418683","____vr_",80.3249877608578,9,NA,NA,85173.9809366386,NA
778,2013,"05017536","___pvre",11.1087633676715,17,NA,NA,115221.930972012,33412.0826743328
778,2014,"02709079","gk__vr_",255.880498436943,16,69504.2434457342,172648.114699029,581658.389661774,NA
778,2015,"04093570","__upvr_",5.6114396295271,13,NA,NA,27821.7351557142,NA
778,2016,"08299022","_ku__r_",67.466034101821,17,NA,92438.7357714718,NA,NA
778,2017,"15760341","_ku_vr_",158.28783527428,14,NA,-232534.480782077,19223.9854271276,NA
778,2018,"08298955","_k__vre",70.4376774194318,12,NA,10132.524303964,55446.1150046707,125266.235613766
778,2019,"10243202","_____r_",538.062137503335,17,NA,NA,NA,NA
779,2013,"10146946","__u_vr_",241.522640047869,10,NA,NA,15070.0227441477,NA
779,2014,"10239855","_ku_vre",25.4500387090946,9,NA,28576.1763365234,921640.889691027,46423.9778768363
779,2015,"09072143","__up_re",8.0596236192326,14,NA,NA,NA,63658.4096632691
779,2016,"04226384","_____re",3.73743759303551,16,NA,NA,NA,20795.5562252785
779,2017,"05853585","____vr_",892.073212087634,16,NA,NA,1731624.18921779,NA
779,2018,"15993401","g_u__r_",21.2905953103186,8,270570.132429568,NA,NA,NA
779,2019,"04172281","__u_vre",1839.40046711401,12,NA,NA,352989.207066675,201403.072321609
780,2013,"07864630","_kup_re",154.190698836078,13,NA,22684.9244743413,NA,385086.982165438
780,2014,"04770216","_____r_",697.078250373884,13,NA,NA,NA,NA
780,2015,"04294105","g___vre",5.54901318818296,19,-22543.5199309459,NA,159448.891574026,19498.1790748949
780,2016,"05922144","__u_vr_",16.2573759473228,24,NA,NA,613500.333980809,NA
780,2017,"04179948","_____re",402.256118652114,15,NA,NA,NA,21952.2367000706
780,2018,"07152503","g___vre",59.4257841140675,13,15657.2330581076,NA,10255.6074721546,89040.3216568047
780,2019,"08737047","_k__vre",80.3245230009932,15,NA,113406.411421524,169195.807392661,94553.1851181373
781,2013,"14819537","__u_vre",9.03364875724668,17,NA,NA,68300.4936745335,9633.80369482387
781,2014,"13232354","_____r_",36.549118690269,11,NA,NA,NA,NA
781,2015,"04649349","g_u_vr_",1082.51675750213,15,86498.7261984319,NA,4920.94457955598,NA
781,2016,"14964949","____vre",136.327023261162,16,NA,NA,57735.2909286752,241716.185202197
781,2017,"09787083","_____re",116.886356321145,21,NA,NA,NA,54024.5541272411
781,2018,"07659456","_k__vre",12620.0868014198,13,NA,255364.79292607,123491.205805043,91785.8478782415
781,2019,"01579218","g_u__re",401.028106675974,21,-63375.9504705504,NA,NA,13889.7961897588
782,2013,"04551080","___pvre",1178.0084746857,20,NA,NA,11083.9325019305,36553.686564663
782,2014,"07744074","g_u_vre",130.065348439402,8,54636.9573158404,NA,168459.473782703,370963.682734173
782,2015,"05752769","___pvre",879.00867330968,26,NA,NA,382741.162886865,2346.94068692197
782,2016,"04870523","g_u_vre",9.58211628596151,18,74970.2614517212,NA,425298.976662607,21171.5692280456
782,2017,"05488183","__u_vre",136.085262407803,16,NA,NA,2401057.26276052,55576.329762474
782,2018,"04800276","____vre",3.21779566591582,17,NA,NA,38060.257861725,131792.015609929
782,2019,"08455141","__u_vre",7.14103576223936,15,NA,NA,416682.894439515,91809.2079477197
783,2013,"04360642","__u_vr_",1272.63959797964,16,NA,NA,318394.631163552,NA
783,2014,"05726453","__u__r_",28.8096253709694,16,NA,NA,NA,NA
783,2015,"02763839","g___vre",1896.63102210014,12,77160.6482836815,NA,31265.3607505666,19780.1396631619
783,2016,"02278819","g___vre",737.771500224952,12,70328.1219804785,NA,65580.3044297525,26556.909346012
783,2017,"08057066","__u_vre",378.270710217078,8,NA,NA,354112.347708185,567431.54359448
783,2018,"07807927","_____r_",168.350168247421,14,NA,NA,NA,NA
783,2019,"04426593","____vr_",5300.08018812557,12,NA,NA,1171228.6154991,NA
784,2013,"08051874","g_u_vr_",79.2679327509338,12,143191.497120961,NA,150167.126098892,NA
784,2014,"04775450","__u__r_",19.9677043781923,20,NA,NA,NA,NA
784,2015,"07625431","g___vre",3065.80780642091,15,-72533.4178255333,NA,184687.441798461,24729.9335993038
784,2016,"07205222","____vr_",100.751799697064,12,NA,NA,175223.961465463,NA
784,2017,"10561747","_ku_vre",385.381504641186,15,NA,5277.73412969727,54337.8274662159,9129.29848110595
784,2018,"08049848","__u_vr_",20.4807061901446,16,NA,NA,104070.423928257,NA
784,2019,"14386690","_k__vre",2133.14070640638,9,NA,136964.776645698,91297.2023627671,3446.44901883645
785,2013,"11503905","____vre",729.10892480185,12,NA,NA,87603.3921244478,692192.710122674
785,2014,"07291887","_____re",90.4253955617622,12,NA,NA,NA,158308.831694105
785,2015,"04577176","____vr_",210.610159355346,16,NA,NA,76397.2143661379,NA
785,2016,"11956914","____vr_",143.078325151905,11,NA,NA,366923.695794902,NA
785,2017,"10373676","g___vre",44.4556194521221,12,-29411.7385411058,NA,61108.2477823091,164134.047115733
785,2018,"10311595","____vr_",43433.399101789,22,NA,NA,9083.62507861141,NA
785,2019,"04226778","gku__re",107.01847302803,11,131513.578276953,70361.5406783579,NA,12423.2428983339
786,2013,"08429008","____vr_",198.088519170147,16,NA,NA,126528.635752776,NA
786,2014,"08022583","__u_vre",58.9141848587865,12,NA,NA,56824.0561797888,102586.435228861
786,2015,"05349755","_k__vre",175.330436453423,14,NA,-92149.764867725,401354.842005854,82201.9694551091
786,2016,"04981498","_k__vre",1567.75765854349,13,NA,83746.5278164344,40511.3707586871,338700.115943899
786,2017,"15245994","_k__vre",37.0222061024182,20,NA,32990.1878076546,1372165.81934022,323459.520332074
786,2018,"10137797","____vre",217.109404665694,17,NA,NA,705163.43252626,83978.8579731667
786,2019,"01894968","g_u_vr_",7.41428353520038,16,-29464.5556541709,NA,375021.090426177,NA
787,2013,"11478105","_____r_",14.1271769286383,15,NA,NA,NA,NA
787,2014,"04298074","__up_re",17.292453681858,20,NA,NA,NA,230836.780099119
787,2015,"02063571","___pvr_",1.28478012991235,22,NA,NA,37813.985556982,NA
787,2016,"08303422","g____r_",206.726756259759,12,74474.1739759095,NA,NA,NA
787,2017,"01452174","gk__vre",8.26292199895216,11,-150494.520011388,118382.274548318,97287.7310209854,102500.908388955
787,2018,"05875498","_k__vre",11330.0587443876,23,NA,174828.901717624,2542786.89581033,3939006.31811442
787,2019,"04176485","g__pvre",65.4766104615145,11,-110600.439877188,NA,24190.7189511847,56205.1487098216
788,2013,"12726341","gk__vr_",2.41563712533513,18,73883.8306415677,211719.509846043,194262.587864777,NA
788,2014,"07512045","g___vre",13.034108306696,16,264689.825007807,NA,11956.3762915543,12364.299125353
788,2015,"05348336","_____re",13.2090209745322,12,NA,NA,NA,12140.0972005186
788,2016,"08164931","g_u__re",54.5581161265241,17,-79424.7548325077,NA,NA,298880.77162726
788,2017,"01645020","____vre",534.045645089897,11,NA,NA,16793.2284522437,5318.29654293042
788,2018,"05984581","____vre",4141.51801625113,17,NA,NA,15708.3396051628,62202.0852250209
788,2019,"07228169","g___vr_",254.304797783685,9,212120.786013766,NA,163566.963975539,NA
789,2013,"11258489","g___vre",15.1428530165616,14,38114.019072795,NA,609387.667056846,54755.1971355935
789,2014,"09157211","____vre",1520.78584649574,10,NA,NA,175691.327002647,153624.651000013
789,2015,"05876732","g___vre",154.452427612781,12,-20768.6540373658,NA,35232.3916719807,58303.0093878197
789,2016,"05480119","g___vr_",4.29696417815915,21,22667.2186361136,NA,33808.3723569892,NA
789,2017,"04476988","_____r_",6638.1768555554,19,NA,NA,NA,NA
789,2018,"09079323","g____re",6.96482180313336,14,80473.0720398832,NA,NA,21513.6076700742
789,2019,"11078026","_k_pvr_",881.85760525599,14,NA,174693.640238411,57730.0233696584,NA
790,2013,"12425536","_____re",2665.59182803402,10,NA,NA,NA,22092.7204449611
790,2014,"09623894","g___vr_",3252.25405436197,15,73040.0583349707,NA,2016005.96113461,NA
790,2015,"04881416","__u__re",98.0173871551431,10,NA,NA,NA,250741.602931918
790,2016,"09508726","g____re",871.059280757693,11,93076.0086040501,NA,NA,274766.73431752
790,2017,"04390180","g___vre",1253.56523325678,18,291187.865691064,NA,295363.608983707,189670.704779601
790,2018,"04219007","g___vr_",10.2717538684569,9,54349.380767299,NA,371922.157178736,NA
790,2019,"07808328","g____re",47.2918577695473,9,-28955.9085732398,NA,NA,69999.539356982
791,2013,"05300971","____vre",567.373677588452,14,NA,NA,32733.3322253864,162290.861605112
791,2014,"04548575","_k__vr_",13727.7781994435,20,NA,59550.9498863501,4330265.05738067,NA
791,2015,"04531063","g_u_vre",72.1729972231263,16,-52483.973014283,NA,54666.0596586052,9946.31210613829
791,2016,"04886036","____vre",18.3839233832206,12,NA,NA,159594.29053408,59069.5351824132
791,2017,"09963741","__u_vre",77.7850123035458,7,NA,NA,76860.6558706629,201485.467577355
791,2018,"13465384","_____re",51.0387078714503,21,NA,NA,NA,34742.549934408
791,2019,"01575156","__up_r_",990.156296427864,10,NA,NA,NA,NA
792,2013,"04926577","_____r_",436.45609102624,18,NA,NA,NA,NA
792,2014,"07425312","_k___re",26391.0730519888,12,NA,155971.823913455,NA,460281.343072912
792,2015,"05714787","g_upvr_",54.5180221199778,14,-19599.0691767181,NA,26792.3724715166,NA
792,2016,"04225092","____vre",377.620219730176,24,NA,NA,453335.85449849,6874.0043728581
792,2017,"05341332","__u_vr_",37.7659394107191,10,NA,NA,39677.569935529,NA
792,2018,"09718260","g___vre",2587.19037522497,14,86953.643305125,NA,242679.6035186,49864.5677919323
792,2019,"04134587","gk___r_",4.88980017240493,11,102719.193478962,-93199.2972978555,NA,NA
793,2013,"04430001","g___vre",1605.57737435565,13,54865.462297346,NA,39865.1177591473,58352.2069521542
793,2014,"04624622","____vre",24.1755163095792,16,NA,NA,122012.139059099,57952.1653999429
793,2015,"09302831","g___vr_",93.1261626132382,18,134458.162390765,NA,96340.2483206746,NA
793,2016,"04083659","g___vre",1149.17481691902,15,-69841.1498894685,NA,349469.793608077,329435.630188745
793,2017,"05782657","g____r_",507.283056469118,12,178816.707800661,NA,NA,NA
793,2018,"05880615","____vre",148.409923949863,15,NA,NA,30777.3175773209,246544.353064452
793,2019,"06314179","_____re",2363.61398215614,17,NA,NA,NA,153203.285719105
794,2013,"09669196","____vr_",92.438648859053,18,NA,NA,1207160.54877132,NA
794,2014,"05170997","__u_vre",7.35333204353292,9,NA,NA,2328093.81991054,31197.0206594696
794,2015,"05958688","g__pvre",41.5263483924404,11,36098.7080638362,NA,357441.955491573,17456.7918585545
794,2016,"11729805","g_u__re",1767.95457941298,10,59730.261692321,NA,NA,5502.68286086991
794,2017,"12762456","____vre",3.13831033697198,21,NA,NA,82838.9957451816,83703.8046738595
794,2018,"04146488","____vre",59.7353214639937,13,NA,NA,2291897.13208337,259272.766397595
794,2019,"08955236","g____r_",16.1948839252747,17,28187.7986226517,NA,NA,NA
795,2013,"15797494","____vre",125.118484324472,13,NA,NA,2608451.36736883,79984.2750416579
795,2014,"11389178","_____re",1604.54592459324,15,NA,NA,NA,288511.505721077
795,2015,"05566129","__u_vr_",31.1237116080785,17,NA,NA,180594.766234763,NA
795,2016,"14914812","_____re",125.88078888493,14,NA,NA,NA,247629.03723267
795,2017,"04882545","_k___r_",262.644616036498,21,NA,219315.407250998,NA,NA
795,2018,"06751239","_ku_vre",369.17359366392,13,NA,125314.858122955,457563.551517702,646910.669773417
795,2019,"08902883","____vre",46.4420117246782,14,NA,NA,781400.727732843,76611.4217204502
796,2013,"08962481","____vr_",5435.13394889553,15,NA,NA,326436.23304032,NA
796,2014,"05908215","__upvr_",140.105098253683,15,NA,NA,7596.2682828808,NA
796,2015,"09125608","g___vr_",428.875979673329,10,117292.95201323,NA,306469.880837564,NA
796,2016,"04776949","g_upvre",14438.6023677403,14,150293.08856914,NA,5250208.23722764,41971.7636021634
796,2017,"05622824","___pvre",133.911390643478,19,NA,NA,27968.5707617858,9579.22177401297
796,2018,"09197876","g___vr_",33.9486399230391,19,150976.107441975,NA,587255.34588494,NA
796,2019,"07359472","__u_vr_",573.585281011133,11,NA,NA,23387.7328816116,NA
797,2013,"14719623","____vre",128.541754763573,9,NA,NA,33673.4000298924,115466.415287078
797,2014,"05383969","g___vr_",1536.45190539764,17,-62306.103870712,NA,7095750.96063388,NA
797,2015,"05723278","___pvr_",15.1350820823095,19,NA,NA,83169.4590709231,NA
797,2016,"16800006","__u_vre",67.2064812021531,19,NA,NA,2867.45916146342,230155.480064875
797,2017,"05924103","gku_vre",52.0227674950048,13,67726.7215122349,48608.8133823547,327168.635666724,125388.793735973
797,2018,"07707777","g__pvr_",2026.41694533892,13,188215.330160076,NA,802429.943044194,NA
797,2019,"08615057","__u_vr_",72.4334053383376,8,NA,NA,8260.04101790061,NA
798,2013,"05699285","__u__r_",3009.28581628736,8,NA,NA,NA,NA
798,2014,"11490457","_____r_",141.8584213083,11,NA,NA,NA,NA
798,2015,"09784896","__u_vre",851.60717212235,18,NA,NA,180897.061004394,26001.6794441806
798,2016,"01393641","__u__r_",6.11652377187956,21,NA,NA,NA,NA
798,2017,"08879158","gk__vr_",5902.22433233382,15,126598.085375035,60730.7729598144,116584.419517951,NA
798,2018,"05504741","g__pvr_",44.6723790435531,16,-99149.9451178548,NA,60083.2043816127,NA
798,2019,"14476711","g___vre",24.3708670859712,12,105065.51886592,NA,149791.735278234,12874.6707095667
799,2013,"04247128","g_u__r_",2133.2521981103,11,135590.170960239,NA,NA,NA
799,2014,"03890512","____vre",2034.76335654114,18,NA,NA,17819070.1722314,233861.826134591
799,2015,"05335523","g____r_",1040.16274782573,13,-8352.35007937647,NA,NA,NA
799,2016,"08736867","____vre",1112.42886778395,14,NA,NA,1747289.39069049,10536.7217973227
799,2017,"01129547","g__p_re",38.9212452520064,13,36346.3315872391,NA,NA,1828571.0491346
799,2018,"15086364","__u_vr_",135.57547131989,8,NA,NA,88169.93594614,NA
799,2019,"05067952","____vr_",316.518601362182,10,NA,NA,49731.8009173179,NA
800,2013,"07235005","g___vre",145.073981951185,21,62346.0996388786,NA,1903154.14738131,98147.6819505898
800,2014,"07111645","g___vr_",113.03089104174,17,109470.308745683,NA,725584.209515445,NA
800,2015,"04211799","_____re",332.694592427211,11,NA,NA,NA,99431.5847803199
800,2016,"14986060","g_u_vr_",148.449439303492,21,100687.84785806,NA,418522.212403845,NA
800,2017,"14761871","____vre",129.721687233771,12,NA,NA,162824.000970524,77087.876101451
800,2018,"07818509","_____r_",1402.85859128828,20,NA,NA,NA,NA
800,2019,"10509895","g____r_",40.6432271178459,21,33437.9746029982,NA,NA,NA
801,2013,"05218579","__u_vr_",10.778739663562,10,NA,NA,455718.382372141,NA
801,2014,"04618712","_____r_",51.9263796369389,16,NA,NA,NA,NA
801,2015,"08776328","_____re",477.153863128975,16,NA,NA,NA,468740.149820524
801,2016,"15625221","g____re",26.7094057184716,14,114210.493227342,NA,NA,251341.517192296
801,2017,"05074494","_k__vr_",66.2415186465751,13,NA,256050.837783762,90328.6227746195,NA
801,2018,"05461203","_____r_",5.23814074269475,15,NA,NA,NA,NA
801,2019,"03599231","_____re",99.8489630892246,16,NA,NA,NA,862202.85264771
802,2013,"04605196","g___vre",100.157959174039,23,144830.815434273,NA,225277.347067583,38910.9034276199
802,2014,"05205198","_k__vr_",229.777761204163,9,NA,-98973.3973218721,53829.3773128421,NA
802,2015,"08120399","__u__re",236.683594242049,16,NA,NA,NA,18119.5824338381
802,2016,"03781075","g____r_",3.92220161846457,11,49528.1097628167,NA,NA,NA
802,2017,"08186395","____vre",25.3348342195083,11,NA,NA,856266.899869808,14074.5832080567
802,2018,"14684228","gku_vr_",499.784578430767,11,110386.920681566,91523.6649677567,39530.92602845,NA
802,2019,"08437643","g_u_vr_",106.100291581661,14,-2185.68820876677,NA,21769.9824363303,NA
803,2013,"04209549","__u_vre",511.570116103182,19,NA,NA,250877.862581134,76681.8532171255
803,2014,"04885630","___pvre",321.039104477226,20,NA,NA,22650.0051623067,949457.198092656
803,2015,"08169543","_____re",4.35112159768983,11,NA,NA,NA,88909.3817952495
803,2016,"04543489","gku_vre",838.587749842304,20,76395.615808271,115168.795391282,554445.113070902,13523.7492084105
803,2017,"07562878","__u_vre",668.077699991064,16,NA,NA,275151.832419228,104130.6306837
803,2018,"07269553","____vre",392.71412598797,14,NA,NA,195892.48750462,56123.2516041887
803,2019,"03508168","gku_vre",75.4613526215945,18,39961.6921014869,-76725.6487438473,24583.0710619071,49733.1266176112
804,2013,"04959174","_____r_",1403.94026283877,16,NA,NA,NA,NA
804,2014,"03066271","g___vre",569.07954856977,13,-26162.0552711049,NA,124638.087426776,96912.1158852248
804,2015,"08757225","____vr_",234.035702652335,16,NA,NA,805147.840892573,NA
804,2016,"01036731","_ku__re",2791.81060794009,17,NA,-79645.6185197501,NA,61146.852968181
804,2017,"07562784","g___vre",3254.77696029853,16,67001.2862444388,NA,519340.465950527,30320.2777451052
804,2018,"04339761","__u_vre",198.948758382704,14,NA,NA,100656.701297819,15059.4418440828
804,2019,"01427547","_____re",156.77010191045,20,NA,NA,NA,611057.277452484
805,2013,"08457487","____vr_",135.58485103593,5,NA,NA,581400.399686841,NA
805,2014,"04905283","g__pvr_",31.315931945754,13,-201159.18825107,NA,9362.69793462899,NA
805,2015,"04986647","g___vre",26.4775278771793,9,159132.181384439,NA,655587.564419705,16966.6447781336
805,2016,"07267525","__u_vr_",38.9027013497912,19,NA,NA,183491.085875623,NA
805,2017,"05932066","g___vr_",35.1052513053746,12,35200.278136666,NA,38359.7695058873,NA
805,2018,"02828350","g___vr_",4.22120063174869,15,2052.63777868285,NA,291482.272843409,NA
805,2019,"04062938","g_u_vre",416.032922394966,12,169023.354024283,NA,15139579.3927238,44502.6427858182
806,2013,"09663987","__u__re",52.9601810420101,14,NA,NA,NA,8648.45829039523
806,2014,"02113117","____vr_",1020.7465663357,17,NA,NA,1184332.66540935,NA
806,2015,"05201801","g____re",473.419617662395,14,-7619.2010862177,NA,NA,175629.187753647
806,2016,"04651654","___pvr_",28.4333660244834,17,NA,NA,50681.9769643191,NA
806,2017,"14475321","____vre",125.092113907036,13,NA,NA,72293.7608576364,16013.3925989303
806,2018,"08999304","__u__re",436.678884608532,23,NA,NA,NA,166140.397259817
806,2019,"07590182","g__pvre",282.727915117339,12,209898.989756606,NA,83133.6558028428,117613.306628621
807,2013,"11804176","g_u__r_",65.1348912643045,13,41328.0518257596,NA,NA,NA
807,2014,"05296683","_____re",5334.59533727519,5,NA,NA,NA,229033.597832511
807,2015,"09355164","g____r_",17.7680792698806,20,154342.153470226,NA,NA,NA
807,2016,"05536073","____vr_",1780.45309686013,10,NA,NA,672898.394978118,NA
807,2017,"14928263","g_u__r_",4499.28553202458,13,39887.785074302,NA,NA,NA
807,2018,"08208770","g___vr_",3.10526061968932,13,59267.3418471852,NA,75909.2476025457,NA
807,2019,"04277927","g____re",42.0459889781815,17,105805.983259612,NA,NA,726431.066641831
808,2013,"09973719","____vr_",56.3536413073858,16,NA,NA,92758.0174579704,NA
808,2014,"08738459","____vr_",6640.02805149616,18,NA,NA,11074.9571085263,NA
808,2015,"07286366","g___vr_",15.3505695390126,14,127361.090148735,NA,304930.93758746,NA
808,2016,"05257568","g___vr_",50.7321516850966,15,167269.90212466,NA,267964.411819285,NA
808,2017,"07559148","g___vre",2285.07294300056,18,-79014.0969739141,NA,26451.1769734091,21493.1264042828
808,2018,"04634933","_k___r_",341.565394080746,17,NA,90890.4985564221,NA,NA
808,2019,"04193912","g____re",65.6520113060197,13,140581.822615563,NA,NA,142639.993513451
809,2013,"05996551","g___vre",8.41772856065677,20,53655.4431020998,NA,1756837.53443301,23312.9341946858
809,2014,"16680691","____vre",806.110183653958,14,NA,NA,10489.0805493512,5279.41209306747
809,2015,"04668722","__u__r_",64.9845916890228,12,NA,NA,NA,NA
809,2016,"12636965","__u_vr_",638.345827731901,14,NA,NA,38398.4889377354,NA
809,2017,"09251241","____vr_",458.75125951355,14,NA,NA,10077.230739905,NA
809,2018,"05602703","_____re",259.60363608334,15,NA,NA,NA,28897.7626618449
809,2019,"07986249","g___vre",36.0622699379484,19,125078.384686433,NA,70122.527482544,68519.5894640103
810,2013,"05351976","_ku__re",37.6508534002727,13,NA,56013.3249585014,NA,131113.738036295
810,2014,"05417516","_k__vre",170.061885512177,14,NA,189066.391276936,434858.605455607,192506.779068295
810,2015,"09601611","g___vr_",1719.01267848615,18,16927.063296393,NA,36232.3259524185,NA
810,2016,"05173096","g___vre",4.67310707171052,21,112920.934424084,NA,257677.504051349,35025.0209686565
810,2017,"05300582","gk__vre",497.958777924669,16,187733.434707964,113511.273717076,13150.3851586542,67427.1445517189
810,2018,"05965802","g___vr_",7.34814769300242,17,-88782.8607710079,NA,97729.9040593639,NA
810,2019,"05395461","gku_vr_",5208.89881964321,15,-62443.4623693213,131392.6413497,636775.800489122,NA
811,2013,"09009417","_k__vr_",8072.58698700368,17,NA,183546.504072415,7822.55134729382,NA
811,2014,"08277178","____vr_",6.46777596533038,19,NA,NA,306228.045909797,NA
811,2015,"08560389","____vre",10.5966968068171,22,NA,NA,660372.099343964,63929.4184275522
811,2016,"07173272","g_u__re",137.652051997292,21,85744.3918544991,NA,NA,117470.871018338
811,2017,"05776174","g_u_vre",84.8857986938349,16,61337.2673583593,NA,1782055.5131448,69039.9322762927
811,2018,"08388685","__u__r_",61.8359083394876,15,NA,NA,NA,NA
811,2019,"05302805","_____re",31.001753127328,15,NA,NA,NA,2879256.33720404
812,2013,"05046326","g__pvr_",576.397781162318,11,32016.5708434687,NA,123743.82815852,NA
812,2014,"07194804","g____r_",335.106654663512,10,19608.5800713806,NA,NA,NA
812,2015,"04544338","g_u_vr_",208.610658842081,13,170003.677177128,NA,48642.6141104254,NA
812,2016,"04362911","____vr_",5.11069545876262,16,NA,NA,113317.425927723,NA
812,2017,"08828799","_____r_",296.559489946446,17,NA,NA,NA,NA
812,2018,"05018196","g___vr_",1403.2252137287,19,-76501.3188313249,NA,756269.197956298,NA
812,2019,"07740808","____vre",56.0018832137953,12,NA,NA,122542.292506898,34468.5399848534
813,2013,"16146908","__u_vre",68.9832277773671,18,NA,NA,68509.002412859,115160.400144547
813,2014,"07219342","__u__r_",61.6450145901007,11,NA,NA,NA,NA
813,2015,"07455760","g_u_vr_",1156.00248748948,7,290274.679981789,NA,1219290.61070676,NA
813,2016,"05003087","g_u_vre",193.108017300318,17,-95728.5520064219,NA,53921.715904783,90880.7543021617
813,2017,"07142345","g____re",96.1035663072144,21,125597.174629319,NA,NA,409143.251125525
813,2018,"08731940","gkupvre",4752.52158503424,21,24867.0104396444,-105122.096722213,705804.044507446,15987.8387914448
813,2019,"14158309","g____re",27.4120790897544,10,152410.466485928,NA,NA,115754.865853515
814,2013,"07885983","g___vr_",833.385744163012,11,-108507.892455847,NA,227509.697175079,NA
814,2014,"09914976","_k_pvr_",137.148129560418,10,NA,-9951.21676563246,37135.6939193704,NA
814,2015,"11850307","__upvre",56.679461044128,22,NA,NA,1800477.95835689,10028.1449464131
814,2016,"04588378","_ku__re",631.647242434853,15,NA,233385.194960341,NA,59495.0212604494
814,2017,"04353371","gk__vr_",81.5901004214193,16,136473.240471021,169796.204486606,17635.4566694321,NA
814,2018,"05369703","_____r_",186.578954837801,19,NA,NA,NA,NA
814,2019,"10093139","__u_vre",78.5392177067066,19,NA,NA,104287.183080137,16457.7442966159
815,2013,"15841304","___pvre",25.7605318535757,19,NA,NA,22461.6164410336,1145642.68316702
815,2014,"05298363","g____re",36.6409458891714,19,112575.219313878,NA,NA,116559.166787477
815,2015,"05568783","____vr_",1532.85260017487,20,NA,NA,31183.6749318512,NA
815,2016,"08324307","g___vre",67.7365922476875,20,-32084.9074387591,NA,493716.630801204,15501.5516779884
815,2017,"11590438","g___vre",1575.06161431261,12,66440.4185884306,NA,27432.9404456701,9219.14292148735
815,2018,"05051361","_kupvre",3.70014204859003,14,NA,70725.0805988935,768886.944446622,14919.9617720192
815,2019,"04165490","gk__vre",474.376941860479,17,108008.001837737,26561.3975914356,13893.5336785892,758514.389306041
816,2013,"10696958","____vre",27.4241842578121,13,NA,NA,687367.358544445,18700.8723288547
816,2014,"13446450","g__p_r_",224.45025040675,12,-152459.713790882,NA,NA,NA
816,2015,"09747210","____vr_",14.6640650212701,26,NA,NA,114129.683078283,NA
816,2016,"07440963","____vre",662.17489611868,10,NA,NA,337986.138197765,26884.8374173405
816,2017,"04238823","g____re",18.4455274278893,12,125828.483802835,NA,NA,23320.6479602951
816,2018,"04458171","g_u_vre",1164.78777877004,12,14395.0235873137,NA,31528.3769851075,62289.2490751427
816,2019,"07583152","g__p_re",189.657585744887,16,-18152.0909731438,NA,NA,618141.116757126
817,2013,"07138177","g_u_vr_",1013.97245910527,13,17878.550981469,NA,37032.706707098,NA
817,2014,"09069086","__u_vr_",386.142685497146,17,NA,NA,155036.745398669,NA
817,2015,"11906729","g___vre",60.4958963209639,16,42670.1625635987,NA,156744.824008736,124327.297496117
817,2016,"14170439","__u_vre",92.2884080421727,9,NA,NA,20745.351925975,16455.9668892719
817,2017,"05871083","g___vre",16.144158112331,13,13725.4712202154,NA,152972.817933512,42051.0508674939
817,2018,"15813384","g_u_vre",730.365553115535,19,167721.086366014,NA,18624.8600756834,15537.7009222122
817,2019,"04119716","__upvr_",1054.64877918762,23,NA,NA,620726.192493186,NA
818,2013,"04491288","__u_vre",0.177635698282059,12,NA,NA,567256.858657777,165082.212759622
818,2014,"08143358","gk__vre",5.91457213626765,11,-107952.835684298,5669.10144729035,282146.709490463,81058.3277624369
818,2015,"04325498","_____re",0.871409110932405,11,NA,NA,NA,19079.4076990042
818,2016,"08836935","g____r_",5980.69825079751,22,7392.89447182349,NA,NA,NA
818,2017,"03419542","__up_re",3683.11397666722,16,NA,NA,NA,79930.4198809905
818,2018,"08772337","g___vr_",1045.10402633221,14,133120.505675386,NA,182311.724759225,NA
818,2019,"05909068","____vre",32.0592219665438,15,NA,NA,1917656.41137293,659487.916094689
819,2013,"04158078","____vre",119.588607637199,10,NA,NA,138665.157195584,5622.11050553503
819,2014,"09934211","g_u_vre",75.5905484767167,14,193832.182883666,NA,39384.4200522458,9394.21651767595
819,2015,"05641495","____vr_",748.623631430851,15,NA,NA,3182674.08545003,NA
819,2016,"16915372","g___vr_",150.368398980903,9,12691.1516788672,NA,757578.680851417,NA
819,2017,"03916179","g____re",1993.17292345713,9,29542.4411413058,NA,NA,180084.906596151
819,2018,"05511502","g___vre",96.1382830975255,17,174853.444116498,NA,456014.11300128,121331.810067376
819,2019,"05857353","__u_vr_",9.26129849788252,15,NA,NA,3036275.9998884,NA
820,2013,"15764178","___pvr_",246.098838520611,15,NA,NA,762095.110935079,NA
820,2014,"10170867","_k___r_",174.988029202838,19,NA,69820.9299520165,NA,NA
820,2015,"12346723","g_up_re",53.2111889074673,9,39776.5058438647,NA,NA,27354.4026528937
820,2016,"05534466","g___vr_",247.288099262111,12,60058.2491221876,NA,6985251.77304282,NA
820,2017,"04549156","____vre",80.7891699583023,17,NA,NA,19709993.1749701,5078.20273294895
820,2018,"05673311","__u_vr_",35.2283113352539,15,NA,NA,13270.9601661913,NA
820,2019,"04644834","g_u_vr_",15.2342731303992,14,-95284.3831795316,NA,4144.38898211616,NA
821,2013,"08839962","____vr_",119.466188708289,13,NA,NA,190980.757814767,NA
821,2014,"08752551","_____r_",371.016879447543,11,NA,NA,NA,NA
821,2015,"13332811","____vr_",106.011652985994,13,NA,NA,122694.293415042,NA
821,2016,"03647329","__u_vre",45.7810606414054,20,NA,NA,218161.598036241,481077.847202891
821,2017,"14366913","g___vr_",1.2853155585766,15,244206.914909492,NA,103869.268244586,NA
821,2018,"10628974","g___vr_",17.6128505594934,10,24328.7107087114,NA,49576.9484411906,NA
821,2019,"05266220","g___vre",178.004264270505,12,184769.825969714,NA,4334534.59680596,41950.4355684682
822,2013,"04920469","_k_pvre",120.840816015998,17,NA,-27708.4589893108,14476.0462794823,7700.76744255353
822,2014,"04394498","g___vr_",57.7632294425988,15,-5977.79577437814,NA,54007.0787974339,NA
822,2015,"04985739","g_u__re",218.98695208785,21,42655.5593219741,NA,NA,104636.069849615
822,2016,"04596097","____vr_",231.898310485137,16,NA,NA,213250.61259124,NA
822,2017,"04445764","g_u_vr_",2308.1363080686,17,190818.46462441,NA,9596.45611939731,NA
822,2018,"05279457","___pvre",465.382129364946,12,NA,NA,1195366.22897294,26337.9494398102
822,2019,"14642326","____vre",1692.14838744462,9,NA,NA,81380.4658273215,123765.943611013
823,2013,"10256550","__u_vre",36234.5398110792,10,NA,NA,268071.189227408,123093.388702953
823,2014,"03358259","__u_vr_",15.754073758073,17,NA,NA,157887.817939743,NA
823,2015,"03587639","_ku_vre",991.267079109846,6,NA,-32324.6823608343,397528.6004835,27651.3046032561
823,2016,"07231534","g_u_vre",5.17374458310484,9,-8132.73384153307,NA,8698.73557687666,9294.69475983389
823,2017,"05804602","g___vr_",80.6788183288427,13,-146721.26062131,NA,1384307.8627799,NA
823,2018,"09134766","__u__r_",1.47353019147765,16,NA,NA,NA,NA
823,2019,"12170935","_____r_",81.4584756211702,24,NA,NA,NA,NA
824,2013,"08658256","____vr_",272.968372417502,14,NA,NA,276304.226537569,NA
824,2014,"05781610","g__pvr_",13.8781937820899,12,-39651.8756454008,NA,234228.772109121,NA
824,2015,"13021537","gku__r_",34.8685534662879,11,98329.1054513853,87626.7932938717,NA,NA
824,2016,"16316821","g_u__r_",8.81592694456003,15,32847.2128609297,NA,NA,NA
824,2017,"05043609","_____r_",356.981886891873,14,NA,NA,NA,NA
824,2018,"08073900","__upvr_",68.8474759111598,18,NA,NA,216296.361095847,NA
824,2019,"04299980","g___vre",8.89869824474275,14,733.758436212702,NA,573632.475310734,38089.4414734518
825,2013,"04054976","_k__vre",913.871632720183,21,NA,92442.7789456107,267264.042811792,13053.2627268831
825,2014,"14411870","_____r_",13.9496804736283,7,NA,NA,NA,NA
825,2015,"01891558","__u_vr_",147.980804548641,10,NA,NA,52837.472413099,NA
825,2016,"05078463","_k__vre",107.682368039313,28,NA,-11937.8320213769,761875.467368879,3735.17779886746
825,2017,"03841616","gk__vr_",1868.8913082877,14,-79666.1636421506,207965.760320202,70922.2167624115,NA
825,2018,"05367199","____vr_",2666.07686402346,12,NA,NA,762234.75163707,NA
825,2019,"11016537","____vr_",21.2162623008714,17,NA,NA,38983.8422518641,NA
826,2013,"03932504","_k__vr_",624.072301017551,26,NA,4125.06268296568,24171.4762391944,NA
826,2014,"07191913","gk__vr_",12.9170369669167,8,61075.9027726472,78676.2751410417,1435713.61954442,NA
826,2015,"08091159","gk__vre",72.5245111219846,13,91987.5509290189,148866.190402362,3248695.12210178,12749.2880833665
826,2016,"01903054","_ku_vre",39.202918575628,22,NA,82853.7528610982,1351718.2386901,167356.775381015
826,2017,"05290863","__up_re",74.6524844561559,14,NA,NA,NA,49441.4157737119
826,2018,"05762361","____vr_",26.1144234915127,14,NA,NA,629629.820134397,NA
826,2019,"09303684","__u_vr_",28.064258463557,15,NA,NA,184697.936937349,NA
827,2013,"09901025","____vre",430.930726587049,19,NA,NA,65729.4406822129,259006.31896786
827,2014,"04573426","_____re",53.4129509814583,14,NA,NA,NA,242359.724087356
827,2015,"10121058","g_u_vre",515.522336460384,16,-27357.560918874,NA,426702.099817112,24521.1616860695
827,2016,"05298083","g___vr_",96.3032435989088,10,-53918.4919509183,NA,49233.9361965767,NA
827,2017,"09438255","g____re",210.392542876786,17,-18837.3276959942,NA,NA,119135.170717569
827,2018,"14024574","g___vre",134.604623491529,12,107984.705888104,NA,356606.794413501,23570.8669795595
827,2019,"04018923","_____re",32.8580744977448,13,NA,NA,NA,262411.259049691
828,2013,"06734464","_ku_vre",330.093953074063,17,NA,234604.721188741,121829.92588184,13582.1105435245
828,2014,"07646878","g___vr_",111.183051402113,13,-50138.0228702077,NA,4662176.4403722,NA
828,2015,"13341865","g___vr_",2084.8824598307,10,-26205.3932953484,NA,10196.3355564066,NA
828,2016,"04064276","g_u__re",6755.3725384941,10,104506.780546526,NA,NA,231992.644381904
828,2017,"05321319","_____re",211.673102728179,13,NA,NA,NA,66662.4178627339
828,2018,"09934256","gk__vr_",7.09808610754934,16,-7058.98753025852,145767.309096578,45586.0889884561,NA
828,2019,"05518653","gk__vre",29.6641242214605,11,46605.5640602867,-86331.1508556751,17400.4013459032,19706.7140054996
829,2013,"04899161","_____r_",100.098362512766,20,NA,NA,NA,NA
829,2014,"02680979","g____r_",6741.86515797183,19,8261.02656819775,NA,NA,NA
829,2015,"07710451","g____r_",170.653469017522,10,-106831.495762564,NA,NA,NA
829,2016,"14366926","__u_vr_",578.477133152225,14,NA,NA,69407.1292902221,NA
829,2017,"04820105","____vre",34.6497700508707,16,NA,NA,107378.484048707,29452.7139228065
829,2018,"05369574","g___vr_",192.295026076974,16,105322.431205243,NA,17373.0530248285,NA
829,2019,"16935889","_____re",174.104370014678,13,NA,NA,NA,1483249.24825555
830,2013,"05535590","___pvr_",615.426598977956,11,NA,NA,1661382.46350435,NA
830,2014,"09524517","____vre",58.0263971107292,19,NA,NA,300171.255686585,135064.168447762
830,2015,"05771136","__u_vre",349.936066054301,19,NA,NA,2913452.25321334,123110.760877462
830,2016,"05491431","g___vr_",15.4675781139409,18,166423.780900614,NA,267278.989987846,NA
830,2017,"08590429","_k__vre",1090.36586617962,12,NA,2990.17548969894,67731.7776572372,355825.294410826
830,2018,"08083379","__u_vr_",1957.66175512819,7,NA,NA,3015.10185949833,NA
830,2019,"09637216","g__pvre",326.755159215444,15,-23320.0841300998,NA,200394.688956799,54691.5053000125
831,2013,"04826311","___p_r_",4735.26972338529,16,NA,NA,NA,NA
831,2014,"08496364","_k___re",47.1687891859176,16,NA,39487.4208317682,NA,88975.5317437826
831,2015,"08795178","g_u__r_",0.995199937851687,16,110495.365008313,NA,NA,NA
831,2016,"07407465","____vr_",516.334978420929,11,NA,NA,14496.0135754975,NA
831,2017,"06733589","____vre",208.020556021826,15,NA,NA,44029.754318835,5017.80621199605
831,2018,"07916050","_____r_",37.016121729186,19,NA,NA,NA,NA
831,2019,"05450324","g_u_vre",7250.88116127627,23,64808.910622485,NA,115356.266861502,659888.298672959
832,2013,"08810817","____vre",82.8863122174099,13,NA,NA,238269.491252614,17406.9091624494
832,2014,"08557692","_____r_",48.7923157811138,17,NA,NA,NA,NA
832,2015,"09300036","g____r_",69.0336163086978,13,-50553.5734698932,NA,NA,NA
832,2016,"05423485","g__p_re",882.558484664672,11,83722.9906827684,NA,NA,62710.1793057099
832,2017,"05965527","_____re",87.063716560435,13,NA,NA,NA,183558.46494592
832,2018,"14361230","g___vr_",649.469054055701,11,38698.1656161426,NA,132663.393040583,NA
832,2019,"02349029","_ku_vre",1194.71645723042,21,NA,-66092.1504555333,95215.1112593303,1235.08920299398
833,2013,"05216093","g___vre",1177.76088203629,14,55355.0376246149,NA,4721.47280591352,603594.335138547
833,2014,"05544498","gku_vre",83.6246668051443,19,10472.7246827461,26527.7010931317,54560.9448044149,34236.8233482917
833,2015,"05710825","gk___re",156.242801580654,15,31917.2909052223,299702.790824252,NA,68639.7345302397
833,2016,"05773970","g____re",23.1752121736938,19,-32178.6460461775,NA,NA,1999514.95638159
833,2017,"14644848","gku_vr_",125.125455008824,17,48170.1262409166,-58523.3342519985,363013.67267797,NA
833,2018,"05784850","____vre",746.45954701279,8,NA,NA,319185.687527729,39178.7427420921
833,2019,"04169908","g_upvre",70.1505532630178,19,-57196.6201293582,NA,23520.5472392009,104973.405997705
834,2013,"13147629","____vre",9331.53910648992,13,NA,NA,164972.329862195,108933.906032332
834,2014,"05068759","___pvr_",749.574859670128,13,NA,NA,71724.5005555025,NA
834,2015,"14819521","_____re",8.95594186006902,12,NA,NA,NA,52152.0459221338
834,2016,"05378055","____vr_",251.996825338057,7,NA,NA,266887.447296559,NA
834,2017,"07532222","g__pvre",204.699886986297,13,299975.487559934,NA,159473.657383787,13506.0403707207
834,2018,"16753296","_k___re",936.478649122821,15,NA,-6737.36013093739,NA,109352.611949833
834,2019,"04470133","g___vr_",10.6195405046411,14,-6176.6096823769,NA,18089.6470871236,NA
835,2013,"08973538","_ku_vr_",3.81268204242723,8,NA,84569.0825416516,83872.5358197553,NA
835,2014,"07777875","g_u_vre",997.679859540302,13,-86472.0338916441,NA,239938.66137644,1044650.31782489
835,2015,"08685300","_____r_",2401.71379085278,16,NA,NA,NA,NA
835,2016,"04583139","_____re",55.6505159540514,23,NA,NA,NA,43911.3116802833
835,2017,"12548559","__u__r_",52.9540037026567,14,NA,NA,NA,NA
835,2018,"06503923","_____r_",1855.55179150718,13,NA,NA,NA,NA
835,2019,"08135013","_ku_vr_",1421.07376290663,16,NA,76462.2781478366,95214.4187247396,NA
836,2013,"09394826","_____re",484.168228324313,12,NA,NA,NA,9331.48460769187
836,2014,"05733240","___pvre",30.6402431909746,21,NA,NA,221223.655449378,2198173.03893199
836,2015,"05440496","____vr_",39.5674358833421,14,NA,NA,935090.392378788,NA
836,2016,"07017494","___pvr_",262.913273955613,14,NA,NA,498984.883389372,NA
836,2017,"05883399","g___vre",523.223645454404,11,-52615.2683423404,NA,858472.707233364,61657.8521267395
836,2018,"05732350","g___vr_",3.83677736683064,15,-37729.975975136,NA,29584.4812589678,NA
836,2019,"01111036","g__pvre",174.558316318276,13,-116436.075294113,NA,30370.8834626529,2000105.81516202
837,2013,"05146022","__u_vre",1805.72641407358,12,NA,NA,13501.1615740919,61854.6609056
837,2014,"05014963","__upvr_",9.97459138598908,19,NA,NA,72269.3392219267,NA
837,2015,"05968001","____vr_",69.1931734244686,15,NA,NA,4017007.98779476,NA
837,2016,"08773172","gku_vr_",154.470794526114,14,211540.802596535,79856.7244437888,1631563.88202085,NA
837,2017,"09220424","__u__re",1.63641498238782,11,NA,NA,NA,10879.7902959849
837,2018,"04341347","____vr_",253.255162990252,15,NA,NA,41045.8361326816,NA
837,2019,"03175991","_____re",264.997857543308,18,NA,NA,NA,79998.4755538537
838,2013,"07766695","_____re",216.626903776827,21,NA,NA,NA,733538.751515349
838,2014,"09902309","g__p_r_",1433.62350845411,12,6183.52471945035,NA,NA,NA
838,2015,"08208170","__u_vre",226.555612421537,25,NA,NA,11973.2652855163,251692.134902649
838,2016,"13779175","____vr_",410.362174369964,11,NA,NA,94435.8828511479,NA
838,2017,"10257093","_k__vr_",3.63609998090082,14,NA,102072.613484014,208683.220711964,NA
838,2018,"07896278","g_u__r_",116.846309068337,11,76917.4761054717,NA,NA,NA
838,2019,"07203433","____vr_",57.9539956789904,17,NA,NA,232745.972206737,NA
839,2013,"04797581","g___vr_",14606.8002277907,21,42863.877616755,NA,116844.869289847,NA
839,2014,"08331317","g___vre",193.279832140419,15,-4268.0942303901,NA,78664.0422131219,12066.5446008701
839,2015,"01054525","_k__vr_",921.902933167998,7,NA,-15397.6395221423,2826104.95658872,NA
839,2016,"12198847","__u__r_",32323.0438182442,16,NA,NA,NA,NA
839,2017,"05313895","g__pvre",456.341409104636,16,143974.216849595,NA,1197901.62059523,172334.930966823
839,2018,"08031557","g___vre",2.84977424203219,17,79883.8189225138,NA,1780633.20549237,32560.1830562329
839,2019,"05622770","g____re",127.057023959805,18,233121.328411891,NA,NA,339795.406445451
840,2013,"07426539","g__p_r_",11.0651924291875,13,2430.25771798464,NA,NA,NA
840,2014,"05175732","g___vre",1.36163133681837,16,174253.134826446,NA,114615.144988343,244503.345404967
840,2015,"07322187","g____re",91.7140220869238,15,203466.428421691,NA,NA,114593.293128799
840,2016,"05527003","____vre",211.923557786817,14,NA,NA,140284.064698631,92962.8791696213
840,2017,"04550001","g_u__re",11.6034708501373,10,-118492.048077173,NA,NA,16622.0672826516
840,2018,"04404827","_____r_",277.798283698846,15,NA,NA,NA,NA
840,2019,"06748825","g___vr_",134.928835061395,16,-106912.466608318,NA,91000.1695987544,NA
841,2013,"08045811","__u__r_",9.95157031908861,12,NA,NA,NA,NA
841,2014,"04141172","__upvr_",2999.87332492426,17,NA,NA,81679.9134417592,NA
841,2015,"04024345","_k___r_",3200.54057807926,10,NA,-10061.9241470716,NA,NA
841,2016,"04136302","g___vr_",22.694828702202,13,-66776.7472030826,NA,74376.0074718368,NA
841,2017,"05913395","g___vr_",163.877499361095,18,25654.3986811317,NA,18186.2299551607,NA
841,2018,"05140385","____vre",149.645906088208,14,NA,NA,369607.418402291,32368.7677600583
841,2019,"05678261","_____r_",10.6277884023438,15,NA,NA,NA,NA
842,2013,"05766520","g___vre",0.718158458892016,17,120886.0290755,NA,296726.704843319,220236.310511253
842,2014,"04037145","_____r_",25.6341174484094,18,NA,NA,NA,NA
842,2015,"04347828","_k__vre",63.7798169576865,13,NA,125342.19530863,217064.020242114,101860.909981229
842,2016,"12149623","__u_vr_",14.9923525190057,16,NA,NA,8749.2009877611,NA
842,2017,"01880720","__u_vr_",1933.97886509858,14,NA,NA,174420.058415609,NA
842,2018,"09942287","____vr_",890.46376432525,14,NA,NA,978544.909786916,NA
842,2019,"04741629","__u_vre",222.788999376868,8,NA,NA,1686414.19362225,121584.532684298
843,2013,"05469261","g___vr_",7620.45072362214,14,-142805.364912534,NA,5690617.12214449,NA
843,2014,"07515006","_____r_",365.180006887467,11,NA,NA,NA,NA
843,2015,"05402219","__u__re",42.6191782762633,15,NA,NA,NA,659550.526691884
843,2016,"04513795","_k__vre",635.252229538916,12,NA,310732.760470556,590007.169196039,12762.1485128858
843,2017,"07096288","____vr_",37.6994831975728,16,NA,NA,626287.611985311,NA
843,2018,"05198770","g_u__re",1433.42289151691,23,268.424642346239,NA,NA,596296.028378405
843,2019,"05911632","_____r_",91.2463292309214,22,NA,NA,NA,NA
844,2013,"07348153","__u__re",439.842490060196,14,NA,NA,NA,72719.0414380994
844,2014,"04253616","____vre",0.861634762763844,16,NA,NA,58396.1183007439,118577.110671107
844,2015,"07320048","__upvre",46.6866847635529,14,NA,NA,114022.586660657,102694.934865874
844,2016,"04970948","_kupvre",3.88741416007372,16,NA,-77764.5620455782,129469.066702422,159235.542321528
844,2017,"16663670","____vre",5.74393967025437,18,NA,NA,70092.4264049232,202740.800748345
844,2018,"15261698","____vr_",359.397828983236,10,NA,NA,44772.3063873092,NA
844,2019,"14193261","_____re",11.7736460402014,13,NA,NA,NA,359704.713173014
845,2013,"12509396","__u_vre",250.069330392046,21,NA,NA,714430.063074095,8998.65136703637
845,2014,"08318107","__u_vr_",24.0334454362568,11,NA,NA,9560.80592036215,NA
845,2015,"08488761","____vre",45.7004437923841,15,NA,NA,112863.1842637,101096.417917501
845,2016,"04775816","g_u_vre",143.991025052153,15,43458.8414180878,NA,2106263.48771292,157645.331771667
845,2017,"07198453","__u_vre",295.503009689024,21,NA,NA,319872.051540888,82018.2988345366
845,2018,"05337504","___pvr_",8.04693721742476,18,NA,NA,374878.06644545,NA
845,2019,"04799085","g_u_vre",144.267081769271,16,9292.99509751335,NA,1360614.13613613,815001.187053344
846,2013,"14249268","_____re",70.5792614905742,9,NA,NA,NA,21237.3324789914
846,2014,"14486847","___pvr_",9.8498434183922,15,NA,NA,2509794.31418762,NA
846,2015,"05139157","gk__vre",132.09753736137,13,38179.7407148368,-47042.9401850882,929676.135956424,36166.3301151546
846,2016,"05044579","__u_vre",432.517221807685,19,NA,NA,51522.2892393725,588498.372765341
846,2017,"04370321","g___vre",1555.61282602847,11,81388.8522905704,NA,7842311.88625558,205716.205368753
846,2018,"04421033","g___vr_",8.40004194786856,12,26905.1116407835,NA,65257.2754468289,NA
846,2019,"07207538","____vr_",11.4544995640699,18,NA,NA,49687.2096350205,NA
847,2013,"15365714","g____re",7063.44339540745,14,53946.2313184971,NA,NA,21876.811299003
847,2014,"02347661","g____re",449.181394629018,12,-72925.4559244038,NA,NA,9611.48022813804
847,2015,"04990760","g_u__r_",174.264287826013,18,-170380.116299923,NA,NA,NA
847,2016,"11581013","_____r_",714.420945255166,15,NA,NA,NA,NA
847,2017,"05292476","g_u_vre",201.779711900108,10,181451.059535771,NA,14244.0602080165,190048.356825384
847,2018,"04745064","___pvre",29.1481087035784,20,NA,NA,352447.89531466,385985.033738208
847,2019,"07997617","____vre",75.9746339581576,23,NA,NA,554688.724225495,31922.2785778113
848,2013,"02642133","____vr_",34.9135579825106,13,NA,NA,209286.360009531,NA
848,2014,"08779420","g_u_vr_",2328.50366348634,11,53615.4757705112,NA,84472.5494127437,NA
848,2015,"03476661","__up_r_",1140.20534147701,15,NA,NA,NA,NA
848,2016,"06422840","____vr_",286.884477579088,13,NA,NA,96932.0427126054,NA
848,2017,"07155949","__u_vre",1540.21638864214,17,NA,NA,160562.633617673,44737.5785379234
848,2018,"05043552","_ku_vr_",76.7994605033608,16,NA,69986.5380244668,51300.2110709694,NA
848,2019,"08370803","g_u_vre",521.330086465362,11,-108236.159060923,NA,114364.10406954,20149.2341567482
849,2013,"04997323","gku_vre",1459.7856837126,14,-29885.5590978673,213791.183511027,93404.7035767068,115281.633884957
849,2014,"07816628","g___vr_",1314.02802586301,11,103223.823832862,NA,131106.508178516,NA
849,2015,"15247626","__u_vr_",60.8128892554358,13,NA,NA,64517.9395747192,NA
849,2016,"16400296","_____r_",44.7387319219528,19,NA,NA,NA,NA
849,2017,"07156799","g__p_r_",3258.92501747438,13,145355.083279405,NA,NA,NA
849,2018,"05596900","g___vre",13.0319173503067,14,131699.455145758,NA,251055.332721242,77644.4330494119
849,2019,"08013566","g____r_",124.455960585822,14,165586.396098467,NA,NA,NA
850,2013,"04494502","g___vr_",3583.16286039124,12,-73531.8641986482,NA,329143.226038099,NA
850,2014,"09405699","g__pvr_",29.4772795144657,18,173338.68228891,NA,2648172.73450612,NA
850,2015,"04527816","___pvr_",443.238485173882,20,NA,NA,48781.1179355794,NA
850,2016,"11373920","g___vr_",45.9439266484762,12,177054.26295927,NA,134344.980495586,NA
850,2017,"15802738","g_u_vr_",26.2013813899726,21,-28727.0668271926,NA,256492.465072538,NA
850,2018,"10687437","gk__vre",25.07419349315,14,50386.3489926354,-19429.5581764236,194626.438652255,26384.6974474205
850,2019,"14189971","g___vr_",5020.51776888626,13,-58261.0344544543,NA,25066.7016667537,NA
851,2013,"07267105","__u_vre",135.575599189559,17,NA,NA,154720.837776543,15489.4531460239
851,2014,"05283979","g____re",61.1293094864834,11,155445.832445061,NA,NA,134446.572840254
851,2015,"05928357","g___vr_",40.8239137332154,18,-18464.2611073057,NA,13866.5035181024,NA
851,2016,"04647121","__upvr_",1401.33017733399,10,NA,NA,96452.8075329931,NA
851,2017,"07718705","_____re",10.8763926733045,11,NA,NA,NA,2663136.49363813
851,2018,"06200140","_____re",223.064642323453,10,NA,NA,NA,157608.009622981
851,2019,"01416769","___pvre",1140.11242655889,11,NA,NA,15155.1758261508,334839.730060618
852,2013,"04202095","____vr_",245.591410377779,22,NA,NA,16230.0779809284,NA
852,2014,"15988120","___pvr_",0.150314283326993,17,NA,NA,1543080.00400156,NA
852,2015,"08254076","__u_vre",82.2263917045866,19,NA,NA,34685.1337335375,344032.170550101
852,2016,"14379724","____vre",115.352550183531,22,NA,NA,77371.5704406114,159263.280649318
852,2017,"06385515","__u__re",390.831719900905,21,NA,NA,NA,86149.350325874
852,2018,"05893697","g____r_",205.394488777163,23,33233.9154161027,NA,NA,NA
852,2019,"09641568","_____r_",14270.6515374015,15,NA,NA,NA,NA
853,2013,"08655753","_ku_vre",247.458736455671,8,NA,-72401.3377969156,522580.099230289,20337.4140584532
853,2014,"08754215","gku_vr_",10.200966281754,19,-115764.1621127,286513.283222317,263959.075051875,NA
853,2015,"05474625","_ku_vr_",501.879640985553,15,NA,94951.9564110744,2983.45226365152,NA
853,2016,"05901392","_____r_",3131.81772991071,19,NA,NA,NA,NA
853,2017,"04797392","__u__re",34.4544867257571,20,NA,NA,NA,21275.3720361458
853,2018,"09945083","_ku_vre",41.2596026873699,17,NA,127455.291559259,143825.634321926,106761.171829335
853,2019,"05399042","____vre",120.09804765972,19,NA,NA,53155.1028731871,22210.1853193944
854,2013,"15384172","___p_r_",312.850266423926,12,NA,NA,NA,NA
854,2014,"06952460","g_u_vre",56.1914771179039,12,71515.9881145107,NA,217639.976971957,73932.9764358247
854,2015,"08616964","___pvr_",630.715108675515,13,NA,NA,96898.0246761695,NA
854,2016,"07445594","g__pvre",73.8888280385932,14,72297.9270102655,NA,97656.6892711598,443680.122647803
854,2017,"07430019","____vre",80.4246004146412,21,NA,NA,11284.1551479851,23273.222082036
854,2018,"06256763","____vre",22.4447680675578,14,NA,NA,1337507.34077006,4516.79768847729
854,2019,"04470252","____vre",498.140090880543,20,NA,NA,1810902.69906745,77764.991104443
855,2013,"05448974","g___vre",164.751812932216,14,81963.2204887925,NA,136733.003816216,72893.8604737091
855,2014,"07906008","____vr_",8.65294007183552,13,NA,NA,242851.664521321,NA
855,2015,"04703347","__u_vre",2200.60062734219,16,NA,NA,30488.0851781702,275817.049254463
855,2016,"16349559","__u_vr_",1078.96399001781,22,NA,NA,124807.04508943,NA
855,2017,"01144074","__u__r_",30.5407128362975,18,NA,NA,NA,NA
855,2018,"08610459","gku__re",45.0561702338899,14,-15584.4606973783,41814.6390057433,NA,29947.1991910623
855,2019,"04731456","gk__vre",340.523904889898,16,-4880.17383159907,109831.39617282,30678.5024403666,13354.919724312
856,2013,"11266506","g____re",2203.20900702685,20,74583.2069263617,NA,NA,76379.4304988389
856,2014,"13511896","____vre",18.2153171474851,13,NA,NA,26401.9488593002,43206.1764271768
856,2015,"10352639","____vre",81.8965215028212,23,NA,NA,559531.536941656,83504.6662838544
856,2016,"04769905","__u__r_",16.9826576301846,18,NA,NA,NA,NA
856,2017,"04179917","__u_vre",609.451640176224,26,NA,NA,358634.574834799,52572.6240100048
856,2018,"05075786","__upvr_",14.4708110103366,13,NA,NA,223145.440909331,NA
856,2019,"04614600","g____re",3824.99094435684,10,-7434.83108580356,NA,NA,344969.947072349
857,2013,"07151532","g_u_vr_",168.649353453043,17,60919.5580975159,NA,13535.5627552263,NA
857,2014,"08649976","_____r_",17.7650717438973,13,NA,NA,NA,NA
857,2015,"04790470","_____r_",71.7237751664299,23,NA,NA,NA,NA
857,2016,"09249852","____vr_",18322.876546175,13,NA,NA,30266.7529047325,NA
857,2017,"07563795","____vre",128.417313296969,13,NA,NA,378706.174587986,44106.3069447257
857,2018,"05663794","___pvr_",8.90007848457142,21,NA,NA,48869.3153851604,NA
857,2019,"05644921","_____r_",62.4738932088447,13,NA,NA,NA,NA
858,2013,"05326392","g____r_",1706.84780933066,15,68200.3614477097,NA,NA,NA
858,2014,"04506362","__u_vre",625.016690412833,13,NA,NA,182064.640131434,62144.1745530642
858,2015,"07967075","_k__vre",153.93812131121,13,NA,-37986.7537911702,49744.6997992747,148088.589646354
858,2016,"04646242","____vr_",243.137651039004,10,NA,NA,528110.917041501,NA
858,2017,"05924292","_____r_",345.719467302862,16,NA,NA,NA,NA
858,2018,"04119435","gk___r_",37.6394324901234,13,-57783.441863657,78314.2785498437,NA,NA
858,2019,"07643550","g_up_r_",8.89713498809311,15,112139.118400976,NA,NA,NA
859,2013,"05551811","g__pvr_",713.241607179997,18,89495.5604963682,NA,23656.9784661078,NA
859,2014,"10598231","____vre",3724.22122573343,13,NA,NA,2746.69186067037,19199.6486832679
859,2015,"16130391","g__pvre",69340.6025327524,20,-9331.5258698445,NA,28076.9445187684,124357.732778846
859,2016,"05855570","_____r_",24.1927005007307,19,NA,NA,NA,NA
859,2017,"05285024","gku_vre",250.252433171552,10,147837.555562013,155219.789011064,146934.383760506,233483.845376673
859,2018,"04102300","___pvr_",1133.52857735947,21,NA,NA,15128.9747850415,NA
859,2019,"15075991","_k__vre",184.288912671149,15,NA,331867.819686559,96034.3525116411,14273.6333730665
860,2013,"11953637","g__pvr_",281.496161615101,13,142837.638957543,NA,79760.4670115856,NA
860,2014,"05127707","___pvre",2249.97833251387,14,NA,NA,914692.44687567,94921.4621833475
860,2015,"04354357","____vr_",1028.06375917176,12,NA,NA,261842.128471216,NA
860,2016,"12911254","g___vre",4322.85424838178,20,14631.5312140371,NA,84545.3172106492,94276.5081749754
860,2017,"04170514","gk_pvre",394.663871838204,17,-97503.966530878,62564.6758473054,20776.3834943612,4563.46413121396
860,2018,"04662218","g_u_vre",31.485128551244,18,-39824.1735901917,NA,555833.57228413,1470769.33078492
860,2019,"05923528","g___vr_",2010.78168146007,16,-17786.0787105718,NA,564742.085392403,NA
861,2013,"08405938","g___vre",32.1352870630046,9,76413.4433323831,NA,400060.894202786,19813.2365366768
861,2014,"14820594","gk__vr_",14.5285136757101,11,-26230.3160973122,99136.30757997,1941841.06791168,NA
861,2015,"01248204","____vre",808.967895949332,13,NA,NA,291245.715962921,23918.94903773
861,2016,"04563124","g___vr_",126.655466126011,9,9743.179885777,NA,31542.1548577909,NA
861,2017,"05258251","g_u_vre",52.8260393377002,15,18416.4808317383,NA,124658.761504319,114498.223257248
861,2018,"08162985","g_u_vr_",19837.4997335737,16,30012.0897809136,NA,697267.966417579,NA
861,2019,"08207102","__upvr_",97.4260082399316,16,NA,NA,7950.48629770063,NA
862,2013,"04881544","____vre",72.2237120336937,15,NA,NA,73777.4770883672,844510.982600611
862,2014,"07659940","____vr_",41.4671272550156,17,NA,NA,312298.918934072,NA
862,2015,"07037364","g____re",6.46098118876206,13,144009.845256822,NA,NA,67014.246895636
862,2016,"05412054","g_u_vre",155.215856768187,12,30921.1888804093,NA,123221.976059177,105494.282764879
862,2017,"14530124","g____re",1.0788885658992,12,20397.704752453,NA,NA,54609.015140671
862,2018,"14986488","____vr_",9.0575175354793,12,NA,NA,13789.6933956269,NA
862,2019,"05157009","g___vre",23.0295175190052,17,-54862.2057158266,NA,20852.6821129361,47330.1047754516
863,2013,"05716301","____vr_",470.639186221763,18,NA,NA,18211.2808399959,NA
863,2014,"05981317","g___vr_",24.3101189848584,14,17063.3276382817,NA,158215.593666976,NA
863,2015,"02558490","g_u_vr_",38.7920686611163,17,-15854.5678657214,NA,51081.6845739762,NA
863,2016,"04401375","__u_vr_",7.88804395259321,19,NA,NA,23344.550668108,NA
863,2017,"15861061","g____r_",72.0139451795491,18,28557.8869039033,NA,NA,NA
863,2018,"04099721","__u_vre",77.573730864064,17,NA,NA,1276559.11437734,18898.9183110272
863,2019,"07140700","____vre",3862.53267034404,16,NA,NA,173424.524996799,302496.696192583
864,2013,"16602865","g____r_",461.324807812295,13,25364.6695865998,NA,NA,NA
864,2014,"04429420","____vr_",60.2518822115413,17,NA,NA,568786.138909718,NA
864,2015,"07878462","g_u_vr_",147.963647853195,11,-5632.83510294976,NA,370360.940891196,NA
864,2016,"09094040","____vre",612.959640396602,13,NA,NA,248249.541390678,19909.1117428008
864,2017,"05922094","g___vre",4126.97331491202,16,212866.308617495,NA,224684.961617337,9897.46344654037
864,2018,"04793450","__up_r_",52.0617289300434,19,NA,NA,NA,NA
864,2019,"05413701","g___vr_",23.2463589063504,16,152107.990345331,NA,143563.782692308,NA
865,2013,"07561242","_k___r_",295.008632209265,17,NA,223816.580609498,NA,NA
865,2014,"04022057","____vre",55.7988430842767,17,NA,NA,221462.258715289,7045.09071250444
865,2015,"08487866","____vr_",128.700888970529,18,NA,NA,3454962.12381976,NA
865,2016,"13034360","____vr_",860.305405817909,10,NA,NA,513899.826013264,NA
865,2017,"07060705","g_u__re",155.105622182303,15,-25458.6941575436,NA,NA,47457.9912526026
865,2018,"07514287","g_u__r_",275.627178155616,16,41796.3576101357,NA,NA,NA
865,2019,"06620769","____vre",1750.23154527891,21,NA,NA,699942.698852971,371232.697707559
866,2013,"05256904","__upvr_",1590.89180993787,16,NA,NA,171349.902508086,NA
866,2014,"04148233","___pvr_",963.383836066219,15,NA,NA,112222.797093758,NA
866,2015,"07597827","g_upvr_",2416.49899311722,21,-1423.70186469736,NA,288519.432891585,NA
866,2016,"05737964","g___vr_",1141.64011104625,19,312.593463138386,NA,213822.9479132,NA
866,2017,"05503973","__u__re",698.822213392854,13,NA,NA,NA,24818.119950643
866,2018,"05281789","__u__r_",95.4032921044329,9,NA,NA,NA,NA
866,2019,"12864279","____vre",329.875514381303,17,NA,NA,242534.165212149,22526.7159050714
867,2013,"04792796","g___vr_",77.3149408156856,12,-65608.9786998076,NA,112649.058794216,NA
867,2014,"04354179","g__p_re",1169.18195831887,14,-9341.51974545757,NA,NA,365057.632419788
867,2015,"05503396","g___vr_",21.8333172908616,14,192118.455332493,NA,182893.978899559,NA
867,2016,"05461625","_ku_vr_",51.301474126982,18,NA,-82868.4291444124,36930.9971305717,NA
867,2017,"10569236","__up_r_",77.2534694775962,9,NA,NA,NA,NA
867,2018,"04674713","g___vre",30.9847839591837,14,-83778.925653827,NA,19321.3711996329,115464.610754772
867,2019,"08335385","g___vr_",5377.81829423051,16,119045.548364088,NA,8113026.22185377,NA
868,2013,"04477440","gku__re",651.533762472573,16,-27805.2278752175,-70851.6976051276,NA,205505.854783347
868,2014,"07622196","g_u_vr_",92.5939615036153,24,-93060.1249126246,NA,245970.610436634,NA
868,2015,"07640245","_k__vre",1376.18434411848,12,NA,349907.238004575,11132.9600252431,15332.3303232309
868,2016,"07319781","g_up_r_",209.276282981511,21,-88957.4783722158,NA,NA,NA
868,2017,"14722832","g_u_vr_",97.1132897575032,19,23693.613411593,NA,352199.127179886,NA
868,2018,"05945563","g___vr_",33.8414009566562,23,163903.899880959,NA,180165.817265225,NA
868,2019,"08505674","_ku__re",224.592618276291,13,NA,140092.223240305,NA,88938.5487474549
869,2013,"03292922","_k__vre",526.283113369043,14,NA,-89795.7779564076,106666.713133246,237417.030511246
869,2014,"14681271","____vre",199.353548411511,13,NA,NA,34318.4903331648,67721.821641743
869,2015,"12467439","g___vr_",208.678281350923,9,282541.789038363,NA,332399.436699668,NA
869,2016,"04061366","_ku_vr_",18.5733610338364,18,NA,-101590.169582904,844533.222199526,NA
869,2017,"01936323","g_u_vr_",1027.85850726431,16,31219.2780019742,NA,4024.11715133308,NA
869,2018,"05181778","____vr_",6920.21495608461,11,NA,NA,249542.028079934,NA
869,2019,"08706912","_ku_vr_",246.470741259855,18,NA,128407.707006248,170629.087269219,NA
870,2013,"07706560","____vr_",44.5681502326577,18,NA,NA,913584.973969503,NA
870,2014,"08122489","____vre",410.654337328772,18,NA,NA,284982.782640323,3220.76703911016
870,2015,"08997899","_k__vre",18.1254511833363,9,NA,279034.599887699,218911.536483012,45989.1092015158
870,2016,"01959527","g___vre",18.117103044529,12,105178.405361653,NA,204704.440786986,25308.8115447798
870,2017,"04982616","g___vr_",31.1366367520529,16,41792.8603796796,NA,499068.409033481,NA
870,2018,"09175990","g___vr_",52.0504579357375,11,33777.4973638094,NA,277578.34788788,NA
870,2019,"04952291","g___vr_",215.709343964071,13,172172.728607625,NA,990191.46572099,NA
871,2013,"01027931","g_u_vr_",4.48189433444325,16,-29441.0676655955,NA,127237.843360619,NA
871,2014,"01642096","g_u_vr_",48.4807254723026,13,13149.8782807613,NA,452446.597552214,NA
871,2015,"04955015","__u_vre",100.148612019639,11,NA,NA,623573.204345664,361798.77037107
871,2016,"01676463","____vre",6.92299802944215,14,NA,NA,66566.7743894731,25662.841448939
871,2017,"15294782","g_u_vre",1798.48464527625,12,45429.8090335232,NA,171306.997463406,129007.17376536
871,2018,"01117678","g___vr_",12.546818900341,14,-95868.9555770571,NA,395465.982946449,NA
871,2019,"05154288","g____r_",1628.23494717157,10,112962.855320271,NA,NA,NA
872,2013,"09862851","g____re",33.2486879802363,15,94510.8739817023,NA,NA,16240.6631749161
872,2014,"06171063","_____re",1138.76327942494,10,NA,NA,NA,135152.050210017
872,2015,"16123273","__u_vr_",77.2863686858261,11,NA,NA,113056.529237098,NA
872,2016,"07104769","g___vre",297.350027010757,17,186923.983724393,NA,113250.739627227,16083.0188084657
872,2017,"14340958","__u_vre",266.903325438287,10,NA,NA,245589.726922797,46054.9031753771
872,2018,"08533028","g____r_",5282.4643915868,14,71337.4384155632,NA,NA,NA
872,2019,"04894685","g_u_vr_",1141.42658559436,16,193825.748802381,NA,46022.6959693311,NA
873,2013,"07294772","____vre",467.692957196375,19,NA,NA,69504.0984133463,192447.202744837
873,2014,"11907256","_k___re",41.3636602228326,7,NA,171687.795877644,NA,37079.3847891237
873,2015,"05815095","__u__re",28.7242694842592,18,NA,NA,NA,25640.6470965729
873,2016,"04561431","_k___re",86.3405335122082,13,NA,310866.524263657,NA,177167.822942253
873,2017,"04380825","g_u_vr_",381.564843486402,24,48260.2451762497,NA,248268.63274768,NA
873,2018,"08797168","__u__re",90.6605804251931,13,NA,NA,NA,157096.68748032
873,2019,"02926798","g__pvre",134.553068861239,14,106738.369194146,NA,190030.531849254,17731.3210268225
874,2013,"07577974","_ku__r_",7.92544287368508,15,NA,301857.198085764,NA,NA
874,2014,"13571870","_____r_",12994.6545569574,19,NA,NA,NA,NA
874,2015,"05918671","____vr_",9.76174934988149,21,NA,NA,68001.9640758387,NA
874,2016,"05031880","____vr_",90.1134264163665,15,NA,NA,132913.045394113,NA
874,2017,"09903980","g_u_vr_",23.8881254582763,14,-37520.5883600546,NA,357433.654907071,NA
874,2018,"09866404","__u_vre",1018.50095584468,15,NA,NA,68230.9072891526,30059.5622185295
874,2019,"05266308","__u_vre",48.9109358560418,17,NA,NA,141639.218736695,141205.357026751
875,2013,"04021406","_kupvre",9.05315409220757,18,NA,-3225.31126765101,235316.560917533,17529.7521441124
875,2014,"15390293","____vre",1120.87919414682,14,NA,NA,160562.943065661,116578.946205745
875,2015,"08836263","_ku__re",143.132121501163,13,NA,109228.69480383,NA,12326.1874640111
875,2016,"09484480","gk__vre",65.4312600994921,20,17920.1373620388,35703.4131576392,183076.821420626,69390.6856629072
875,2017,"09255622","g__p_r_",148.988919683425,20,58848.7136099348,NA,NA,NA
875,2018,"08710666","___pvre",117.2553238918,15,NA,NA,273852.168393406,476491.951208406
875,2019,"04654104","g___vre",73.1922596866159,8,59393.8211807159,NA,77063.8206210067,4071.04815559998
876,2013,"07847794","g_u__r_",35.774365920483,13,-74272.2461107121,NA,NA,NA
876,2014,"08639450","_k___r_",27.5139889306005,10,NA,-109430.754313007,NA,NA
876,2015,"04085028","gk__vr_",696.972812053677,17,122276.607782106,324854.863376469,568702.626895672,NA
876,2016,"06641287","__u__r_",61.5724019977426,11,NA,NA,NA,NA
876,2017,"15545415","gk___re",30.7023899753065,11,2819.0658537702,178810.888315377,NA,250633.543532777
876,2018,"05045904","__u__r_",352.2055565706,11,NA,NA,NA,NA
876,2019,"07553700","g_upvre",2795.27303054633,8,5614.6272597922,NA,838905.937215788,3991.33122607784
877,2013,"04652785","g_u__r_",1044.57691193192,9,36512.0447956885,NA,NA,NA
877,2014,"06408654","_____re",32.1245927401079,18,NA,NA,NA,32979.0006187885
877,2015,"08504002","____vr_",55.4258456608584,11,NA,NA,28854.8601513136,NA
877,2016,"09662527","__upvr_",9.72202301694352,12,NA,NA,758787.317171741,NA
877,2017,"09492846","__u_vre",8.71321523823691,13,NA,NA,172230.261953357,8293.247094819
877,2018,"13417019","__u_vre",318.485096290991,13,NA,NA,247609.890053213,93893.6968536887
877,2019,"07310253","g___vre",8.55237330282302,18,110310.57303017,NA,78502.8294587056,100759.798922085
878,2013,"08025072","g___vre",329.284993980497,17,187639.313834563,NA,772868.477681497,184487.645291116
878,2014,"09679804","____vr_",320.367041609568,15,NA,NA,400657.359837899,NA
878,2015,"05392888","__u__r_",69.8091138613842,10,NA,NA,NA,NA
878,2016,"07557959","g___vr_",1435.3679903354,15,35296.3331350694,NA,5211.52354503017,NA
878,2017,"11955660","____vre",19.3411897161932,16,NA,NA,41952.4477152798,857153.793077464
878,2018,"08379150","__u__r_",16105.6100629001,11,NA,NA,NA,NA
878,2019,"11554835","____vre",335.774550509582,19,NA,NA,83776.6128895712,308867.743483925
879,2013,"07722716","_____re",228.830904871956,18,NA,NA,NA,498624.13543588
879,2014,"04612238","__u__r_",343.22953227351,10,NA,NA,NA,NA
879,2015,"10277107","gk__vre",356.550658924906,21,-133466.561496914,83084.9667647694,130020.641723086,874817.933248769
879,2016,"07391654","____vr_",4.27857840506712,15,NA,NA,79401.461309839,NA
879,2017,"01724829","_k___r_",343.368882961182,16,NA,32347.9402863465,NA,NA
879,2018,"05612544","__u__re",406.949431259815,16,NA,NA,NA,14481.199054683
879,2019,"07587019","g_u_vr_",976.289732899488,12,213400.431166127,NA,4726996.07438327,NA
880,2013,"07650091","__u_vre",397.296429471587,17,NA,NA,61089.4356532408,19110.7608506207
880,2014,"11399650","g____r_",14.5112892490598,12,-56698.1558622715,NA,NA,NA
880,2015,"05789591","__u_vr_",570.245163440991,18,NA,NA,31151.5148276716,NA
880,2016,"08877787","____vre",45.6080018446321,15,NA,NA,10948.0669772348,34125.311197219
880,2017,"10364794","____vre",71.8564530947616,16,NA,NA,2561141.07149658,968.823930200717
880,2018,"14395980","_____re",5.50424483526518,26,NA,NA,NA,3353.25383860202
880,2019,"10683429","g_u_vre",599.373323780382,20,61395.9075714704,NA,4652041.2244949,636586.331791258
881,2013,"08695822","g____re",1881.45456876859,13,69132.4321440734,NA,NA,263757.208273835
881,2014,"05137996","___pvr_",90.5053744180257,14,NA,NA,203113.410516056,NA
881,2015,"04928928","____vre",380.098204449318,18,NA,NA,206087.369624791,863415.283405475
881,2016,"07702105","g_u_vr_",41.1363577928702,17,-35290.2997906989,NA,551138.187354267,NA
881,2017,"01104119","_____re",1363.75420635265,21,NA,NA,NA,191373.143324409
881,2018,"08600827","____vr_",92.8471824275701,22,NA,NA,190198.187319057,NA
881,2019,"05446924","_____re",31.0702892121593,14,NA,NA,NA,410430.341732498
882,2013,"04723417","g____r_",2395.77863031513,21,127265.923328462,NA,NA,NA
882,2014,"05649504","g___vr_",2839.87341018384,13,-57251.6358404831,NA,19798.7373129158,NA
882,2015,"07115033","___pvr_",952.380985123505,15,NA,NA,4622.80361684718,NA
882,2016,"14347773","__u_vr_",50.5109336899902,12,NA,NA,577353.654977949,NA
882,2017,"07337896","g___vre",205.670331625608,18,46210.8259607745,NA,190005.565925717,120840.984941742
882,2018,"15617640","_____r_",719.280595493632,12,NA,NA,NA,NA
882,2019,"08905744","g___vre",414.531348945467,18,211545.354365787,NA,8068620.94267812,15529.4800682026
883,2013,"05786258","_____r_",81.1064833023912,11,NA,NA,NA,NA
883,2014,"05076079","gkupvr_",10.1647765754172,24,111146.903839385,216851.995772792,354464.843685665,NA
883,2015,"15267245","____vr_",29.6402069328656,18,NA,NA,48546.6803875585,NA
883,2016,"04325676","g_u_vr_",162.170970417407,12,47766.1923675371,NA,2001246.85836131,NA
883,2017,"05166875","g_u_vr_",127.663801016145,17,25278.2740369446,NA,266566.765524909,NA
883,2018,"04668101","__u_vr_",12789.4322186673,18,NA,NA,2283395.29890974,NA
883,2019,"04890929","_k__vr_",8.95580124592188,7,NA,105081.353813313,601709.736451578,NA
884,2013,"04379667","_ku_vre",41.7622081876056,14,NA,-39658.6260735619,55687.9912433929,13308.2144853175
884,2014,"05275204","g_u__re",43.1573233988041,12,154890.863107812,NA,NA,2435.95979603204
884,2015,"04308158","__u__re",249.903418677797,10,NA,NA,NA,782677.784238013
884,2016,"07346522","g____r_",76.7161515627782,16,204241.374084824,NA,NA,NA
884,2017,"08899524","_kupvr_",44.6078035361683,15,NA,95558.012871121,119448.301788276,NA
884,2018,"07180697","_____r_",118.96116600718,15,NA,NA,NA,NA
884,2019,"05376540","____vre",22.2502701113972,18,NA,NA,26016.7495185373,90053.248009932
885,2013,"09359658","g_u_vr_",3490.979428091,29,206623.230482567,NA,236674.330800718,NA
885,2014,"09831642","g_u_vre",8407.33048513146,21,97827.3194562461,NA,42118.8272819192,27089.9222063912
885,2015,"04277799","g_u_vr_",12.1333358717464,18,-50686.990470324,NA,720205.682219961,NA
885,2016,"14996304","____vre",415.324899009869,17,NA,NA,26218.0741356133,314219.426011408
885,2017,"07554074","gk__vr_",33.4023747346578,14,-89520.0259831909,123361.774369879,456333.345150251,NA
885,2018,"05902326","g_u_vre",1196.65860051347,15,-12852.4037619894,NA,4690439.1804953,21117.3022544851
885,2019,"08609628","g_u_vre",124.551108014307,16,30518.9112472035,NA,979700.906191615,29651.0477338212
886,2013,"02116323","____vre",34.6011979162543,9,NA,NA,2130583.92882476,55325.4617303762
886,2014,"05746368","__u_vre",42.852322589228,20,NA,NA,72826.1100566161,231862.040261086
886,2015,"10798831","_k__vr_",32.8746361042009,13,NA,84328.3894708074,645044.237417704,NA
886,2016,"04442120","_ku_vre",3635.0974663409,13,NA,98813.4857921867,82857.1130200465,44615.9799916933
886,2017,"11702189","____vr_",418.44044467226,20,NA,NA,464834.662447926,NA
886,2018,"11829673","____vr_",2642.34485595917,16,NA,NA,42821.0090951527,NA
886,2019,"08572869","g___vr_",3822.58620290968,10,39333.4856878978,NA,176684.913989903,NA
887,2013,"05838631","gku_vr_",280.977758245517,12,-18201.3423730259,84232.8595351778,64743.5790452141,NA
887,2014,"03498646","__upvre",338.917949229833,13,NA,NA,641618.045265835,304458.017870242
887,2015,"10604397","_k_p_r_",167.993838015656,13,NA,48606.6144323043,NA,NA
887,2016,"12231026","g___vre",17.6500615791896,15,59095.3892524283,NA,3949897.88498253,3206.71499796083
887,2017,"16874982","___p_re",8.35520433341295,12,NA,NA,NA,3038.92935389987
887,2018,"08700114","__u_vre",78.8053437978823,14,NA,NA,716420.871385229,244072.183458078
887,2019,"11370588","_k__vre",3210.40500102608,18,NA,-31978.807257325,461786.507498299,520207.371363657
888,2013,"07185253","__u_vre",202.204347600905,12,NA,NA,79690.2343306119,16940.1685402564
888,2014,"04443587","g____re",418.863506165559,12,262199.106054068,NA,NA,11572.4028793875
888,2015,"05547258","g_u_vr_",911.730295457427,15,47086.1820707923,NA,44496.5874794166,NA
888,2016,"12887090","g____re",2342.83769524243,15,69600.7362563913,NA,NA,31265.5493030056
888,2017,"14959220","_____re",797.756035726531,11,NA,NA,NA,230753.82036818
888,2018,"08857524","g____re",98.9633663570457,4,-27068.3567233632,NA,NA,35884.7776435027
888,2019,"07705940","_____r_",4.80973379418936,24,NA,NA,NA,NA
889,2013,"04626990","_ku__r_",1129.47016558058,7,NA,125831.799377508,NA,NA
889,2014,"02095106","____vr_",610.89176625429,10,NA,NA,105659.254181213,NA
889,2015,"14309616","g___vre",186.010680094908,13,-58814.6408232232,NA,26982.9065105549,83151.5448776316
889,2016,"14914402","g_u_vr_",1886.0147921307,16,-12162.1215187247,NA,131096.589185395,NA
889,2017,"09135559","____vre",774.230683378614,22,NA,NA,1589660.23177399,401145.019520572
889,2018,"04824925","_____re",183.348159551189,13,NA,NA,NA,13608.1880740277
889,2019,"04498462","__upvr_",1332.39251922829,15,NA,NA,74849.0432829436,NA
890,2013,"05610837","g___vre",51.4740913847973,10,160267.533399814,NA,441941.790705983,6359.50072800569
890,2014,"04938161","__u_vre",672.409420387084,18,NA,NA,23300.6833816919,365458.155194026
890,2015,"15492939","____vr_",76.5245554429004,15,NA,NA,112214.779461831,NA
890,2016,"07537992","g___vr_",131.159159193601,10,38529.4301556448,NA,5021.210118384,NA
890,2017,"09798701","g____r_",202.131416204028,22,87611.4754098213,NA,NA,NA
890,2018,"09046015","_k__vre",52.6757296097762,9,NA,-171022.358206721,601856.915473733,2562.11256426089
890,2019,"04577928","gku__re",42.4021721849632,15,-67832.9593428342,-136140.814639183,NA,19610.92519116
891,2013,"07673932","__u__re",30.4320637434461,18,NA,NA,NA,2230409.5831175
891,2014,"04822047","_k___r_",2800.81849644987,16,NA,42333.0184178689,NA,NA
891,2015,"05599890","____vr_",16.4863810792639,12,NA,NA,343626.51843542,NA
891,2016,"05232645","g___vr_",3909.25724103103,21,49760.9950053888,NA,230029.776434562,NA
891,2017,"08667094","_kup_r_",113.519078916562,14,NA,83131.6364536007,NA,NA
891,2018,"09306861","g_u_vr_",14.9239429887582,26,402380.756039414,NA,58293.4750302029,NA
891,2019,"04103876","_k___re",159.46167088587,11,NA,89880.4694385125,NA,11550.6015526256
892,2013,"09818301","_k__vr_",157.824856818093,15,NA,-50248.0361218239,187728.340473296,NA
892,2014,"01885488","g___vr_",160.594044030418,11,32191.2327371551,NA,591367.216591466,NA
892,2015,"02100651","____vre",156.978023892693,15,NA,NA,172604.727637695,33125.539980249
892,2016,"05958471","g___vr_",19.8486327311769,12,-56385.6398897536,NA,192143.645201461,NA
892,2017,"06525854","___pvr_",846.01340022185,17,NA,NA,33151.6312113485,NA
892,2018,"05318982","__u_vr_",29.1086256281855,10,NA,NA,90123.969836092,NA
892,2019,"05663656","____vre",2698.83630836509,12,NA,NA,92497.6712159554,60565.4878754238
893,2013,"04944321","____vr_",29.0007185447454,19,NA,NA,360515.868418078,NA
893,2014,"07835974","g_u__r_",6654.78994849544,18,95578.593866019,NA,NA,NA
893,2015,"04747857","____vr_",22.7246288338201,15,NA,NA,62793.6623379336,NA
893,2016,"05879477","_____r_",97.1144934810452,12,NA,NA,NA,NA
893,2017,"14417012","g_upvre",35.6160907314231,11,109367.821719592,NA,944858.052623747,83737.8124798389
893,2018,"08880396","__u__r_",113.36354535379,20,NA,NA,NA,NA
893,2019,"05484943","__u_vr_",281.526913705518,13,NA,NA,446998.737152608,NA
894,2013,"11263873","gk_pvre",192.962175708065,19,210489.418293455,-85624.2489105111,226046.20246821,24970.4504155329
894,2014,"05120378","g___vre",170.304443497241,20,182932.997747987,NA,147576.841187703,38951.5464728328
894,2015,"07555707","____vr_",384.318930260872,20,NA,NA,280222.967133941,NA
894,2016,"07881896","g_u_vre",2.73506793913757,19,142862.202805005,NA,437240.059919971,548714.442409702
894,2017,"09974497","g____r_",745.485601918394,20,70487.5401060195,NA,NA,NA
894,2018,"04054719","__u__r_",31.3202028826243,19,NA,NA,NA,NA
894,2019,"03242516","g____r_",3.1088010493191,13,-83487.4651283203,NA,NA,NA
895,2013,"07037116","_ku_vre",2396.66089429205,13,NA,41097.5511640057,309449.803319838,133218.893307855
895,2014,"04611924","____vre",19839.6204374454,20,NA,NA,29790.66230956,48100.9315465761
895,2015,"05099740","g__pvre",26.1704780979268,8,97365.1424230497,NA,45301.6308921503,32397.8593855652
895,2016,"07109542","g___vre",3.80951650724557,10,93419.5875393197,NA,612506.229313599,16605.5204853788
895,2017,"05489093","____vre",2.19919877862469,20,NA,NA,9700.64841966735,241739.407507598
895,2018,"05679903","____vr_",35.9105025616157,14,NA,NA,5054.26751094762,NA
895,2019,"05514886","___p_re",498.032712763744,14,NA,NA,NA,93958.1590610133
896,2013,"05110629","_k__vre",79.3432436367076,12,NA,-97918.3537710212,33826.074901492,33878.2847113896
896,2014,"05561991","g___vre",2388.42971613675,15,103436.829381722,NA,614846.300945026,88294.1651219103
896,2015,"05707004","__u_vre",109.147094824778,10,NA,NA,539303.017975953,53363.5931647646
896,2016,"09080923","__u_vr_",1506.20758315556,8,NA,NA,116769.529536857,NA
896,2017,"02598177","__upvre",3824.36506229247,18,NA,NA,841335.227393726,64758.3365582807
896,2018,"04627955","g___vre",703.278683757432,13,-5687.14143761456,NA,16002.3764022001,361822.136957601
896,2019,"05276053","g___vre",338.749898728207,17,66371.2235740948,NA,222599.592702809,110150.166098511
897,2013,"04263743","gk__vr_",35.7414021246806,22,4716.13426378751,47504.6092845402,260166.224574707,NA
897,2014,"15360050","__upvre",1007.60217852169,13,NA,NA,15329.5683503747,1080272.93119931
897,2015,"16522276","___pvr_",106.447447447874,14,NA,NA,8935.19688151201,NA
897,2016,"14010125","_k__vre",40.1332563702433,16,NA,41795.1758098703,19142.0999834945,67046.0404035785
897,2017,"14415149","g____re",424.945715869998,14,16422.9751192173,NA,NA,567986.994058072
897,2018,"08895294","__u__re",83.0166241730703,23,NA,NA,NA,97465.31448442
897,2019,"04717481","_____re",883.913362454615,13,NA,NA,NA,40350.412494963
898,2013,"07429021","_ku__r_",1168.60673161229,18,NA,19398.6999846178,NA,NA
898,2014,"12806121","____vre",1.30881280353142,12,NA,NA,787497.204312412,52771.0826884445
898,2015,"08204234","_____re",141.64963777897,22,NA,NA,NA,32021.0965324578
898,2016,"04189218","g____r_",439.517532602539,17,64425.8295007528,NA,NA,NA
898,2017,"14033803","____vr_",71.411890830206,18,NA,NA,611506.705457442,NA
898,2018,"04472834","__u__r_",6.14836319646368,12,NA,NA,NA,NA
898,2019,"09270602","__u__re",2186.33215398575,17,NA,NA,NA,164924.182962949
899,2013,"08226820","_____re",281.700493352795,12,NA,NA,NA,1075895.52199106
899,2014,"05136433","g_upvre",105.320789540039,17,-103112.666074776,NA,69356.653572157,68291.4618533385
899,2015,"08762959","__upvre",257.08152652642,6,NA,NA,241093.937255222,13468.8317836107
899,2016,"07851109","g__p_r_",25.6844435088856,17,35605.2501902336,NA,NA,NA
899,2017,"07355668","gk__vr_",26.1559829852443,11,-4509.94450889931,56563.8577205277,124430.407622172,NA
899,2018,"12763936","_k___r_",74.4105174795213,16,NA,135826.227205442,NA,NA
899,2019,"07618197","____vre",365.591549103943,15,NA,NA,210094.129279012,70095.9801549815
900,2013,"08202842","_____r_",323.955378100631,14,NA,NA,NA,NA
900,2014,"09812305","g_u__r_",333.748753477451,24,79018.8732827809,NA,NA,NA
900,2015,"08058254","___pvre",167.257460587881,9,NA,NA,450516.918712144,67710.1378281414
900,2016,"10233280","____vr_",397.742788479099,20,NA,NA,57502.7523979663,NA
900,2017,"04531079","_____re",445.102623806988,21,NA,NA,NA,90208.6028665858
900,2018,"04192119","_ku__re",11725.7902562562,15,NA,166186.006973807,NA,594673.42450476
900,2019,"02801171","____vre",1295.16121042921,14,NA,NA,136792.906519246,3423.26056480042
901,2013,"02905896","__u_vr_",24.6681071985491,18,NA,NA,57537.4747569088,NA
901,2014,"05945934","____vre",941.647036469761,19,NA,NA,85604.0176455006,29808.7653288968
901,2015,"05465126","____vr_",2060.78278245991,17,NA,NA,557116.900252375,NA
901,2016,"04677355","g___vr_",96.8051676784038,17,58981.1229825791,NA,146898.534644958,NA
901,2017,"13879444","g___vr_",288.971118163419,19,-49212.3743966332,NA,38169.7267549593,NA
901,2018,"02797271","__u_vr_",2680.10893409696,16,NA,NA,152693.331044715,NA
901,2019,"12727528","__u_vre",165.12644639394,15,NA,NA,189164.351160099,475970.71260684
902,2013,"05719038","g__pvr_",125.611718176383,16,-28824.4471307873,NA,18781.1452150433,NA
902,2014,"04777375","____vre",104.098480151001,10,NA,NA,200502.313590184,69108.3983022571
902,2015,"12702448","g____re",35.7937031356198,9,-71014.9942198111,NA,NA,199816.528621744
902,2016,"05243461","____vr_",84.4784358975824,18,NA,NA,20290.7712753374,NA
902,2017,"13409612","____vr_",185.434300498628,12,NA,NA,1085576.704274,NA
902,2018,"04571140","___pvr_",1820.26954703861,11,NA,NA,189173.483498157,NA
902,2019,"05761751","__u__re",18889.1906298863,8,NA,NA,NA,18702.6594339286
903,2013,"04465324","g_u_vr_",526.680570367373,15,-70574.5563917133,NA,729459.550891982,NA
903,2014,"08294053","____vre",538.678770075224,10,NA,NA,780143.208539197,310322.718601997
903,2015,"02866232","g_u__re",61.5249187837257,14,196606.426087892,NA,NA,44714.0967996338
903,2016,"02602559","g_upvr_",37.966415211123,21,76837.2484640847,NA,25153.9912607726,NA
903,2017,"09751558","g___vr_",645.885920309896,17,43930.8808489576,NA,93255.6769726005,NA
903,2018,"08256532","__u_vr_",8.75980285045766,17,NA,NA,2897269.90017429,NA
903,2019,"05551165","_k__vr_",9.7003299582147,18,NA,-137916.192823977,115416.932165501,NA
904,2013,"01642792","____vre",86.9774050157742,17,NA,NA,568573.216231676,38257.1930952959
904,2014,"08245157","g___vr_",38.8256301762235,16,-46993.6916888369,NA,137765.495157901,NA
904,2015,"05061490","g_u_vr_",231.737293198734,16,-27891.8704622073,NA,29719.6021937178,NA
904,2016,"05567121","g____re",1035.65635064457,10,49216.337066251,NA,NA,10902.4629020151
904,2017,"03778602","__u__re",9.24660373636321,21,NA,NA,NA,115182.680623186
904,2018,"05508014","__up_r_",39.2045529402997,22,NA,NA,NA,NA
904,2019,"05765194","g___vre",190.284029166492,19,22371.7761904382,NA,127281.396843457,22545.8922219938
905,2013,"10901399","_____r_",32.2261640973324,15,NA,NA,NA,NA
905,2014,"04138629","____vre",275.5907806184,11,NA,NA,152052.037114079,1263349.6614417
905,2015,"14506623","____vr_",50.0369952973581,15,NA,NA,79243.6801720118,NA
905,2016,"05392680","__u_vr_",165.456333515595,21,NA,NA,71977.8031097432,NA
905,2017,"04350645","g_u__r_",253.35116295333,17,-23095.8508720641,NA,NA,NA
905,2018,"14574214","__u_vr_",402.21949355744,14,NA,NA,45130.0341948041,NA
905,2019,"11055689","__u_vre",19.2402062933039,9,NA,NA,371019.771552789,15756.3634763161
906,2013,"15293098","__u_vre",64502.3555695203,15,NA,NA,144342.673745152,38172.3529106591
906,2014,"04593112","g___vre",97.2743798666241,15,71397.2138754335,NA,921061.230930712,198971.93873784
906,2015,"06902483","__u_vr_",207.006713881507,8,NA,NA,68753.6204393154,NA
906,2016,"05837655","_kup_re",37888.3866478662,21,NA,-47448.1794226441,NA,67869.6711912534
906,2017,"05507897","___pvre",540.986930893129,19,NA,NA,27669.0103478674,322564.402285749
906,2018,"12071042","_ku_vre",198.835614382494,9,NA,104242.831679798,82348.1010335816,1402.53553861839
906,2019,"13277600","____vr_",76.7905650751859,14,NA,NA,173056.02045169,NA
907,2013,"04928246","g_u_vre",116.813278244555,6,92992.4798702442,NA,758054.228375162,36197.9653210397
907,2014,"09480754","____vre",91.4284366832741,17,NA,NA,165590.476754078,143788.961257032
907,2015,"08713001","_____re",2095.26950742331,23,NA,NA,NA,241839.457627058
907,2016,"04241396","____vre",205.322698892314,20,NA,NA,796724.562505834,550185.093577168
907,2017,"05366599","____vr_",15.0952895132484,16,NA,NA,385628.36637331,NA
907,2018,"12286804","__upvr_",883.82987145307,18,NA,NA,241796.265214771,NA
907,2019,"05435327","g___vr_",344.020337154373,13,41479.238412767,NA,1265548.88177696,NA
908,2013,"16027805","g___vre",416.031455131365,14,44855.9286363971,NA,30548.6486476868,20348.2693419302
908,2014,"09794489","g____r_",116.344972932618,17,26519.2281842026,NA,NA,NA
908,2015,"05559097","__u__r_",14.6063047775655,17,NA,NA,NA,NA
908,2016,"05855511","_____re",281.789655474103,17,NA,NA,NA,30113.0844916825
908,2017,"05319759","____vre",83.6536437368761,21,NA,NA,399949.933538757,64856.1649994413
908,2018,"04403214","____vr_",239.932639263268,14,NA,NA,175985.086037692,NA
908,2019,"08277920","g_upvre",93.120888583572,6,20995.9231352157,NA,2331038.44590376,25075.6872732143
909,2013,"01199974","g_u_vr_",387.559686250338,13,-40416.439039097,NA,103430.002417586,NA
909,2014,"09984073","_____re",221.62025338994,11,NA,NA,NA,11668.2924951396
909,2015,"05820590","__up_re",191.680395077438,19,NA,NA,NA,22183.1838391629
909,2016,"04851382","g___vre",53.3215287573214,24,27479.2231134629,NA,38350.3827413321,26150.290069188
909,2017,"05600811","__u_vr_",34.7580924266762,23,NA,NA,18155.0228527363,NA
909,2018,"04370177","_k__vr_",878.481761214823,16,NA,62730.3012015926,363146.868915266,NA
909,2019,"02278221","g___vre",18.7022137794224,20,-77149.6731527756,NA,210586.903634598,20201.3958753271
910,2013,"15399517","g_u_vre",149.440559127052,14,217084.686516629,NA,587546.846709558,118564.518226287
910,2014,"07317910","__u__re",1057.80889339734,18,NA,NA,NA,77006.0933359087
910,2015,"06710935","gk__vr_",526.974861960337,18,11053.1513657266,187409.804532982,59271.9785834686,NA
910,2016,"05997601","g_u_vr_",38.8883886598588,13,33267.5199276256,NA,177917.701949282,NA
910,2017,"07742791","____vre",250.890526683671,20,NA,NA,143732.112266827,20569.3437427845
910,2018,"07817745","g_u_vr_",23.425348692891,12,3997.3641424157,NA,1107580.99002939,NA
910,2019,"16566355","_ku_vre",1124.16017863575,11,NA,24887.8958778793,10952.4003861392,219340.529810528
911,2013,"07247999","___pvr_",20.2983039684083,14,NA,NA,113848.941536048,NA
911,2014,"04774797","____vr_",230.093361602133,13,NA,NA,273818.673630415,NA
911,2015,"04887037","g___vr_",19.6929604283893,15,-105150.929167651,NA,247277.828837878,NA
911,2016,"04272355","____vr_",3214.00071013972,18,NA,NA,1725068.73887465,NA
911,2017,"04111423","g___vre",1891.86001679255,14,168650.862175996,NA,706610.016095393,8917.30321236424
911,2018,"01975827","gk__vre",87.2644807885212,11,-32314.6755649403,301558.803885071,289434.637667927,16103.0868726756
911,2019,"07070495","g___vre",1002.08617329985,13,-29793.9513785074,NA,296176.304550948,28880.9050479797
912,2013,"08925508","gku__r_",155.811624732309,17,-84970.0005650241,336325.177645835,NA,NA
912,2014,"12576867","__u_vr_",29.7655988552407,15,NA,NA,1582217.66374749,NA
912,2015,"07355523","g___vr_",38.3516721259616,18,-87628.9725293787,NA,74680.8064502976,NA
912,2016,"05277374","__u_vr_",184.636913328742,19,NA,NA,62730.9118161628,NA
912,2017,"05712225","g__pvr_",41.5263688323721,17,61710.3903933328,NA,58275.5365587753,NA
912,2018,"01864530","____vre",207.247749079024,11,NA,NA,83213.3393729126,160222.644943216
912,2019,"08912706","__u_vre",37.059550894141,16,NA,NA,69035.2131874567,191584.793277127
913,2013,"05104006","g___vre",3.52502170954075,22,76106.4446405005,NA,901223.64382944,14869.1951126611
913,2014,"04776054","g_u_vre",731.779245913744,16,26490.5283835334,NA,281277.835124332,1218001.20635194
913,2015,"13991665","__u_vr_",224.416119675065,17,NA,NA,2329954.38136262,NA
913,2016,"05829552","____vr_",1000.34648457327,12,NA,NA,2920102.4700794,NA
913,2017,"01638886","____vr_",83.8946127175229,12,NA,NA,353586.913665129,NA
913,2018,"06345216","__u_vr_",74.5617674469884,9,NA,NA,192583.873274709,NA
913,2019,"04228144","____vr_",30.6597442732167,12,NA,NA,77351.1927741175,NA
914,2013,"05505092","_____r_",3.16928133753724,17,NA,NA,NA,NA
914,2014,"07772295","_ku__re",95.9213287647885,10,NA,81647.5121041109,NA,217505.447105711
914,2015,"04401952","____vr_",463.491242329594,20,NA,NA,752219.491751486,NA
914,2016,"05082340","___pvr_",98.1740017935174,12,NA,NA,926904.439279892,NA
914,2017,"05373137","_k__vre",59.7654852113769,15,NA,97462.9749654578,393152.363664857,2331.6878633082
914,2018,"05787859","g__p_r_",741.986140162022,15,40746.9133684693,NA,NA,NA
914,2019,"05182481","____vre",16.7549288704779,14,NA,NA,214758.095981428,215927.077192684
915,2013,"08165285","__u_vr_",208.68511057897,8,NA,NA,159601.633461955,NA
915,2014,"04640762","g_u__r_",19.2334413424371,19,-2075.3399724602,NA,NA,NA
915,2015,"05366250","g_u_vr_",596.387005841348,12,45027.1865684453,NA,29461.4031446028,NA
915,2016,"10633108","g_u_vr_",313.734576902964,16,48542.7164799356,NA,64755.0604162197,NA
915,2017,"14042531","_____re",552.180257810469,10,NA,NA,NA,414247.784258532
915,2018,"04573565","__u_vre",46.0893471560109,9,NA,NA,234607.797629295,127938.440755665
915,2019,"12776656","____vr_",1.11911983665511,13,NA,NA,4814.26324944328,NA
916,2013,"15957253","g___vre",18.4661530803622,13,16950.667000447,NA,136136.314274566,39686.1569434061
916,2014,"08066067","____vre",22.4129803969698,15,NA,NA,621261.828742385,108796.155073892
916,2015,"06278749","gk___re",296.35668396258,14,18272.8427935101,138516.40813097,NA,389576.70681794
916,2016,"04389619","__u_vre",4133.67353725514,21,NA,NA,137946.251985031,663225.683094771
916,2017,"04182332","_ku_vr_",88.8381857674764,15,NA,-12478.8169800505,135510.548144845,NA
916,2018,"14304852","_k___r_",145.440400843807,14,NA,156967.423392875,NA,NA
916,2019,"07197596","___p_r_",29.110196089894,23,NA,NA,NA,NA
917,2013,"07030454","____vre",905.422827123385,11,NA,NA,928943.070303136,12914.316227629
917,2014,"04265470","_____r_",1713.79764530069,7,NA,NA,NA,NA
917,2015,"06448181","g____re",14.188743776665,14,-68257.8780244637,NA,NA,391495.957267558
917,2016,"16332091","__u__re",496.467350772926,11,NA,NA,NA,45392.7039522838
917,2017,"09530301","g____re",36.115335610941,14,-38054.5803742259,NA,NA,49605.3488082857
917,2018,"07269437","g_up_re",10.5237096145277,10,66098.0726174664,NA,NA,30231.2924876908
917,2019,"06636029","g_u_vre",38.1387206741738,17,106447.685646944,NA,206300.409550883,10226.7727098773
918,2013,"05656964","g____r_",13.2191071994114,14,11433.8644550851,NA,NA,NA
918,2014,"04745785","__u_vre",68.6202549068086,16,NA,NA,33848.3419948917,281608.701637789
918,2015,"07897256","g_u_vre",375.412377159588,19,39252.7865609675,NA,12039.3442033432,31219.0822309631
918,2016,"15368865","___pvr_",403.562581283229,14,NA,NA,98229.0258953211,NA
918,2017,"09056486","_____re",107.376543097783,14,NA,NA,NA,43149.3706731658
918,2018,"10153582","g___vr_",416.152773298794,17,-56588.9915416283,NA,38637.02966366,NA
918,2019,"05017501","____vr_",44.0663481896646,13,NA,NA,41370.0504101758,NA
919,2013,"14887048","g___vre",2824.27554027089,10,146707.261527624,NA,34203.8954673353,60005.0659618499
919,2014,"14746346","____vre",838.558213630392,9,NA,NA,75089.733449939,73592.985656109
919,2015,"06767489","__u_vr_",117.418801317925,13,NA,NA,117964.225696754,NA
919,2016,"16552547","_____re",1100.1769051035,13,NA,NA,NA,14688.3981691341
919,2017,"15340789","g___vre",2169.15115809475,17,57004.0174264411,NA,70269.7410758233,100263.690053795
919,2018,"04826953","gku_vre",68.9984409448595,14,53219.0775223845,-10440.2641746746,667768.134676353,167395.580249529
919,2019,"16916665","____vre",228.766043689534,16,NA,NA,138381.707235188,126499.676734722
920,2013,"07679921","g___vr_",16.7705286494564,13,32557.1431926215,NA,113247.453774745,NA
920,2014,"11654187","_k__vr_",51.5244982763539,14,NA,-113766.475691808,466231.501416041,NA
920,2015,"05801191","__u_vr_",596.531392024794,18,NA,NA,2166227.73274458,NA
920,2016,"04980158","g____re",93.3927547630713,8,20853.1192440299,NA,NA,229482.485376533
920,2017,"04237166","g__pvre",951.282668576851,11,55220.9322426822,NA,104358.584952804,416068.46775983
920,2018,"01746546","____vre",58.9760730065198,15,NA,NA,95659.5549572816,36456.1532951183
920,2019,"16405100","g_upvr_",185.849564989654,20,156334.124685384,NA,161170.451326557,NA
921,2013,"15090478","g__pvr_",587.426719971378,20,-35161.1457894519,NA,185039.924299537,NA
921,2014,"07800779","____vr_",31.0175482558688,17,NA,NA,329665.272928133,NA
921,2015,"05239212","____vr_",1157.08924944502,19,NA,NA,67200.2959547067,NA
921,2016,"07293456","____vr_",15881.2094656228,14,NA,NA,42432.4638109091,NA
921,2017,"15055164","___pvre",132.3138713503,16,NA,NA,670638.139465048,39349.2810163412
921,2018,"05951606","g_upvr_",383.023956054016,19,130958.57210439,NA,122043.906250293,NA
921,2019,"05061461","g__p_re",1861.45471027098,29,-170620.912336169,NA,NA,72223.2494841297
922,2013,"01771066","__u__re",182.120156695334,13,NA,NA,NA,726251.554355692
922,2014,"05349121","g__p_r_",3.32947940524116,11,121430.640863681,NA,NA,NA
922,2015,"07335287","____vr_",14.7016566492663,15,NA,NA,341685.743490088,NA
922,2016,"07292936","_____r_",106.023121250497,14,NA,NA,NA,NA
922,2017,"07370045","g___vr_",795.824159373814,13,195785.088993099,NA,200271.087866898,NA
922,2018,"05192131","__u_vr_",153.477164937701,10,NA,NA,433594.910186653,NA
922,2019,"05966840","g_u__re",199.586499183379,18,11627.1407930303,NA,NA,410814.598253621
923,2013,"04613401","_k___r_",20.094291114773,11,NA,255861.325304493,NA,NA
923,2014,"05813339","g___vr_",174.164307554417,17,98573.6143819708,NA,75502.1371380323,NA
923,2015,"12041537","g__pvr_",2098.72682289918,11,46552.0940497407,NA,984766.491283339,NA
923,2016,"05587001","g_u_vre",145.724510614931,20,-58744.6884284664,NA,51983.4224079198,60356.55935417
923,2017,"08247327","g__pvr_",47.9201323491857,11,158581.467695325,NA,7239.63000798277,NA
923,2018,"04114802","____vre",297.414428348168,16,NA,NA,84819.0192286887,84945.3921962576
923,2019,"11247888","g__pvr_",552.136052969019,21,76096.4588714672,NA,176140.584648323,NA
924,2013,"05948551","g___vre",281.914942184496,12,145292.312251507,NA,73202.2410191405,17961.1460704902
924,2014,"08604316","____vr_",22.985919768739,14,NA,NA,112129.043664813,NA
924,2015,"07827822","___pvre",3509.64781568871,14,NA,NA,89361.2281507592,229221.182337366
924,2016,"05573955","__u_vre",93.7079732352304,18,NA,NA,672618.214552442,195889.261856165
924,2017,"04571759","____vre",44.2705863442385,18,NA,NA,263144.167545022,524671.099541931
924,2018,"05130722","____vre",68.6905671630186,14,NA,NA,10451.2502094078,270707.119539839
924,2019,"12345063","__u__r_",20.7258936762224,11,NA,NA,NA,NA
925,2013,"08884384","____vr_",416.766084047854,15,NA,NA,176266.083388289,NA
925,2014,"07998021","____vre",4846.34157393726,13,NA,NA,737364.197876236,40365.5025082845
925,2015,"04623340","g___vr_",5.25217182349815,19,1514.55258987925,NA,182940.453183946,NA
925,2016,"09584673","____vre",23.8740580445895,14,NA,NA,42905.8351743605,18386.6371489216
925,2017,"12647872","g___vre",58.3543556876334,16,-66049.7998595759,NA,6697.17436099379,103458.237482764
925,2018,"05089777","__u_vre",3142.48773940768,15,NA,NA,534883.520191985,3321.41438142993
925,2019,"08330797","_k__vre",23.649941639039,12,NA,-91706.0300732017,153627.091723706,285979.088897679
926,2013,"08235535","_ku_vre",936.989958767664,18,NA,30223.9229744877,525374.45453487,8245.70306384137
926,2014,"05643725","g___vr_",82.198350910221,16,112569.646086945,NA,3656810.87579587,NA
926,2015,"09786943","_____r_",1062.85683615253,15,NA,NA,NA,NA
926,2016,"04205105","___p_re",42.3495198523424,16,NA,NA,NA,33760.3583256888
926,2017,"09619737","__u_vr_",5.71438544316509,16,NA,NA,76295.8933889022,NA
926,2018,"10734538","_____r_",861.070696909978,11,NA,NA,NA,NA
926,2019,"07445063","g____re",435.995461799236,10,138821.056274268,NA,NA,516144.558115158
927,2013,"05592286","g___vre",23.5600530097318,19,100897.775157831,NA,2141250.16771254,6724.59382057097
927,2014,"05641582","_____r_",305.187062107382,19,NA,NA,NA,NA
927,2015,"05345182","____vre",1266.49603712839,22,NA,NA,240121.836279559,37314.2903910183
927,2016,"07623479","gk__vre",1.33699555538129,11,-24895.814832972,-55787.847452272,620732.484158903,16377.8092487378
927,2017,"14099011","___pvr_",1192.25296313051,11,NA,NA,103755.961756299,NA
927,2018,"05019041","g_u_vr_",14.7175724929008,8,138710.549679399,NA,614128.964100754,NA
927,2019,"08049130","_k__vr_",260.989167985943,14,NA,58778.7054064729,128447.766151882,NA
928,2013,"04608896","g___vr_",15282.5693960206,15,-31078.3602783887,NA,1372294.92723315,NA
928,2014,"04549514","g_u_vre",36.5387476231854,12,-49424.7078341499,NA,409450.592572362,40206.7849896793
928,2015,"08062974","g____re",32.2066006999269,19,221555.978486212,NA,NA,26391.1271490371
928,2016,"07345151","__u_vre",44.1857663027189,15,NA,NA,22087.0720187672,1760.1580366579
928,2017,"12283048","__u__r_",4.97639212034065,15,NA,NA,NA,NA
928,2018,"08058031","_k__vre",49.679741582703,22,NA,276071.85898712,1426864.21118999,16723.1723090882
928,2019,"09407551","__u__re",34.3415258643758,14,NA,NA,NA,175577.020805205
929,2013,"04047125","_ku_vre",180.946767943134,22,NA,72873.5546793957,1138330.97361636,213482.201170303
929,2014,"04527895","_k__vr_",157.786929045324,13,NA,-20143.9766283251,995458.715441367,NA
929,2015,"09526247","_____r_",317.039919675318,10,NA,NA,NA,NA
929,2016,"09916563","gk__vre",0.564579491548846,13,9454.72785268317,75566.2392149034,101300.753973104,80751.7125556421
929,2017,"04757689","____vr_",131.682276920565,12,NA,NA,498386.937505186,NA
929,2018,"15532882","g___vre",3974.8163870131,24,-87621.0910657075,NA,488801.799492108,9129.37630591202
929,2019,"04509985","__u__r_",18.4737942169026,18,NA,NA,NA,NA
930,2013,"04216426","____vre",5593.72255269646,18,NA,NA,165775.907969312,47274.5529772938
930,2014,"01353980","g_upvr_",81.1768786899338,22,24045.1356328149,NA,887619.031115587,NA
930,2015,"07639383","____vre",4129.34197317015,5,NA,NA,404646.673669213,251991.019379019
930,2016,"04320351","g_u_vre",91.6245865298471,21,77706.0570818037,NA,29294.0918795562,1947.85146808693
930,2017,"08013955","_____re",399.088806328399,11,NA,NA,NA,2349887.92829539
930,2018,"05476351","__u__r_",9.0753981836203,19,NA,NA,NA,NA
930,2019,"04739872","g_u_vr_",7.05829532498127,15,15104.0640234642,NA,118863.337231367,NA
931,2013,"07377480","____vr_",62.6708981622992,23,NA,NA,853466.442337701,NA
931,2014,"04900717","____vre",734.092116182611,10,NA,NA,364112.022511244,56211.5645049883
931,2015,"05038910","g_u_vr_",645.710962784199,16,-41372.6518559143,NA,692517.906247873,NA
931,2016,"10098010","g_up_re",121.935582504748,10,70025.0948440507,NA,NA,17975.4932190456
931,2017,"04449038","g___vre",718.170819258072,15,44468.7778297462,NA,283099.163452131,34284.580712992
931,2018,"16998418","____vre",1279.7695877224,20,NA,NA,115166.666644953,3457.0739874605
931,2019,"04145262","____vre",45.663827757678,17,NA,NA,401756.613807878,611937.897561423
932,2013,"04481015","____vre",243.855202134082,16,NA,NA,1189296.27863964,397890.579043343
932,2014,"03636578","gku_vr_",22.0842622172994,11,77636.1416750897,167587.563146421,53335.5375481291,NA
932,2015,"15055653","gk__vre",7.21196769869903,9,65579.5590514775,87982.418765789,35230.6683656465,94460.8647267303
932,2016,"09209228","_____r_",56.8858896628711,15,NA,NA,NA,NA
932,2017,"05647988","__u_vr_",5100.60848328022,11,NA,NA,13641.193906854,NA
932,2018,"09161004","__u_vre",35.5255325386456,14,NA,NA,302654.426686967,468753.975310576
932,2019,"05489102","____vre",80.4091784630136,16,NA,NA,90297.2076624751,9088.15959968436
933,2013,"08887317","g___vr_",2242.97755423534,15,175529.086060791,NA,130522.565960932,NA
933,2014,"08677870","__u_vre",153.922348390763,16,NA,NA,32153.9749989897,31824.2419598834
933,2015,"04747597","__u_vr_",194.223018403158,16,NA,NA,3760232.92646278,NA
933,2016,"07506743","g__pvr_",6663.15480072885,12,18306.789169151,NA,11208.5119365246,NA
933,2017,"05554711","__u__re",208.141495921757,15,NA,NA,NA,48997.1829533795
933,2018,"08696601","____vre",3.59100847880925,11,NA,NA,399270.405184624,400402.974873354
933,2019,"06221519","gk___re",119.942647278482,23,164914.865019021,44455.2141158422,NA,16185.6923168784
934,2013,"04276370","_____re",2410.89355342328,20,NA,NA,NA,5845.76344718291
934,2014,"04091031","__u_vre",141.230134567547,15,NA,NA,279163.92677575,414768.580802284
934,2015,"05866172","____vre",72.4226682804176,19,NA,NA,2251508.90817846,78657.6320852443
934,2016,"05845847","_ku_vr_",43.0928303421413,11,NA,176738.017332538,28530.0264511741,NA
934,2017,"09620751","g____r_",249.906054353966,18,-24180.4353789579,NA,NA,NA
934,2018,"04170673","____vr_",227.305795415622,21,NA,NA,521320.553271519,NA
934,2019,"07719737","____vr_",27.5499399503986,17,NA,NA,45983.0010397328,NA
935,2013,"16608529","__u__r_",4661.58161948853,15,NA,NA,NA,NA
935,2014,"15385225","g___vre",127.194984558834,19,84382.2169591159,NA,58865.0344632827,51627.3169265473
935,2015,"01452390","g___vr_",103.500572209964,17,206900.661704352,NA,61705.4058341782,NA
935,2016,"11541807","____vr_",153125.489710554,22,NA,NA,138929.370775097,NA
935,2017,"11839320","g___vr_",1585.24189900823,20,54615.4460864328,NA,1742703.9835427,NA
935,2018,"04506384","__u__re",745.490450064733,12,NA,NA,NA,13040.6194038368
935,2019,"08061245","g____r_",105.036174200106,16,-10849.2734134684,NA,NA,NA
936,2013,"11802709","____vre",26.2889548133824,6,NA,NA,174221.539695503,3986.14248961856
936,2014,"07268230","__u_vr_",2720.32838510691,12,NA,NA,18842.4334561227,NA
936,2015,"02938781","g___vre",41.7842700101124,16,-76480.0042158257,NA,115684.856375016,55758.826827422
936,2016,"07228933","_____r_",99.5104514578783,9,NA,NA,NA,NA
936,2017,"05658112","____vre",29.6393614547567,23,NA,NA,21265.6300348358,193401.459409346
936,2018,"05768270","_____r_",1793.4310020508,20,NA,NA,NA,NA
936,2019,"12835981","____vre",61.7105314479154,12,NA,NA,543674.276665169,59619.346713282
937,2013,"08874464","____vr_",1575.42667685203,11,NA,NA,657921.504302878,NA
937,2014,"05973824","_k__vre",54.8565784512663,28,NA,74885.3464273672,70578.4875861896,50947.1716052434
937,2015,"04700576","g____re",500.264608248103,18,150857.595359276,NA,NA,10060.4535999834
937,2016,"09566265","__u_vr_",1270.18041107214,17,NA,NA,80347.5059495458,NA
937,2017,"04514222","g__pvre",207.838894313376,12,189399.503385259,NA,141264.030410205,31436.6448819616
937,2018,"04408748","__u_vre",13.6736469272166,17,NA,NA,179805.918634662,75234.7334152345
937,2019,"16791022","g____re",104.239024282682,16,105524.765634063,NA,NA,799084.776191543
938,2013,"07431616","_k__vr_",1218.73198053993,11,NA,8392.5182484597,456077.423835411,NA
938,2014,"15800157","_____re",12.5919722244121,14,NA,NA,NA,1015918.37035533
938,2015,"12997212","____vr_",161.362041701412,9,NA,NA,853004.83527167,NA
938,2016,"03090442","____vr_",21.1412588143567,15,NA,NA,248923.026544495,NA
938,2017,"07551988","g__pvr_",141.101826394095,15,1243.15396257447,NA,116030.413776553,NA
938,2018,"09512779","g___vre",85.4434195409252,16,-126277.116269027,NA,56340.5200070725,48679.246315145
938,2019,"05620925","___pvr_",91.888579363828,13,NA,NA,362524.806955058,NA
939,2013,"07695950","_k__vr_",48.2540547698679,14,NA,-193538.466477889,279967.642993033,NA
939,2014,"15491054","g___vr_",99.4867429976237,18,120021.512478109,NA,1173590.72689588,NA
939,2015,"05913131","__u_vr_",191.313197299188,20,NA,NA,231935.669422032,NA
939,2016,"05814863","__upvr_",68.6700125665737,19,NA,NA,142460.397382498,NA
939,2017,"07907757","__u_vre",86.2522790191206,10,NA,NA,363622.99044281,55095.8955370172
939,2018,"02109100","g____re",68.7409621630474,20,-37497.3489744105,NA,NA,326544.305978806
939,2019,"06524406","__u_vr_",92.4090166438508,12,NA,NA,201136.637880448,NA
940,2013,"01066754","__upvr_",39.289567542704,16,NA,NA,752586.062397292,NA
940,2014,"07441389","g____re",19.0488237719753,19,96049.0274938337,NA,NA,29330.5980114366
940,2015,"09243675","__u_vre",236.807775636425,19,NA,NA,64901.7766027517,54207.6293649681
940,2016,"06887677","__u__re",296.426630408223,9,NA,NA,NA,65866.4080046992
940,2017,"05156680","____vre",415.476165115595,8,NA,NA,787034.67039484,33790.9936224645
940,2018,"07452790","____vr_",224.402465481438,16,NA,NA,1874076.72810081,NA
940,2019,"05891630","g___vre",107.885538010965,18,-30446.3823709255,NA,264970.303170606,63290.3464346747
941,2013,"08605363","__u__r_",927.653674451744,14,NA,NA,NA,NA
941,2014,"05072056","__u_vr_",54.4827554964681,15,NA,NA,147301.085235065,NA
941,2015,"03417040","____vr_",727.18294845409,16,NA,NA,52640.500435674,NA
941,2016,"05432340","g___vre",201.843537265443,20,-50283.5525837217,NA,64092.3124851303,97006.7388963524
941,2017,"07862499","__u__re",2338.14547331326,14,NA,NA,NA,383616.512831787
941,2018,"05067924","_____r_",21.842059353697,12,NA,NA,NA,NA
941,2019,"05035957","_____re",43.1946126135089,13,NA,NA,NA,43985.7474244578
942,2013,"09500784","g___vr_",92.2900261158611,10,162572.633441238,NA,50535.1503332484,NA
942,2014,"04594197","____vr_",49.0486287563126,18,NA,NA,233523.031450729,NA
942,2015,"07912506","__u_vre",46405.1229296545,16,NA,NA,31088.8601310215,38295.9259694433
942,2016,"05204392","g___vre",10.7309558549888,16,-23650.2151953385,NA,188020.192925632,88638.5852459342
942,2017,"05673935","g_u__re",231.716535684007,19,203397.991370576,NA,NA,303227.993195769
942,2018,"08874173","_____r_",790.627788670146,16,NA,NA,NA,NA
942,2019,"16644069","g_u_vr_",1.2651152019392,11,118424.046759961,NA,69810.0280606364,NA
943,2013,"04950046","__u_vr_",1585.46034684659,23,NA,NA,29394.2914686305,NA
943,2014,"04542164","__u_vr_",651.086603202809,15,NA,NA,8527.05830964393,NA
943,2015,"09354732","____vre",21.3310335984397,21,NA,NA,221620.434594219,6277.7466555429
943,2016,"04522691","g___vr_",3134.23669274647,8,25922.6176323048,NA,6781.65182203119,NA
943,2017,"02123573","g_u_vr_",5.27570124087659,18,128636.22937972,NA,4098.55443954536,NA
943,2018,"04888160","____vre",59.8186047338864,17,NA,NA,171666.946228188,150663.935189796
943,2019,"05070733","g__pvr_",5058.86039717904,14,-98142.272610397,NA,122767.946195577,NA
944,2013,"05630554","__up_re",30.8683116899476,14,NA,NA,NA,323256.417370425
944,2014,"05550214","_ku_vr_",505.897526485694,14,NA,-146454.586355728,68626.9543994782,NA
944,2015,"13097973","g___vr_",3.12895423575858,10,-89334.6712162079,NA,185595.321202442,NA
944,2016,"07720623","_____re",356.739826474152,18,NA,NA,NA,186446.897247902
944,2017,"06117471","g___vr_",22.3957986151316,18,58407.6965160631,NA,58910.6527037116,NA
944,2018,"12625073","g___vr_",29876.1522253026,10,189425.927621392,NA,1084211.64762651,NA
944,2019,"05716507","__u__re",44.4171650771372,16,NA,NA,NA,172013.032504583
945,2013,"09492324","____vre",1225.55814555158,10,NA,NA,317793.421975253,26538.171855505
945,2014,"04140501","_____re",8.32086103090126,10,NA,NA,NA,224205.770795771
945,2015,"08852527","___pvr_",744.79868725706,14,NA,NA,294085.459456647,NA
945,2016,"05519527","__u_vr_",15.0247706958501,13,NA,NA,87155.1178836649,NA
945,2017,"02536567","g_u_vre",644.467825093109,11,8367.11339590303,NA,1736442.44784821,48559.1559455548
945,2018,"09505514","___p_re",688.676691459426,10,NA,NA,NA,31036.2248170769
945,2019,"07153563","__upvr_",8.55653463935791,21,NA,NA,499658.559083197,NA
946,2013,"08779732","g_upvr_",1046.76665867969,16,149357.764535939,NA,138904.496830448,NA
946,2014,"06868888","gku_vr_",23.7253706656682,15,-99095.0189072466,14107.0794436408,44834.9542972324,NA
946,2015,"04805243","__u__r_",85.9492633585626,16,NA,NA,NA,NA
946,2016,"05221675","g__pvr_",764.900163759063,24,256488.317114455,NA,245543.347328429,NA
946,2017,"05810761","gk___re",26.2194241059828,13,-7204.33592255141,76418.8141506822,NA,7895.19173194518
946,2018,"08485286","_____r_",1678.62565445835,12,NA,NA,NA,NA
946,2019,"04021453","__u_vr_",2567.68337086416,12,NA,NA,414164.283332093,NA
947,2013,"12737353","g_u__r_",4814.10398900377,15,73318.8317396763,NA,NA,NA
947,2014,"15650158","g__pvre",1105.995187138,16,198620.840893827,NA,172327.078329177,75487.8650117335
947,2015,"16069409","gk__vr_",1224.85573559065,12,-86294.8216497974,-21585.8046732021,262661.222657354,NA
947,2016,"05936553","_k__vr_",212.897105810985,12,NA,-12992.8265610574,98077.5966387232,NA
947,2017,"05204476","g___vr_",829.71817161319,15,45276.8674797955,NA,650118.151531424,NA
947,2018,"05184408","____vr_",222.368480943234,17,NA,NA,97562.0835234477,NA
947,2019,"04210635","__u__r_",1181.18642189157,14,NA,NA,NA,NA
948,2013,"08419617","____vr_",933.065278550444,11,NA,NA,112022.639008944,NA
948,2014,"05164034","g___vr_",3.50791491669944,18,137179.239912084,NA,77039.9919356313,NA
948,2015,"16952515","g___vre",76.6581168898649,13,95492.1818425465,NA,135722.31631312,38733.0034232586
948,2016,"07517617","g___vre",66.2300854888593,14,99318.3063448048,NA,126942.97493214,17730.871402095
948,2017,"04223135","____vre",232.108197477831,16,NA,NA,357009.672226049,223604.032755959
948,2018,"04700393","g____re",423.90971435652,15,34269.987125144,NA,NA,62774.4753294514
948,2019,"05077588","__u__re",6.89068726353609,17,NA,NA,NA,639375.836814304
949,2013,"10185471","____vre",104.787754886332,12,NA,NA,168860.191362377,158882.227089676
949,2014,"03051883","_____re",1485.21229285064,16,NA,NA,NA,241247.231569133
949,2015,"09484503","____vre",255.280927697871,15,NA,NA,1965762.73299449,12585.9199438695
949,2016,"05107823","_____r_",76.9158632492225,18,NA,NA,NA,NA
949,2017,"04915016","_____re",1848.98551273742,10,NA,NA,NA,155663.579430459
949,2018,"02823646","__u_vre",157.156944033019,11,NA,NA,417485.675596549,31116.8462885879
949,2019,"11376531","g___vre",76.1127353253713,16,46157.9038451232,NA,72869.8578353569,167807.411705479
950,2013,"05712903","_____re",271.938772625952,17,NA,NA,NA,11029.1243167797
950,2014,"07872531","__u_vr_",70.9044984235376,20,NA,NA,1523507.14063308,NA
950,2015,"08768091","__u_vr_",5.64112630561187,19,NA,NA,13185.150004667,NA
950,2016,"11742963","__upvr_",559.694266392683,10,NA,NA,565844.54324904,NA
950,2017,"04972286","g_u_vr_",318.124465787311,13,83214.7417463667,NA,15952.0591969198,NA
950,2018,"14378186","g___vre",249.769638924957,11,-47617.0266499503,NA,28155.7948155085,3584.32598541329
950,2019,"07386427","g___vre",0.825637690127311,13,64764.6194576438,NA,37339.8296280899,41763.2549218928
951,2013,"14176084","g___vr_",809.359602265212,14,217213.955679673,NA,195899.994764197,NA
951,2014,"07130280","g____r_",18.5810973617891,15,6017.74448234671,NA,NA,NA
951,2015,"12077074","_____re",327.27260137357,14,NA,NA,NA,75672.5910019858
951,2016,"05935274","_____r_",1278.13058962275,13,NA,NA,NA,NA
951,2017,"04941664","g____r_",9853.56577393789,23,117554.012249327,NA,NA,NA
951,2018,"07404983","____vre",45.7932060469757,20,NA,NA,47370.4050878574,92433.3369812728
951,2019,"05508614","g___vre",953.421752140193,18,60821.9848644996,NA,160199.064366416,183607.050701116
952,2013,"07614620","____vre",1202.60917746736,17,NA,NA,61176.2271236502,192079.086117016
952,2014,"12638631","g___vre",225.983643121877,11,-76641.8313659073,NA,620554.07235416,103995.415116443
952,2015,"12198923","g__pvr_",399.080210409193,14,76571.2384857412,NA,553798.943316174,NA
952,2016,"05866536","__up_re",82.0126731969546,17,NA,NA,NA,74245.2516758051
952,2017,"04530603","____vr_",139.982893993805,16,NA,NA,2963.9312755285,NA
952,2018,"05249210","g___vre",57.8190629859011,16,-101367.1097716,NA,101946.995687172,3832126.56432563
952,2019,"13349327","_____r_",102.572790177596,19,NA,NA,NA,NA
953,2013,"07613705","___pvr_",2090.64122437883,14,NA,NA,32679.0984635361,NA
953,2014,"14292359","___pvr_",266.976085847051,6,NA,NA,605926.62686801,NA
953,2015,"14080896","g_u__r_",133.724697777239,18,33137.8636194218,NA,NA,NA
953,2016,"05802892","__u_vre",12275.5667549562,12,NA,NA,296547.466501935,55543.2799512204
953,2017,"14452584","_k__vre",36.2480291562937,20,NA,39726.1281891471,1012425.50911156,4478.3139553899
953,2018,"05087788","__u__r_",199.374114991717,18,NA,NA,NA,NA
953,2019,"05588323","gk__vr_",18.2737360068445,12,5080.1833326776,176689.504464781,1641869.99754208,NA
954,2013,"10364876","g___vr_",135.737409832449,17,60825.2228511071,NA,119586.91982991,NA
954,2014,"08938041","__u__re",505.720714877854,20,NA,NA,NA,24242.1827114995
954,2015,"08807466","g___vr_",2296.76557619603,12,-97800.6830909328,NA,88494.7886353077,NA
954,2016,"05820686","gk_pvre",34.4471406434568,16,40294.633940567,-144877.092952838,199104.841867435,130688.213708325
954,2017,"05555899","__u_vr_",13.8889561120788,19,NA,NA,927317.285798389,NA
954,2018,"03859771","g____r_",17.9035221555456,12,-158551.578528527,NA,NA,NA
954,2019,"05509139","g_u__r_",222.418096692993,11,18899.8936784988,NA,NA,NA
955,2013,"05444046","g___vre",30.6148794494212,12,-49170.1294382736,NA,212310.898645036,154213.210476753
955,2014,"12175831","g_u__re",216.067663865204,19,216055.934551705,NA,NA,157050.306322116
955,2015,"06344732","g___vre",38.8172886506432,14,16002.7887735319,NA,1274519.5058351,3684.01886870587
955,2016,"07702482","g___vre",34.0133085303958,15,-16591.3879742658,NA,131153.492370142,11237.5949161517
955,2017,"04285379","g___vr_",28.2797431632882,9,-33760.3422763694,NA,14348.021938704,NA
955,2018,"16378046","g___vr_",2.40854023207768,12,270116.153350243,NA,593065.527859586,NA
955,2019,"14232349","__u__r_",53.7491072529596,24,NA,NA,NA,NA
956,2013,"05355113","____vr_",87.8156113924548,17,NA,NA,38270.3378342342,NA
956,2014,"04266561","____vre",373.998106673662,12,NA,NA,27438.6132546321,41641.2916645757
956,2015,"16529713","g_u_vr_",158.650432817952,11,11731.884999954,NA,264165.604711938,NA
956,2016,"08438550","g____r_",859.483354704904,15,46004.9713267972,NA,NA,NA
956,2017,"04163456","____vr_",39.7993466018591,17,NA,NA,541230.62321308,NA
956,2018,"14909628","__u_vr_",306.02481165443,14,NA,NA,70324.341574402,NA
956,2019,"05975558","__u_vr_",17.7165822352974,23,NA,NA,17927.3558015058,NA
957,2013,"02688013","__u_vre",569.810113006179,17,NA,NA,5768534.24989535,1070405.78996511
957,2014,"05677130","____vr_",403.964992548534,10,NA,NA,39551.0163870473,NA
957,2015,"04434423","__u__r_",41.3623511133468,12,NA,NA,NA,NA
957,2016,"08388743","_ku__re",16.2135857254555,22,NA,24917.2682956428,NA,124274.399199164
957,2017,"05760188","___p_r_",188.557236666971,17,NA,NA,NA,NA
957,2018,"05620749","g___vre",42.4859284447533,20,156104.242545835,NA,268411.868539266,400751.039399648
957,2019,"05264955","____vre",1049.75601803754,8,NA,NA,60811.4555376555,75799.8164327988
958,2013,"16130084","g_u_vr_",172.709231724128,10,-80686.3586803904,NA,235535.476978668,NA
958,2014,"08646815","_____r_",89.8075835130802,15,NA,NA,NA,NA
958,2015,"04540820","g___vre",139.407339448672,13,-12519.1177623421,NA,147123.942986719,156791.419525673
958,2016,"08900605","____vre",1178.69871513685,13,NA,NA,33154.7250199242,23336.1703468168
958,2017,"09895187","____vre",12.3438094385523,20,NA,NA,298590.020176898,241402.217195841
958,2018,"07910919","____vre",156.444551169507,14,NA,NA,89223.6798210946,721.672184504964
958,2019,"08352274","_k_pvr_",2476.0321028714,19,NA,98948.282785638,433309.350910285,NA
959,2013,"07751398","g__pvr_",113.383538088812,20,-15409.1944763958,NA,1116711.4912776,NA
959,2014,"04771312","_k___r_",101.377961700778,16,NA,61754.9051986732,NA,NA
959,2015,"04284096","__u_vr_",73.5332159927412,13,NA,NA,7313.12713293389,NA
959,2016,"05019921","g_u_vre",1825.38192841529,12,206788.084239218,NA,1371045.75471562,175410.661162787
959,2017,"04483539","____vre",73.6439134365704,10,NA,NA,20524.2324147863,89772.4488649467
959,2018,"04363568","g_u_vr_",19.1880072117549,19,83006.3158130982,NA,1527240.31535283,NA
959,2019,"03005799","g_u_vr_",5077.26393313908,14,20737.3265294182,NA,563048.548124701,NA
960,2013,"05608828","gk___re",291.67003258794,11,151787.823343642,128585.370122283,NA,214047.306517574
960,2014,"08347839","__u_vr_",52.5083457996596,8,NA,NA,967470.528344858,NA
960,2015,"05268674","__u_vre",789.650777325949,12,NA,NA,153197.396446682,17970.6608305888
960,2016,"15290115","_____r_",1847.21225044248,11,NA,NA,NA,NA
960,2017,"08122759","____vre",172.513872183183,15,NA,NA,105462.333441418,17687.2524954065
960,2018,"03044902","_k__vre",99.2774698439343,19,NA,35332.6694238671,736132.033686921,126550.958937765
960,2019,"07193368","____vre",3415.2359754206,12,NA,NA,40359.668145002,544580.372491991
961,2013,"05223019","_____re",894.284607633082,18,NA,NA,NA,86363.4476064237
961,2014,"16919197","__u_vre",153.777059270707,14,NA,NA,213409.928848653,37702.0696035338
961,2015,"07165879","____vr_",945.138527775594,17,NA,NA,468808.035277507,NA
961,2016,"10888791","g____r_",1.6431147743471,10,32999.0644547639,NA,NA,NA
961,2017,"07642435","g___vr_",87.1796370703816,13,114384.648178753,NA,47930.9201937225,NA
961,2018,"05807776","__u__re",1193.81590027993,13,NA,NA,NA,45754.5647070188
961,2019,"15585543","__u__re",295.602502108818,8,NA,NA,NA,29340.1110892453
962,2013,"10705557","g___vr_",68.830052025101,15,53829.1189232069,NA,113992.007647694,NA
962,2014,"04193186","gk__vre",717.620948857043,15,107141.586039212,-5334.47264580134,23341.207857329,98608.4324275362
962,2015,"15970231","____vre",1076.52875586969,12,NA,NA,63651.7632269223,152456.675909829
962,2016,"09784882","g___vr_",80.4097261669811,10,138491.454405511,NA,100502.896798876,NA
962,2017,"09266386","_____r_",124.359225958629,18,NA,NA,NA,NA
962,2018,"08645849","__u_vre",46.6291479732943,12,NA,NA,1150990.35958562,186189.856919679
962,2019,"05221375","____vre",62.8032987624752,16,NA,NA,229710.926103356,55201.7651378573
963,2013,"09002531","____vr_",25.8474023751406,15,NA,NA,14311.8742349564,NA
963,2014,"09301734","____vre",1507.46030985218,15,NA,NA,77951.1870184564,25556.1226982916
963,2015,"04806061","g___vre",4.29560167377016,13,173268.909386154,NA,184655.12677895,113357.85544827
963,2016,"11904565","g____re",61.0390361603183,8,106197.920608414,NA,NA,94806.2668162188
963,2017,"03924585","___p_r_",49.3626229266874,22,NA,NA,NA,NA
963,2018,"04472746","__u_vr_",66.3313900902436,14,NA,NA,126428.833195996,NA
963,2019,"05852634","g_u_vr_",154.958710159254,6,52827.0815120198,NA,217751.167876426,NA
964,2013,"09049575","__u__re",131.953193439267,10,NA,NA,NA,60774.7951168421
964,2014,"04015755","gku_vr_",6.98296805292928,13,35313.3412418302,-7889.30187345333,11521.6061830761,NA
964,2015,"02384218","____vre",12.5230178625855,15,NA,NA,37609.615986179,7624.79193183593
964,2016,"09198411","___p_re",39.1360166625907,17,NA,NA,NA,209063.856489815
964,2017,"15916449","___pvr_",37.2057782636554,21,NA,NA,204661.414896607,NA
964,2018,"09200762","____vre",99.7085383664796,16,NA,NA,16459.7992970159,14753.9956027376
964,2019,"07574984","gk__vr_",9.57672704186868,18,84116.2608109358,263494.054210022,1276669.08678306,NA
965,2013,"05711593","__u__re",359.008733750449,12,NA,NA,NA,3097631.94005189
965,2014,"06065714","____vr_",157.831720345886,18,NA,NA,32735.1122054396,NA
965,2015,"07033865","____vr_",158.999344041891,16,NA,NA,168740.261809358,NA
965,2016,"07625845","____vr_",5.37381717178791,8,NA,NA,221596.706287099,NA
965,2017,"05167099","g___vre",2.05120763007089,12,4249.86254661763,NA,452025.326285125,44807.7225548194
965,2018,"05227586","gk_pvr_",287.222652490995,15,122587.817464419,143750.209083717,3921877.77560892,NA
965,2019,"10773344","__u_vre",157.501609010967,23,NA,NA,214041.306306505,145200.395810656
966,2013,"04305887","gk__vr_",176.740321353595,17,-6347.71630259726,227746.55565853,175186.943620135,NA
966,2014,"05881933","_____re",47.1344789824897,8,NA,NA,NA,855913.410965041
966,2015,"01109147","g____re",63.0193984434825,15,263274.054907666,NA,NA,17270.8941500996
966,2016,"05634384","g__p_r_",47.1281555376847,18,51415.3632553454,NA,NA,NA
966,2017,"12675723","___p_r_",72.3948587936806,14,NA,NA,NA,NA
966,2018,"07600045","g_u__re",703.311674413859,11,-157535.313506764,NA,NA,41990.6774797072
966,2019,"15778756","g_u_vre",1301.93299925945,8,-62164.1880095173,NA,25694.8307894224,56841.2370780905
967,2013,"05022799","_____re",255.20053635638,16,NA,NA,NA,347859.001705878
967,2014,"16399894","g_up_re",2.45428948567769,16,-85009.6585203571,NA,NA,7588.35519801343
967,2015,"08006109","__u_vr_",1676.11901973835,26,NA,NA,581472.981243345,NA
967,2016,"08953250","g_up_re",35115.8114461573,14,66128.0720283406,NA,NA,1026936.91786647
967,2017,"04972350","____vre",1379.85615760671,12,NA,NA,218256.838456423,706.79629271229
967,2018,"08138570","__u_vr_",115.695421160009,19,NA,NA,235336.252443982,NA
967,2019,"04589985","____vr_",5937.62881285693,14,NA,NA,451233.503163925,NA
968,2013,"07167820","g___vr_",86.5524088976809,9,123425.388518251,NA,58676.8012948795,NA
968,2014,"05407879","g__pvre",79.7717128801529,16,6391.40603344712,NA,88854.0928258835,13303.3764064137
968,2015,"08817809","__up_r_",560.816498742503,6,NA,NA,NA,NA
968,2016,"05200977","g____r_",874.344022731093,14,-41445.8885242606,NA,NA,NA
968,2017,"06319113","____vre",85.1100629829957,13,NA,NA,98779.4196979824,335181.951700061
968,2018,"16963173","_____re",931.782478869244,8,NA,NA,NA,6487.4503348798
968,2019,"05724171","_k__vre",89415.4351503356,10,NA,101190.262055982,56970.4181879898,5111.2170850947
969,2013,"06865122","__u_vre",14.6523480681291,11,NA,NA,97442.7736350248,84636.8929612944
969,2014,"02387322","gku_vre",189.48423343578,16,68377.6576828524,127819.555935006,29658.1508412493,22638.6363179562
969,2015,"15616261","g_u__re",89.8479507380892,11,-48687.0893638352,NA,NA,55341.807817353
969,2016,"04408269","_kupvr_",127.284985306862,19,NA,-38782.2128685504,61171.9737798742,NA
969,2017,"07934859","___pvre",243.282689559508,22,NA,NA,3016910.10448539,71217.0749010487
969,2018,"04198734","g_u_vre",583.80149690187,14,89839.2907766151,NA,97366.9393773632,17327.3500810124
969,2019,"08511663","____vre",84.2490696876652,19,NA,NA,74583.8017399003,521930.32176215
970,2013,"10126181","g___vr_",637.094320497688,13,62914.5181756767,NA,113076.104109126,NA
970,2014,"09707574","g_u_vre",97.1285559677613,12,-45554.8964509379,NA,264781.144252609,35100.765392838
970,2015,"05608383","____vre",550.557371466547,18,NA,NA,1395079.27217875,27344.0977260666
970,2016,"04475045","_k_pvre",1777.35093330751,12,NA,192678.388738522,1502084.59635184,18056.2157139652
970,2017,"01159505","g___vre",32.7299499931419,14,232814.363924883,NA,10833.7824304462,5213.74223635496
970,2018,"09691188","g_u__re",40.0508062334364,11,-49044.5273496216,NA,NA,2620.84960729674
970,2019,"08085684","____vr_",342.664569324228,11,NA,NA,364980.752118483,NA
971,2013,"12470215","____vr_",415.897546816344,20,NA,NA,30118.0094327799,NA
971,2014,"08360696","g____r_",4.40065303560429,15,-83071.5439551446,NA,NA,NA
971,2015,"10488544","g___vre",1465.11131601107,21,-3700.43442335436,NA,9670.75339739041,1408.69702329609
971,2016,"04865265","_____re",151.637815359726,25,NA,NA,NA,2157.391608521
971,2017,"15221097","_ku__re",5.06826683886046,17,NA,-57078.2925006989,NA,3268.29757771265
971,2018,"01627074","____vr_",543.374432801458,13,NA,NA,1466896.54969141,NA
971,2019,"04883310","g___vre",99.0948520899907,10,66380.3327567833,NA,5867.57567886878,7950.35055306691
972,2013,"12435506","__u_vre",63.4654185712769,18,NA,NA,548747.281142137,88830.404003874
972,2014,"09843039","_____re",1613.05021860965,10,NA,NA,NA,17793.991319119
972,2015,"04487124","_____re",106.744439269901,13,NA,NA,NA,47593.7810174988
972,2016,"07757977","gk__vre",3428.48593393346,9,-23093.4343067767,74809.3175353635,443358.038193604,269105.391409363
972,2017,"07125292","g_u_vre",69.0660055377597,24,127584.823971693,NA,7144359.25571622,13237.5403691528
972,2018,"05100264","____vr_",136.301813206706,12,NA,NA,29789.7721334491,NA
972,2019,"01361982","__u_vr_",71.6369849471406,11,NA,NA,176388.985075779,NA
973,2013,"05141300","____vre",76.0915157021681,16,NA,NA,326851.724493219,303276.918422272
973,2014,"14582223","____vre",65.4364148072356,14,NA,NA,722770.207951171,219353.176727397
973,2015,"04082631","___pvre",61.7197386251201,16,NA,NA,485367.480749013,91536.1405436089
973,2016,"05237476","____vr_",488.22665947071,12,NA,NA,548977.538105769,NA
973,2017,"08878173","g___vr_",4.64778927741247,31,-95430.7244271848,NA,37762.2421098257,NA
973,2018,"08891013","_ku_vr_",607.841078005769,15,NA,209557.779981235,4182217.34370612,NA
973,2019,"15675523","__u_vr_",14.1589763736114,13,NA,NA,934274.569511048,NA
974,2013,"05162693","__u__r_",0.995844558219434,11,NA,NA,NA,NA
974,2014,"12463475","g_u__r_",150.775437114976,10,151136.052021892,NA,NA,NA
974,2015,"12307045","_k_p_re",41.5863965939151,12,NA,307260.524480754,NA,53491.8809956031
974,2016,"05057643","g___vre",67.5566446559023,17,-19968.943376445,NA,34186.9837855469,74889.313881722
974,2017,"08366708","_ku_vre",236.011999780138,7,NA,192015.945727851,20638.4338987025,9008.88944294757
974,2018,"14440579","g_u_vr_",26.0994434147783,9,-170041.676738268,NA,3210359.82736611,NA
974,2019,"04640240","____vr_",177.214548021069,17,NA,NA,520328.913335992,NA
975,2013,"05988417","g_u_vr_",3061.76867821744,7,50983.8879652164,NA,40581.311400659,NA
975,2014,"08418349","____vr_",1996.7472381327,11,NA,NA,189577.185790841,NA
975,2015,"12645562","____vre",40.356282111962,23,NA,NA,922964.454409016,25100.5322846192
975,2016,"04826411","__u_vr_",0.644213352138944,14,NA,NA,93718.3622418671,NA
975,2017,"05996517","_k__vre",36.2273484709143,13,NA,158919.192802847,154620.393241666,253914.28588907
975,2018,"12938923","__u_vre",101.317431051317,16,NA,NA,1258167.44797641,146047.084794472
975,2019,"05622484","__u__re",164.064430498884,13,NA,NA,NA,165222.651511263
976,2013,"14092419","gku__re",38.2110425480319,15,25903.6874520453,281175.257304856,NA,38047.6253627418
976,2014,"07352030","___pvr_",249.795352957233,6,NA,NA,440575.110926591,NA
976,2015,"05099812","g___vr_",69.5553486677504,12,73219.0598786125,NA,81770.1644013092,NA
976,2016,"04247666","g___vr_",247.001999497872,9,-2626.48424736235,NA,1156363.77812605,NA
976,2017,"15198226","____vr_",148.673951851334,16,NA,NA,24823.0595087359,NA
976,2018,"16669655","____vre",202.126799610686,19,NA,NA,220579.952896882,90972.6065419985
976,2019,"16897771","g____re",23.2037457077841,12,67140.6877689402,NA,NA,2760.75073755487
977,2013,"05406533","_ku__re",928.87554523156,14,NA,-98906.2098718557,NA,30973.7738191293
977,2014,"01404290","g___vre",3982.95287134394,14,-57935.8989971649,NA,900528.360282031,222573.635813897
977,2015,"09607998","g_upvre",0.495156365995727,11,-12450.6948397489,NA,54425.6441390305,19432.7134837812
977,2016,"02504129","_____r_",241.559577106034,24,NA,NA,NA,NA
977,2017,"10219479","_k__vre",17.301197143804,20,NA,25456.3377223628,171845.976488918,252931.342258337
977,2018,"12644399","___pvr_",2.69413000089919,23,NA,NA,219532.281338353,NA
977,2019,"04537296","____vre",5853.24144017376,17,NA,NA,12599.8838549437,84062.0676628569
978,2013,"04188396","_____r_",53.3988469331402,14,NA,NA,NA,NA
978,2014,"09567696","____vre",2059.03909827378,18,NA,NA,78505.8317985472,52174.1795583291
978,2015,"05812061","_____r_",110.269511324219,12,NA,NA,NA,NA
978,2016,"04869619","____vre",49.964657391322,17,NA,NA,31277.3035944753,415925.526502072
978,2017,"07765273","__u_vr_",5.80892579764278,19,NA,NA,37761.539652324,NA
978,2018,"05897445","g___vre",215.16540454312,10,22393.0207752334,NA,35207.0868726625,20688.8180833612
978,2019,"03526225","__u_vre",649.186540479438,7,NA,NA,79550.9309856485,49913.4877053963
979,2013,"05358967","g_u_vr_",124.452646885251,12,-38110.4222378979,NA,28124.3886714886,NA
979,2014,"09839480","g_u_vr_",100.56038636211,16,-18358.6944923764,NA,79739.6244427348,NA
979,2015,"05588898","g____re",2464.28550379745,16,24208.5378048888,NA,NA,52489.2237739807
979,2016,"05136416","___p_re",143.435777274739,16,NA,NA,NA,859487.750888437
979,2017,"09360429","___p_re",613.120677504746,13,NA,NA,NA,20612.3618687539
979,2018,"07548153","__up_re",115.357443325762,9,NA,NA,NA,31547.9278780451
979,2019,"07894433","_____r_",6.81522464323504,16,NA,NA,NA,NA
980,2013,"08595888","g_u_vre",13.4833770355285,18,155538.052658415,NA,82482.7797226705,218067.30970146
980,2014,"05532515","gk__vre",163.130023197386,8,38400.1609598095,-78180.4757247443,34171.1823948451,10212.5819261986
980,2015,"14092672","g__pvre",0.601776385621124,17,7933.83735683915,NA,214599.652413073,559587.308696264
980,2016,"07827093","___pvre",448.574741306373,12,NA,NA,204288.585620744,80386.6811271133
980,2017,"04966139","__u_vr_",7.36914036042061,7,NA,NA,199622.456178947,NA
980,2018,"05891137","g___vr_",4.1298204559027,17,37360.2315407327,NA,94660.6697712958,NA
980,2019,"06037032","_____re",358.138136126994,14,NA,NA,NA,85778.4028664162
981,2013,"12770218","____vr_",1284.01530592878,19,NA,NA,140731.362066062,NA
981,2014,"09286147","____vr_",22.9706231521816,21,NA,NA,44020.9615167583,NA
981,2015,"05162145","gk__vr_",192.365395530002,14,150922.500573416,-22239.0473737024,49353.9645760331,NA
981,2016,"07766612","__u_vre",398.650542742182,18,NA,NA,393391.95919282,22660.6125551926
981,2017,"07167910","g_u_vr_",34.423960407697,21,6270.07320202357,NA,63996.4360626266,NA
981,2018,"05768563","g__pvr_",83.8656081838092,12,-175226.288336555,NA,144405.285918202,NA
981,2019,"09795997","__u_vr_",196.835141623829,16,NA,NA,295334.092515955,NA
982,2013,"08003860","_____re",23.966596417961,11,NA,NA,NA,3786.81164599611
982,2014,"05628138","____vre",135.253521547669,19,NA,NA,127225.7817107,46513.4243819642
982,2015,"05407588","____vre",94.3647524663924,11,NA,NA,15709.6255331691,194600.55300213
982,2016,"02914225","__up_re",39.4476867971819,20,NA,NA,NA,538046.989360791
982,2017,"07068286","_____r_",768.519411776415,10,NA,NA,NA,NA
982,2018,"08480263","_ku__r_",2.02310442328334,21,NA,126680.84480921,NA,NA
982,2019,"05650173","_____re",20.5000373894556,10,NA,NA,NA,217743.073830083
983,2013,"09419308","g___vre",60.1644323545571,10,59957.8232877499,NA,307059.07076081,34809.2484399572
983,2014,"09857659","g____re",166.923773016918,21,102339.238609961,NA,NA,15418.7169216643
983,2015,"12897900","____vr_",127.701264179174,11,NA,NA,83761.1577745958,NA
983,2016,"01528185","g_u_vr_",0.954327612793537,12,149766.037044088,NA,9414.35764118768,NA
983,2017,"10186929","g___vr_",10.5343118041407,15,40921.7991289795,NA,68154.7104637415,NA
983,2018,"04965848","g__pvr_",422.98503005747,13,219841.829223662,NA,346324.636068373,NA
983,2019,"14823893","g_u_vr_",5.64377098825324,11,34418.7448435992,NA,128090.408014711,NA
984,2013,"05321085","gk__vr_",236.333014021197,10,136637.812457855,31234.6139795655,70699.6723405963,NA
984,2014,"03690562","__u_vr_",1092.84812518769,13,NA,NA,519255.726106454,NA
984,2015,"09899188","g___vre",1.00285741336765,6,168460.418822812,NA,36972.7760846709,149870.158136523
984,2016,"04677806","____vr_",46.6167685056861,11,NA,NA,429655.561196488,NA
984,2017,"04392870","g_u_vr_",63.4292554947983,18,113955.539607678,NA,28731.7463650817,NA
984,2018,"02322908","_____re",685.025632078578,19,NA,NA,NA,25706.3725986097
984,2019,"05999184","g____r_",2228.15451046887,14,66353.2554921741,NA,NA,NA
985,2013,"05525315","___pvre",152.974895962277,14,NA,NA,438681.981145224,41275.0279884372
985,2014,"05372960","gk_pvr_",46.8421500031789,21,40477.5639053533,-77859.6312756722,223884.056420954,NA
985,2015,"04822400","g_u_vr_",85.7909508723891,15,-34412.6721207042,NA,1481645.7427824,NA
985,2016,"14384777","_____r_",1537.17525371496,19,NA,NA,NA,NA
985,2017,"04926260","____vr_",248.247822689306,14,NA,NA,14301.8473635339,NA
985,2018,"08500833","___pvr_",42.4985458374584,11,NA,NA,37348.8072604999,NA
985,2019,"05917239","____vr_",105.948908706512,17,NA,NA,187749.960164955,NA
986,2013,"05739575","____vre",42.8108612789285,17,NA,NA,6062.15139726337,123780.442146253
986,2014,"08711078","____vr_",65.4658971419165,11,NA,NA,273390.408054817,NA
986,2015,"05581584","g___vr_",3.22771636595501,9,71253.8143857463,NA,519613.283032102,NA
986,2016,"14200888","__u_vr_",6578.52121819693,13,NA,NA,728000.736217477,NA
986,2017,"10183923","__u_vre",1792.59170547709,21,NA,NA,323504.680248099,46974.9917307036
986,2018,"05108291","_____re",74.2730389530021,25,NA,NA,NA,79673.2386615135
986,2019,"09691238","g___vre",127.592218973784,20,33720.6126010093,NA,300626.710967442,71620.3579045451
987,2013,"09407960","g___vr_",70.166185922809,15,6413.41447007623,NA,480948.318329,NA
987,2014,"05492781","gk___re",45.3120481632038,17,84358.0405014711,-29657.6808699823,NA,7977.24189651551
987,2015,"14239276","__upvre",34.3442344904485,15,NA,NA,63646.0348884395,69906.851651982
987,2016,"01296411","____vre",37.5936463067306,9,NA,NA,721280.108168488,96693.4218906245
987,2017,"08471969","g_u_vre",5184.06259632856,15,55077.1673770751,NA,117926.665062585,15433.1179923346
987,2018,"08248713","g____r_",69.6652642167707,12,17999.8371858462,NA,NA,NA
987,2019,"04761335","__u__re",32.9660960405574,13,NA,NA,NA,252347.636068301
988,2013,"08536997","g____re",221.450460544393,16,-27174.4043147317,NA,NA,125257.175145849
988,2014,"05674896","_____r_",98.6169339405289,15,NA,NA,NA,NA
988,2015,"05556085","____vr_",162.789899731628,15,NA,NA,61560.8415389497,NA
988,2016,"05506243","g___vr_",26.6166900789439,19,80268.0211087188,NA,149309.202190538,NA
988,2017,"05937152","____vr_",34.985344918075,16,NA,NA,8867.31412473348,NA
988,2018,"09209725","_____re",29709.0195661874,10,NA,NA,NA,24872.9710424918
988,2019,"05336468","__u_vr_",892.279476367327,18,NA,NA,33959.5009670419,NA
989,2013,"06365470","____vr_",320.990586795072,8,NA,NA,3109.01355135025,NA
989,2014,"13265867","g_up_re",387.266041436466,14,61014.3460440653,NA,NA,84248.6421637356
989,2015,"04773655","__u_vre",4022.3257193382,11,NA,NA,785729.217647328,754701.44995863
989,2016,"04026151","__u__r_",431.995006397964,11,NA,NA,NA,NA
989,2017,"02914515","gk_pvre",42.7059415460205,12,-42227.7539170615,98350.9646935827,6837.19927126634,36571.6248456764
989,2018,"04124099","g___vre",635.117532800467,13,-37643.9847867684,NA,6659357.12073944,68646.761126736
989,2019,"05566217","g_u__re",88.616003466349,11,-4130.39070664872,NA,NA,34966.0075021977
990,2013,"07929051","g____re",20.5314218262382,15,-27286.7242672887,NA,NA,60231.418393893
990,2014,"04476663","g___vre",4.62878386738493,11,-42895.7536174664,NA,116717.110721194,136623.231424793
990,2015,"07432704","g__pvr_",44.5724454453471,17,64744.7821948378,NA,61572.98442942,NA
990,2016,"07412906","g____re",189.967880047404,15,163844.054672977,NA,NA,3622008.54551584
990,2017,"08896077","g___vr_",24.8009732088955,23,-31706.8643272942,NA,256835.091220507,NA
990,2018,"04718023","g____re",37.9231941831024,12,1794.2204078685,NA,NA,1726222.42856476
990,2019,"16113682","g___vre",1634.99856998221,18,154397.103163747,NA,881435.788420586,440371.840022461
991,2013,"08566722","____vre",1.42980807848568,22,NA,NA,46392.2613073939,318187.458429972
991,2014,"01837484","g_u_vre",151.061606621314,16,68289.7051087773,NA,483168.082876452,143786.619218091
991,2015,"12744800","g___vre",1849.17406386335,16,95665.6768991462,NA,539054.03211247,676907.349237564
991,2016,"03729056","g_u__r_",63.0646419418979,13,117415.150646191,NA,NA,NA
991,2017,"16073059","g_u__re",100.40495871356,19,79097.3599047598,NA,NA,13054.9015055428
991,2018,"13704968","____vr_",99.5979002677512,15,NA,NA,416228.867288167,NA
991,2019,"01830504","g_u_vr_",1109.47016120786,13,-21559.8720481602,NA,67358.3219221046,NA
992,2013,"16803847","____vr_",43.8901690363709,16,NA,NA,1044452.46242925,NA
992,2014,"05377574","_k_p_re",68.8332532766307,16,NA,148833.890022941,NA,23987.047333462
992,2015,"05746452","____vr_",660.065135095037,17,NA,NA,418662.483009628,NA
992,2016,"04433157","__u_vr_",432.954207128225,19,NA,NA,48925.9037451269,NA
992,2017,"02204513","_____r_",932.433056567122,24,NA,NA,NA,NA
992,2018,"04683230","g__p_r_",34.6635768200933,12,-57283.6988137968,NA,NA,NA
992,2019,"08697188","_k___r_",45.6566361433694,18,NA,87441.1394000523,NA,NA
993,2013,"01510694","____vre",673.39562719997,15,NA,NA,107442.687373007,113015.075636567
993,2014,"12121734","g___vr_",43.3283833463836,12,-175990.25372793,NA,28842.5155017287,NA
993,2015,"05075928","_k__vre",13777.745385152,9,NA,160033.465998979,76985.8497203602,72988.6875404566
993,2016,"04571309","_k__vr_",198.406751950938,15,NA,5319.65972238332,336648.508446567,NA
993,2017,"04368343","g_u__re",9641.84647311411,16,11618.7181514843,NA,NA,457839.990496571
993,2018,"01935439","____vre",1963.42447711256,21,NA,NA,76595.7777472245,53659.1206475041
993,2019,"14280036","g_u__re",358.050516724345,16,-18235.3578751287,NA,NA,55336.8695339933
994,2013,"06800233","g_u_vre",22028.7729053233,6,238148.397700139,NA,686444.463381466,1327402.32597843
994,2014,"10215194","_____re",183.689289930867,15,NA,NA,NA,134848.80806713
994,2015,"08276168","__u__r_",21.2089615345339,12,NA,NA,NA,NA
994,2016,"08230760","___p_r_",251.431762067237,17,NA,NA,NA,NA
994,2017,"04783848","g____re",679.491256493152,13,68355.518551645,NA,NA,90348.0872500167
994,2018,"06724883","g___vr_",17.9505278294776,19,106294.751380478,NA,824118.45209885,NA
994,2019,"14359395","g___vr_",7.44649929025876,16,-60463.9269204172,NA,79156.4356929586,NA
995,2013,"05347049","____vre",1274.58549976421,9,NA,NA,290945.744764949,27343.6737277932
995,2014,"09034705","____vr_",130.867757809515,18,NA,NA,3755582.23585464,NA
995,2015,"08952106","g_u_vr_",804.883038078102,15,149465.745148996,NA,233997.863386514,NA
995,2016,"07214704","g___vr_",125.568701686778,15,49206.3396392507,NA,38124.3581247077,NA
995,2017,"07272149","_k__vr_",3.20216545443705,14,NA,184816.855310395,116420.91567556,NA
995,2018,"05919427","____vre",136.995050067352,10,NA,NA,1051441.69289807,730347.131973147
995,2019,"05830797","g___vr_",121.894220634309,11,4511.25365930967,NA,57549.7727771137,NA
996,2013,"09465385","_ku_vre",1418.38216489299,20,NA,7883.02442208606,3515.67500570441,93429.3258891187
996,2014,"04711881","____vr_",108.462182861542,15,NA,NA,199103.980503742,NA
996,2015,"07464716","g____r_",129.681341470687,9,-62086.8837335637,NA,NA,NA
996,2016,"08578807","gk__vr_",67.3478193333409,20,17185.8312654878,164741.630923547,208232.97629943,NA
996,2017,"09155805","_k__vr_",108.589793079061,8,NA,353809.731020357,255232.173467741,NA
996,2018,"15307160","__u_vre",53.6699901588687,10,NA,NA,7455.00945818381,53516.7377617235
996,2019,"14741683","_ku_vr_",1575.31637904154,11,NA,151860.726765762,1711114.21192087,NA
997,2013,"08649273","____vr_",3772.34101575399,22,NA,NA,89280.6332314343,NA
997,2014,"08656609","g___vr_",19.1745718347191,14,148562.584395687,NA,28246.8599940827,NA
997,2015,"14626016","g_upvr_",32.8924108916666,20,107000.718914819,NA,183429.865253084,NA
997,2016,"01395657","____vre",28.8215825717883,26,NA,NA,29860.4758455962,23906.9327477067
997,2017,"05600851","__u_vr_",735.889556552694,7,NA,NA,112473.785904652,NA
997,2018,"08094360","__u_vre",37.3215816146051,13,NA,NA,32094.9441460202,30110.0043544472
997,2019,"04258004","_____re",61.1603692824222,16,NA,NA,NA,3202.84102994239
998,2013,"14343372","__u_vr_",1166.60628066227,17,NA,NA,363784.131020783,NA
998,2014,"07442241","g___vr_",64.9539487986153,15,-27077.2979866923,NA,49795.6794986339,NA
998,2015,"05290150","g___vre",103.808728206739,11,-30273.0902155431,NA,11386.6322316641,40439.5812374826
998,2016,"08020590","g_u__re",1161.79960254647,11,88581.4490383867,NA,NA,150946.147328701
998,2017,"12592084","g___vr_",1433.53498178512,10,134440.923784702,NA,286424.71041844,NA
998,2018,"14929016","g____r_",8.21120618853626,20,-26961.3824416662,NA,NA,NA
998,2019,"07094699","_k__vr_",262.17571341215,8,NA,295440.434804855,934494.769216941,NA
999,2013,"07484890","__u_vre",71.228733625367,12,NA,NA,12387.7993512285,69721.5021612484
999,2014,"15210152","gk__vre",10.3331712768306,5,81940.6754818011,65085.6923688833,37545.8576434307,35658.1385966176
999,2015,"01400580","__u_vr_",540.333191648028,20,NA,NA,395771.485941086,NA
999,2016,"05526388","gk__vre",13.7541694113757,19,104944.913816526,-180060.489752098,113895.77085257,174990.8880513
999,2017,"08302023","____vr_",6085.97962404782,16,NA,NA,9025.27467438795,NA
999,2018,"03040435","g_u_vre",607.944333697571,15,-129740.079873134,NA,117728.616162758,292585.664021375
999,2019,"05546395","g_u_vr_",7006.32921838724,18,77003.9436217673,NA,208286.452333863,NA
1000,2013,"07679505","g_upvr_",378.64651607501,18,-144187.905935837,NA,13611.0284847907,NA
1000,2014,"09819309","_____re",550.178715291642,13,NA,NA,NA,17314.2842441307
1000,2015,"02103674","g___vr_",92.3188431783352,16,176131.727876408,NA,110287.693850894,NA
1000,2016,"05381317","g_u__re",1978.09670350064,13,-84297.7299351712,NA,NA,34248.8459358449
1000,2017,"09084563","____vre",62.3961771447256,15,NA,NA,1269393.33471882,67117.9100075408
1000,2018,"04999441","g___vre",326.452809909416,17,158052.96978482,NA,10310684.9699997,3175.02002797457
1000,2019,"12039581","g___vr_",31.3264411033024,12,29610.9665964835,NA,386181.167668573,NA
