"id","jahr","ags","verk","verk_qual","urs_we_umsatz","urs_we_umsatz_quelle","urs_we_tp_stichtag","urs_we_svb_stichtag","urs_rt_gruppen_kennz","urs_rechtsform","g_ef4","g_ef5a","g_ef7","g_ef8","g_ef9","g_ef10","g_fef14","g_fef17","g_fef19","g_fef20","g_fef21","g_fef22","g_fef23","g_fef26","g_fef27","g_fef28","g_fef29","g_fef30","g_fef31","g_fef32","g_fef33","g_fef299","g_fef301","g_fef303","g_fef304u1","g_fef304u2","g_fef307","g_fef310","g_fef311","g_fef311_round","g_fef313","g_fef314","g_fef315","g_fef316","g_k20101","g_k20102","g_k20103","g_k20104","g_k20105","g_k20106","g_k20107","g_k2012","g_k2013","g_k2018","g_k2030","g_k2031","g_k2035","g_k2038","g_k2043","g_k2049","g_k2051","g_k2053","g_k2057","g_k2073","g_k2082","g_k2110","g_k2114","g_k2116","g_k2117","g_k2118","g_k2119","g_k2120","g_k2121","g_k2122","g_k2123","g_k2126","g_k2127","g_k2128","g_k2131","g_k2132","g_k2133","g_k2134","g_k2135","g_k2136","g_k2137","g_k2141","g_k2142","g_k2143","g_k2144","g_k2145","g_k2146","g_k2147","g_k2150","g_k2151","g_k2152","g_k2153","g_k2154","g_k2155","g_k2163","g_k2164","g_k2165","g_k2166","g_k2167","g_k2168","g_k2169","g_k2201","g_k2202","g_k2207","g_k2208","g_k2209","g_k2210","g_k2214","g_k2215","g_k2216","g_k2217","g_k2220","g_k2221","g_k2222","g_k2223","g_k2224","g_k2225","g_k2226","g_k2227","g_k2228","g_k2229","g_k2232","g_k2233","g_k2236","g_k2237","g_k2240","g_k2241","g_k2242","g_k2244","g_k2245","g_k2246","g_k2247","g_k2248","g_k2250","g_k2252","g_k2255","g_k2260","g_k2261","g_k2262","g_k2263","g_k2271","g_k2272","g_k2274","g_k2275","g_k2276","g_k2277","g_k2278","g_k2279","g_k2281","g_k2284","g_k2285","g_k2286","g_k2287","g_k2288","g_k2289","g_k6510","g_k65104","g_k65105","g_k65106","g_k65107","g_k6511","g_k65113","g_k65114","g_k65115","g_k65116","g_k65117","g_k65119","g_k65120","g_k65121","g_k65122","g_k65123","g_k65129","g_k65130","g_k65132","g_k65134","g_k65135","g_k65136","g_k65139","g_k6514","g_k65140","g_k65141","g_k65142","g_k65143","g_k6515","g_k65153","g_k6516","g_k6517","g_k65171","g_k6520","g_k6522","g_k6524","g_k65250","g_k65251","g_k65252","g_k65253","g_k65254","g_k65255","g_k65256","g_k6526","g_k65277","g_k6528","g_k65282","g_k65290","g_k65291","g_k65375","g_k6541","g_k6543","g_k6546","g_k6550","g_k6551","g_k65510","g_k65512","g_k6552","g_k65528","g_k65529","g_k6553","g_k65531","g_k65532","g_k65533","g_k65534","g_k65536","g_k65537","g_k65539","g_k6554","g_k65542","g_k65543","g_k65544","g_k65545","g_k65546","g_k65547","g_k65548","g_k65549","g_k65550","g_k65554","g_k65555","g_k65556","g_k65557","g_k6556","g_k65561","g_k65564","g_k65566","g_k65569","g_k6557","g_k65571","g_k65572","g_k65573","g_k65574","g_k65575","g_k65576","g_k65577","g_k65578","g_k65579","g_k6558","g_k65580","g_k6559","g_k65610","g_k65611","g_k65612","g_k65613","g_k65614","g_k65615","g_k65616","g_k65617","g_k65618","g_k65619","g_k65620","g_k65621","g_k65633","g_k65634","g_k65635","g_k65636","g_k65644","g_k65645","g_k65646","g_k65650","g_k65651","g_k65652","g_k65653","g_k65654","g_k65655","g_k65656","g_k65657","g_k65658","g_k65659","g_k6566","g_k65660","g_k65661","g_k65662","g_k65666","g_k65669","g_k6567","g_k65670","g_k65671","g_k65674","g_k65675","g_k65676","g_k6568","g_k65680","g_k65681","g_k65682","g_k65685","g_k65686","g_k65687","g_k65688","g_k65689","g_k65693","g_k65694","g_k65695","g_k65698","g_k6570","g_k6571","g_k6572","g_k6573","g_k6574","g_k6578","g_k6579","g_k6585","g_k6586","g_k6589","g_k6593","g_k6595","g_k6598","g_k7536","g_k7550","g_k7557","g_k7566","g_k7571","g_k7573","g_k7575","g_k7662","g_k7664","g_k7666","g_k7675","g_k7676"
1,2013,"11770969","_____r_",1,537.0103671939,4,12,9,0,101,NA,NA,NA,NA,NA,NA,NA,NA,NA,NA,NA,NA,NA,NA,NA,NA,NA,NA,NA,NA,NA,NA,NA,NA,NA,NA,NA,NA,NA,NA,NA,NA,NA,NA,NA,NA,NA,NA,NA,NA,NA,NA,NA,NA,NA,NA,NA,NA,NA,NA,NA,NA,NA,NA,NA,NA,NA,NA,NA,NA,NA,NA,NA,NA,NA,NA,NA,NA,NA,NA,NA,NA,NA,NA,NA,NA,NA,NA,NA,NA,NA,NA,NA,NA,NA,NA,NA,NA,NA,NA,NA,NA,NA,NA,NA,NA,NA,NA,NA,NA,NA,NA,NA,NA,NA,NA,NA,NA,NA,NA,NA,NA,NA,NA,NA,NA,NA,NA,NA,NA,NA,NA,NA,NA,NA,NA,NA,NA,NA,NA,NA,NA,NA,NA,NA,NA,NA,NA,NA,NA,NA,NA,NA,NA,NA,NA,NA,NA,NA,NA,NA,NA,NA,NA,NA,NA,NA,NA,NA,NA,NA,NA,NA,NA,NA,NA,NA,NA,NA,NA,NA,NA,NA,NA,NA,NA,NA,NA,NA,NA,NA,NA,NA,NA,NA,NA,NA,NA,NA,NA,NA,NA,NA,NA,NA,NA,NA,NA,NA,NA,NA,NA,NA,NA,NA,NA,NA,NA,NA,NA,NA,NA,NA,NA,NA,NA,NA,NA,NA,NA,NA,NA,NA,NA,NA,NA,NA,NA,NA,NA,NA,NA,NA,NA,NA,NA,NA,NA,NA,NA,NA,NA,NA,NA,NA,NA,NA,NA,NA,NA,NA,NA,NA,NA,NA,NA,NA,NA,NA,NA,NA,NA,NA,NA,NA,NA,NA,NA,NA,NA,NA,NA,NA,NA,NA,NA,NA,NA,NA,NA,NA,NA,NA,NA,NA,NA,NA,NA,NA,NA,NA,NA,NA,NA,NA,NA,NA,NA,NA,NA,NA,NA,NA,NA,NA,NA,NA,NA,NA,NA,NA,NA,NA,NA,NA,NA,NA,NA,NA,NA,NA,NA,NA,NA,NA,NA,NA,NA
1,2014,"02870311","_____r_",1,390.093996842903,4,12,10,0,101,NA,NA,NA,NA,NA,NA,NA,NA,NA,NA,NA,NA,NA,NA,NA,NA,NA,NA,NA,NA,NA,NA,NA,NA,NA,NA,NA,NA,NA,NA,NA,NA,NA,NA,NA,NA,NA,NA,NA,NA,NA,NA,NA,NA,NA,NA,NA,NA,NA,NA,NA,NA,NA,NA,NA,NA,NA,NA,NA,NA,NA,NA,NA,NA,NA,NA,NA,NA,NA,NA,NA,NA,NA,NA,NA,NA,NA,NA,NA,NA,NA,NA,NA,NA,NA,NA,NA,NA,NA,NA,NA,NA,NA,NA,NA,NA,NA,NA,NA,NA,NA,NA,NA,NA,NA,NA,NA,NA,NA,NA,NA,NA,NA,NA,NA,NA,NA,NA,NA,NA,NA,NA,NA,NA,NA,NA,NA,NA,NA,NA,NA,NA,NA,NA,NA,NA,NA,NA,NA,NA,NA,NA,NA,NA,NA,NA,NA,NA,NA,NA,NA,NA,NA,NA,NA,NA,NA,NA,NA,NA,NA,NA,NA,NA,NA,NA,NA,NA,NA,NA,NA,NA,NA,NA,NA,NA,NA,NA,NA,NA,NA,NA,NA,NA,NA,NA,NA,NA,NA,NA,NA,NA,NA,NA,NA,NA,NA,NA,NA,NA,NA,NA,NA,NA,NA,NA,NA,NA,NA,NA,NA,NA,NA,NA,NA,NA,NA,NA,NA,NA,NA,NA,NA,NA,NA,NA,NA,NA,NA,NA,NA,NA,NA,NA,NA,NA,NA,NA,NA,NA,NA,NA,NA,NA,NA,NA,NA,NA,NA,NA,NA,NA,NA,NA,NA,NA,NA,NA,NA,NA,NA,NA,NA,NA,NA,NA,NA,NA,NA,NA,NA,NA,NA,NA,NA,NA,NA,NA,NA,NA,NA,NA,NA,NA,NA,NA,NA,NA,NA,NA,NA,NA,NA,NA,NA,NA,NA,NA,NA,NA,NA,NA,NA,NA,NA,NA,NA,NA,NA,NA,NA,NA,NA,NA,NA,NA,NA,NA,NA,NA,NA,NA,NA,NA,NA,NA,NA,NA
1,2015,"04698912","_____r_",1,146.538581268927,1,16,11,0,101,NA,NA,NA,NA,NA,NA,NA,NA,NA,NA,NA,NA,NA,NA,NA,NA,NA,NA,NA,NA,NA,NA,NA,NA,NA,NA,NA,NA,NA,NA,NA,NA,NA,NA,NA,NA,NA,NA,NA,NA,NA,NA,NA,NA,NA,NA,NA,NA,NA,NA,NA,NA,NA,NA,NA,NA,NA,NA,NA,NA,NA,NA,NA,NA,NA,NA,NA,NA,NA,NA,NA,NA,NA,NA,NA,NA,NA,NA,NA,NA,NA,NA,NA,NA,NA,NA,NA,NA,NA,NA,NA,NA,NA,NA,NA,NA,NA,NA,NA,NA,NA,NA,NA,NA,NA,NA,NA,NA,NA,NA,NA,NA,NA,NA,NA,NA,NA,NA,NA,NA,NA,NA,NA,NA,NA,NA,NA,NA,NA,NA,NA,NA,NA,NA,NA,NA,NA,NA,NA,NA,NA,NA,NA,NA,NA,NA,NA,NA,NA,NA,NA,NA,NA,NA,NA,NA,NA,NA,NA,NA,NA,NA,NA,NA,NA,NA,NA,NA,NA,NA,NA,NA,NA,NA,NA,NA,NA,NA,NA,NA,NA,NA,NA,NA,NA,NA,NA,NA,NA,NA,NA,NA,NA,NA,NA,NA,NA,NA,NA,NA,NA,NA,NA,NA,NA,NA,NA,NA,NA,NA,NA,NA,NA,NA,NA,NA,NA,NA,NA,NA,NA,NA,NA,NA,NA,NA,NA,NA,NA,NA,NA,NA,NA,NA,NA,NA,NA,NA,NA,NA,NA,NA,NA,NA,NA,NA,NA,NA,NA,NA,NA,NA,NA,NA,NA,NA,NA,NA,NA,NA,NA,NA,NA,NA,NA,NA,NA,NA,NA,NA,NA,NA,NA,NA,NA,NA,NA,NA,NA,NA,NA,NA,NA,NA,NA,NA,NA,NA,NA,NA,NA,NA,NA,NA,NA,NA,NA,NA,NA,NA,NA,NA,NA,NA,NA,NA,NA,NA,NA,NA,NA,NA,NA,NA,NA,NA,NA,NA,NA,NA,NA,NA,NA,NA,NA,NA,NA,NA
1,2016,"10650474","g____r_",1,200.920997940575,4,24,17,0,301,"E","1","1","2","2","0","1","1","E","1","A","2","A","A","2","0","2","2","2","2","2","B","1",-55090.8885575283,"2","A","2",-24850.8051788698,57420.5945671922,140727.921864449,"2",58677.179847842,199854.671084962,21362.8147435142,290047.200988396,125776.597726026,-4483.64272548656,-117029.908623713,46675.8085681347,135519.919315993,209511.514657502,152681.289927713,189962.793973011,83049.3863007175,51815.574922584,42788.3115743229,129439.088219023,39718.9178059628,69881.8872721131,173019.910835142,62888.8382336411,131242.646830476,181255.419522186,262728.679920163,98668.5431039164,-129828.46740668,251015.053492959,-18910.4075273236,120475.504884955,-90112.0867481697,-135750.700938291,-82505.738676622,-11015.8433107646,137983.558809201,-13438.4565269199,47496.8066371013,368.341532851533,108981.011504695,259133.97302225,-27335.2870070505,85260.9715822619,22978.9182499482,180027.268465625,221843.034451813,16263.5477575062,-1272.91763690913,151302.690134145,113496.393362895,-6405.41688816338,143280.764524847,-89929.2090142269,102808.604581338,36973.6915080425,98237.7664781959,7502.50137891508,179161.4952547,76021.1670681826,229429.388391571,137068.516929425,68500.5682521123,-112974.674259277,149149.800608055,-130534.102746055,43505.5111201932,80518.4203952437,-46467.1812925734,61249.3963991162,11629.8596427441,-203043.067067208,2943.00905818695,77977.8684870111,127574.812141483,199793.695630363,120049.813288935,35997.6811769331,25122.8849023327,-56693.0718282888,40180.332250673,-67775.6276554129,-57872.2608602978,-42864.5992970408,-80088.0834181256,34712.1672048241,-92113.3184673755,9766.16263512328,155842.555527656,47993.6767665666,136658.507633252,79047.6402024173,72042.3730239384,-38252.615573292,115466.354904737,71616.4395274559,47842.5837346818,190725.537092196,-39851.9591232001,13896.2928825078,-78575.8184254549,133935.629412726,86766.2601024302,-52308.1519061895,70591.2844161052,-1398.34209614142,-69479.4767581388,104408.03699575,969.828295759202,-64688.9052275638,56963.2407826009,175425.446451445,-55311.3378397867,74133.6414644922,-5060.75814058019,209908.683255109,-107271.282981906,257665.951323627,11865.9491169432,75530.5888322494,280262.464763,163631.07837775,-4193.50090064836,98713.1962128498,-6096.63552229275,-172515.431179156,-207185.520870391,82110.0781534204,-18005.6204693717,63045.9017685759,77328.0407466956,159536.870271816,-7093.93326202527,80776.4028943666,-34052.9138972525,21310.8598009432,58547.6045409218,16401.7062535254,-168896.071174956,-45084.525960776,70993.5801810751,-63020.0383467003,27665.6109965502,-30227.0806059594,38835.6172249954,26324.5209877622,137472.98263779,6490.3483705805,190655.660003083,-102817.581679449,62658.4212917045,-27665.6883510109,54419.5304249776,20264.5204034263,51138.1840933131,142294.571476883,34703.6905866067,35519.5016044497,159811.855359246,210368.563173388,-42619.5978754581,72655.952537369,81708.7725577757,113091.820710633,48848.516838913,-19177.4492011199,138037.693998775,164828.184364281,65311.3933541792,20245.8478027651,-61324.3403777081,292060.384186183,175160.862331673,165075.274075735,-144592.076390938,-107421.959799393,82959.0451826487,118263.734187081,77945.614298373,46440.9838055043,176690.249820526,-24855.5778651083,57082.9556992036,-37092.9393650062,-6909.46643129527,215729.263878369,-57632.7060264204,113644.186484032,71473.2591210519,-46345.2926856045,-96999.956726803,-124791.881015607,-26569.8127506007,213384.440842333,-33034.8724003624,-37406.9627184196,130178.249203075,-54910.0200209353,-50988.8381343771,122744.312509006,-104823.794209795,-155739.023811395,1812.80104207625,72793.4578786889,223606.865971517,104818.246070574,27189.614812057,-98973.77787377,70396.6056987315,-20760.0131526052,51457.8562211876,120179.242901118,-46922.9277559969,-22110.344525315,64148.9522722756,37753.0239320392,-28602.5355610608,230276.222812275,99898.4906628305,165407.543100968,80221.6706210313,172961.2917855,60569.5687850634,173284.633105794,-73819.4962253695,117730.548109777,-3512.55052791689,121292.997472592,217131.031766637,139207.684532158,-19926.7847687033,63429.409133191,114284.220368967,151555.036449696,179388.19716197,-125049.248955813,283126.911854306,46376.6827512194,-38113.4054201056,37686.9584792286,-1380.37808101883,117199.87570587,15006.4138411577,182634.418438247,99569.418760085,182056.016692289,254299.170835872,-99640.3034744916,54565.7432332379,185842.916610173,-14677.1145256315,21181.526519841,233105.00745091,-45201.355600211,10313.6549890977,-93477.9295088643,-126566.24486309,99214.2724275787,53946.4624524819,-45507.380004921,-36162.9739480073,74605.2880487622,-25873.3485196385,-79481.224752908,161421.949308753,-97260.5807198993,-95195.4632618536,97030.6207133103,-70649.9470787722,-13686.4090694345,38214.6098577066,103819.263849369,-33323.1686653949,-100312.51384478,-56869.5296901752,-89071.0070850948,-48781.0432148538,105778.07777583,-58697.357777342,141682.497905513,-65512.0367118543,143627.999445055,-47693.8557491351,108134.273843,311901.467958754,32632.6363061622,129962.167111305,-12322.3721072725,159133.009280602,49610.3908741043,151809.902404033,-120875.971761535,105495.117967024,13392.0797971286,25625.7965052533,-24782.9452854941,57143.7278794044,-57310.4269593269,-11972.7617434978,125862.50711371,-84041.3513491088
1,2017,"09040811","_____r_",1,46.1446975935566,4,20,13,0,101,NA,NA,NA,NA,NA,NA,NA,NA,NA,NA,NA,NA,NA,NA,NA,NA,NA,NA,NA,NA,NA,NA,NA,NA,NA,NA,NA,NA,NA,NA,NA,NA,NA,NA,NA,NA,NA,NA,NA,NA,NA,NA,NA,NA,NA,NA,NA,NA,NA,NA,NA,NA,NA,NA,NA,NA,NA,NA,NA,NA,NA,NA,NA,NA,NA,NA,NA,NA,NA,NA,NA,NA,NA,NA,NA,NA,NA,NA,NA,NA,NA,NA,NA,NA,NA,NA,NA,NA,NA,NA,NA,NA,NA,NA,NA,NA,NA,NA,NA,NA,NA,NA,NA,NA,NA,NA,NA,NA,NA,NA,NA,NA,NA,NA,NA,NA,NA,NA,NA,NA,NA,NA,NA,NA,NA,NA,NA,NA,NA,NA,NA,NA,NA,NA,NA,NA,NA,NA,NA,NA,NA,NA,NA,NA,NA,NA,NA,NA,NA,NA,NA,NA,NA,NA,NA,NA,NA,NA,NA,NA,NA,NA,NA,NA,NA,NA,NA,NA,NA,NA,NA,NA,NA,NA,NA,NA,NA,NA,NA,NA,NA,NA,NA,NA,NA,NA,NA,NA,NA,NA,NA,NA,NA,NA,NA,NA,NA,NA,NA,NA,NA,NA,NA,NA,NA,NA,NA,NA,NA,NA,NA,NA,NA,NA,NA,NA,NA,NA,NA,NA,NA,NA,NA,NA,NA,NA,NA,NA,NA,NA,NA,NA,NA,NA,NA,NA,NA,NA,NA,NA,NA,NA,NA,NA,NA,NA,NA,NA,NA,NA,NA,NA,NA,NA,NA,NA,NA,NA,NA,NA,NA,NA,NA,NA,NA,NA,NA,NA,NA,NA,NA,NA,NA,NA,NA,NA,NA,NA,NA,NA,NA,NA,NA,NA,NA,NA,NA,NA,NA,NA,NA,NA,NA,NA,NA,NA,NA,NA,NA,NA,NA,NA,NA,NA,NA,NA,NA,NA,NA,NA,NA,NA,NA,NA,NA,NA,NA,NA,NA,NA,NA,NA,NA,NA,NA,NA,NA,NA
1,2018,"07517554","_____r_",1,310.322930095234,4,14,8,0,301,NA,NA,NA,NA,NA,NA,NA,NA,NA,NA,NA,NA,NA,NA,NA,NA,NA,NA,NA,NA,NA,NA,NA,NA,NA,NA,NA,NA,NA,NA,NA,NA,NA,NA,NA,NA,NA,NA,NA,NA,NA,NA,NA,NA,NA,NA,NA,NA,NA,NA,NA,NA,NA,NA,NA,NA,NA,NA,NA,NA,NA,NA,NA,NA,NA,NA,NA,NA,NA,NA,NA,NA,NA,NA,NA,NA,NA,NA,NA,NA,NA,NA,NA,NA,NA,NA,NA,NA,NA,NA,NA,NA,NA,NA,NA,NA,NA,NA,NA,NA,NA,NA,NA,NA,NA,NA,NA,NA,NA,NA,NA,NA,NA,NA,NA,NA,NA,NA,NA,NA,NA,NA,NA,NA,NA,NA,NA,NA,NA,NA,NA,NA,NA,NA,NA,NA,NA,NA,NA,NA,NA,NA,NA,NA,NA,NA,NA,NA,NA,NA,NA,NA,NA,NA,NA,NA,NA,NA,NA,NA,NA,NA,NA,NA,NA,NA,NA,NA,NA,NA,NA,NA,NA,NA,NA,NA,NA,NA,NA,NA,NA,NA,NA,NA,NA,NA,NA,NA,NA,NA,NA,NA,NA,NA,NA,NA,NA,NA,NA,NA,NA,NA,NA,NA,NA,NA,NA,NA,NA,NA,NA,NA,NA,NA,NA,NA,NA,NA,NA,NA,NA,NA,NA,NA,NA,NA,NA,NA,NA,NA,NA,NA,NA,NA,NA,NA,NA,NA,NA,NA,NA,NA,NA,NA,NA,NA,NA,NA,NA,NA,NA,NA,NA,NA,NA,NA,NA,NA,NA,NA,NA,NA,NA,NA,NA,NA,NA,NA,NA,NA,NA,NA,NA,NA,NA,NA,NA,NA,NA,NA,NA,NA,NA,NA,NA,NA,NA,NA,NA,NA,NA,NA,NA,NA,NA,NA,NA,NA,NA,NA,NA,NA,NA,NA,NA,NA,NA,NA,NA,NA,NA,NA,NA,NA,NA,NA,NA,NA,NA,NA,NA,NA,NA,NA,NA,NA,NA,NA
1,2019,"14033042","_____r_",2,267.55059253875,4,24,18,1,201,NA,NA,NA,NA,NA,NA,NA,NA,NA,NA,NA,NA,NA,NA,NA,NA,NA,NA,NA,NA,NA,NA,NA,NA,NA,NA,NA,NA,NA,NA,NA,NA,NA,NA,NA,NA,NA,NA,NA,NA,NA,NA,NA,NA,NA,NA,NA,NA,NA,NA,NA,NA,NA,NA,NA,NA,NA,NA,NA,NA,NA,NA,NA,NA,NA,NA,NA,NA,NA,NA,NA,NA,NA,NA,NA,NA,NA,NA,NA,NA,NA,NA,NA,NA,NA,NA,NA,NA,NA,NA,NA,NA,NA,NA,NA,NA,NA,NA,NA,NA,NA,NA,NA,NA,NA,NA,NA,NA,NA,NA,NA,NA,NA,NA,NA,NA,NA,NA,NA,NA,NA,NA,NA,NA,NA,NA,NA,NA,NA,NA,NA,NA,NA,NA,NA,NA,NA,NA,NA,NA,NA,NA,NA,NA,NA,NA,NA,NA,NA,NA,NA,NA,NA,NA,NA,NA,NA,NA,NA,NA,NA,NA,NA,NA,NA,NA,NA,NA,NA,NA,NA,NA,NA,NA,NA,NA,NA,NA,NA,NA,NA,NA,NA,NA,NA,NA,NA,NA,NA,NA,NA,NA,NA,NA,NA,NA,NA,NA,NA,NA,NA,NA,NA,NA,NA,NA,NA,NA,NA,NA,NA,NA,NA,NA,NA,NA,NA,NA,NA,NA,NA,NA,NA,NA,NA,NA,NA,NA,NA,NA,NA,NA,NA,NA,NA,NA,NA,NA,NA,NA,NA,NA,NA,NA,NA,NA,NA,NA,NA,NA,NA,NA,NA,NA,NA,NA,NA,NA,NA,NA,NA,NA,NA,NA,NA,NA,NA,NA,NA,NA,NA,NA,NA,NA,NA,NA,NA,NA,NA,NA,NA,NA,NA,NA,NA,NA,NA,NA,NA,NA,NA,NA,NA,NA,NA,NA,NA,NA,NA,NA,NA,NA,NA,NA,NA,NA,NA,NA,NA,NA,NA,NA,NA,NA,NA,NA,NA,NA,NA,NA,NA,NA,NA,NA,NA,NA,NA,NA
2,2013,"05945760","g____r_",2,84.900607885968,4,17,13,0,101,"A","0","A","2","2","1","2","1","E","1","B","E","0","1","2","0","E","E","1","E","2","E","A",-14204.7719113126,"2","1","0",173889.57678652,94439.678273333,175381.215804501,"E",-7726.48223040968,27707.7457553029,405.664953177613,127868.977535211,-14203.1600376202,75526.8335629014,135140.603962132,144549.010809766,266522.359846529,104389.376509673,218017.724443176,114480.5808734,99221.9235838037,115537.141200364,121970.427633094,137487.622977855,57971.0226372976,-6026.85172833558,-79347.4594885238,197518.973423409,-104254.941614631,83011.2760181037,62774.1341735677,12597.3956241572,-79330.0172787146,137031.194556976,119551.29611067,175130.230538638,-53194.4526028902,165747.168095044,95383.8167418189,-139016.482315589,-1149.04704878344,89308.8246292467,139120.149662182,46808.89794362,23370.3903336791,-61765.9158108206,-105624.494420095,21448.3019701305,25361.516065446,-15561.8519323754,234396.909406429,117732.871742676,136705.687340716,65224.3931407787,212793.134916914,25618.3678740949,-44142.3810313974,12767.8833361283,48415.8359979084,38755.3294813272,175294.280726739,-17919.0522810082,11742.8577608618,-49981.3417406818,-70360.9533810165,239350.376087339,55504.6392448351,128085.284793279,161133.653358489,-147355.349089305,32083.239392545,22352.2558277366,128996.015272739,109091.860495617,33453.8401829984,270056.074174954,172222.304405854,-215740.773094842,-52274.6489547077,154811.096234411,19251.0200368219,178459.571382885,664.828969955175,33016.1294034478,10269.9286902602,-123907.504658931,228554.555634807,-134121.317978363,-13330.7629005785,-76203.5126488175,222593.064896186,171347.863712998,-143200.890540555,-36994.9465518075,40163.2845460894,39390.048963472,30117.9414459224,137777.316565014,36542.3116769005,-16845.8714769303,25377.6178800354,-41535.7773094863,-27238.8780500356,-55569.6086395754,-41918.0723277793,-110040.434251474,58596.1588079093,197379.171579367,123491.017280701,65507.2861084165,-39164.9772323165,63035.8492851993,127635.702646525,-117429.590159139,81156.8874679942,60154.1902569164,-45026.5724676037,25459.2018861647,160191.709923234,-64941.3386249732,-44480.8784995678,51569.4758033736,65156.2369197595,13016.1711245847,292073.545803067,104737.111907694,47723.9878128649,114997.323116046,-130955.270653737,110621.203335265,-94023.7067906551,-85957.7074198238,-76002.3484710648,148595.691855853,88685.4170618822,86118.6979374758,55720.568374983,43634.9546863522,-1100.28928786753,-28598.299114204,-41606.3394773824,128787.536740973,161084.700935685,62721.8962309821,25561.5613984105,139189.479928806,5700.21570275488,-76184.724731679,-9005.91861914549,-99314.5474510464,153704.727248448,-80329.0546414573,113283.024763745,46900.7614907521,38123.76590674,22333.7203815184,199358.916663583,77835.1452134781,-130073.389464991,-20680.2072463193,68254.4551595105,-91252.7693034108,196209.506577089,59644.4485321864,184774.404965643,121840.002292127,155668.128854808,92443.3340300983,113142.122833704,-21942.8698278254,7441.91289212267,171309.558573582,-182725.65039229,121912.471582688,178855.933577706,115898.272893727,12436.5824469385,-22713.5963397559,245876.565828473,-2461.65006831822,98039.5940843439,50133.7368233912,85135.008024717,85135.5350649298,-104614.084910565,31600.0578893522,93139.6169192966,-11092.6343089383,-29086.5482966219,68856.0267051614,4117.42284482867,129777.824944927,-53549.593048824,53805.8698108615,-98586.4788586161,195718.206449384,133144.555297158,-28983.3336636973,157510.480131931,-34377.2149678808,-65013.1965517687,-70580.5882179578,11742.0727313753,-90957.811941407,137991.287928885,128968.299609166,32246.1114327443,-58581.166634921,101965.735558496,80081.7457753006,-2037.07603491507,161982.920056109,115888.178907799,9864.79970476442,140263.489495845,-49694.0180043063,-12497.8739523958,192608.539103072,19378.5612912671,-6327.49300246878,-35310.762473252,100139.137949241,38383.335683401,119761.403806134,89382.3142526312,-91531.7330764029,77609.1324857686,39041.2543659409,57254.239613883,201121.872193333,39479.8913881931,-219935.497911807,-45216.2821678645,75041.2978379994,-24590.2053318713,100245.869166205,267451.092997594,184682.516947068,854.828309183635,28564.7617486869,22522.0778027241,191277.404279758,-41468.0230875453,75761.8605007862,124391.951868801,15517.8179332862,146052.212799987,-6336.45313055768,23893.3504725903,55923.040764566,31144.4986766064,93103.5267518208,165420.866541322,82309.0410706538,99472.9659459435,-145481.675603776,100587.877776121,113657.076581076,-195.336199343168,40874.2190828722,-1612.63468494849,70291.8872125082,3397.71331523589,49577.3094693061,54819.6119468315,-40084.6741767199,11049.0872283283,-35730.6581093327,81977.1351320667,41405.7568850802,64744.1121765499,-101899.880947052,62145.9677695703,-151088.626514684,133919.027288562,234394.843367613,-76602.4276436458,-20057.5357159467,40196.9107101446,52859.9647966888,-87635.4892919212,52400.7774054589,239559.245425726,7523.68777633031,106798.067168499,55429.0517558032,-76583.2420703434,-4471.42614458346,50526.0389440268,-40159.6550505879,60871.5312219204,189165.091817979,71127.8529363266,-273164.313933611,14514.414669036,70334.7239561379,-59387.6329115995,128927.618595317,147193.194941484,12738.1075847875,-21903.4496215987,136352.319969282,46092.9233707993,-51591.3038548903,-70963.329650726
2,2014,"09103865","_____r_",1,10.2525524101923,1,18,11,0,201,NA,NA,NA,NA,NA,NA,NA,NA,NA,NA,NA,NA,NA,NA,NA,NA,NA,NA,NA,NA,NA,NA,NA,NA,NA,NA,NA,NA,NA,NA,NA,NA,NA,NA,NA,NA,NA,NA,NA,NA,NA,NA,NA,NA,NA,NA,NA,NA,NA,NA,NA,NA,NA,NA,NA,NA,NA,NA,NA,NA,NA,NA,NA,NA,NA,NA,NA,NA,NA,NA,NA,NA,NA,NA,NA,NA,NA,NA,NA,NA,NA,NA,NA,NA,NA,NA,NA,NA,NA,NA,NA,NA,NA,NA,NA,NA,NA,NA,NA,NA,NA,NA,NA,NA,NA,NA,NA,NA,NA,NA,NA,NA,NA,NA,NA,NA,NA,NA,NA,NA,NA,NA,NA,NA,NA,NA,NA,NA,NA,NA,NA,NA,NA,NA,NA,NA,NA,NA,NA,NA,NA,NA,NA,NA,NA,NA,NA,NA,NA,NA,NA,NA,NA,NA,NA,NA,NA,NA,NA,NA,NA,NA,NA,NA,NA,NA,NA,NA,NA,NA,NA,NA,NA,NA,NA,NA,NA,NA,NA,NA,NA,NA,NA,NA,NA,NA,NA,NA,NA,NA,NA,NA,NA,NA,NA,NA,NA,NA,NA,NA,NA,NA,NA,NA,NA,NA,NA,NA,NA,NA,NA,NA,NA,NA,NA,NA,NA,NA,NA,NA,NA,NA,NA,NA,NA,NA,NA,NA,NA,NA,NA,NA,NA,NA,NA,NA,NA,NA,NA,NA,NA,NA,NA,NA,NA,NA,NA,NA,NA,NA,NA,NA,NA,NA,NA,NA,NA,NA,NA,NA,NA,NA,NA,NA,NA,NA,NA,NA,NA,NA,NA,NA,NA,NA,NA,NA,NA,NA,NA,NA,NA,NA,NA,NA,NA,NA,NA,NA,NA,NA,NA,NA,NA,NA,NA,NA,NA,NA,NA,NA,NA,NA,NA,NA,NA,NA,NA,NA,NA,NA,NA,NA,NA,NA,NA,NA,NA,NA,NA,NA,NA,NA,NA,NA,NA,NA,NA,NA
2,2015,"14228251","_____r_",1,602.747058477952,1,25,16,0,301,NA,NA,NA,NA,NA,NA,NA,NA,NA,NA,NA,NA,NA,NA,NA,NA,NA,NA,NA,NA,NA,NA,NA,NA,NA,NA,NA,NA,NA,NA,NA,NA,NA,NA,NA,NA,NA,NA,NA,NA,NA,NA,NA,NA,NA,NA,NA,NA,NA,NA,NA,NA,NA,NA,NA,NA,NA,NA,NA,NA,NA,NA,NA,NA,NA,NA,NA,NA,NA,NA,NA,NA,NA,NA,NA,NA,NA,NA,NA,NA,NA,NA,NA,NA,NA,NA,NA,NA,NA,NA,NA,NA,NA,NA,NA,NA,NA,NA,NA,NA,NA,NA,NA,NA,NA,NA,NA,NA,NA,NA,NA,NA,NA,NA,NA,NA,NA,NA,NA,NA,NA,NA,NA,NA,NA,NA,NA,NA,NA,NA,NA,NA,NA,NA,NA,NA,NA,NA,NA,NA,NA,NA,NA,NA,NA,NA,NA,NA,NA,NA,NA,NA,NA,NA,NA,NA,NA,NA,NA,NA,NA,NA,NA,NA,NA,NA,NA,NA,NA,NA,NA,NA,NA,NA,NA,NA,NA,NA,NA,NA,NA,NA,NA,NA,NA,NA,NA,NA,NA,NA,NA,NA,NA,NA,NA,NA,NA,NA,NA,NA,NA,NA,NA,NA,NA,NA,NA,NA,NA,NA,NA,NA,NA,NA,NA,NA,NA,NA,NA,NA,NA,NA,NA,NA,NA,NA,NA,NA,NA,NA,NA,NA,NA,NA,NA,NA,NA,NA,NA,NA,NA,NA,NA,NA,NA,NA,NA,NA,NA,NA,NA,NA,NA,NA,NA,NA,NA,NA,NA,NA,NA,NA,NA,NA,NA,NA,NA,NA,NA,NA,NA,NA,NA,NA,NA,NA,NA,NA,NA,NA,NA,NA,NA,NA,NA,NA,NA,NA,NA,NA,NA,NA,NA,NA,NA,NA,NA,NA,NA,NA,NA,NA,NA,NA,NA,NA,NA,NA,NA,NA,NA,NA,NA,NA,NA,NA,NA,NA,NA,NA,NA,NA,NA,NA,NA,NA,NA,NA
2,2016,"07109441","g____r_",1,449.61571198201,4,14,11,0,101,"E","2","0","B","0","2","1","E","A","0","B","2","E","E","1","A","0","E","2","1","E","B","B",-14047.8769746052,"A","A","B",33036.7711038925,65519.3024923878,122384.384980533,"A",196035.11359012,57796.7154108092,142419.96440274,18608.3539993595,109672.747802109,79937.2538453843,239390.792341625,73925.8350876192,35744.4611413976,-115685.694214261,55669.3995574587,84369.7858165714,120628.474064871,48824.9583471942,81429.3902980804,-7827.65517575844,-51944.5493397215,498.432297777312,113952.608855271,115094.823930494,-42560.1777803317,6171.75076496499,829.044101334322,236554.699988919,113045.656645731,72477.1563604097,-59575.868902303,117055.481073396,108178.056782101,-29455.3028383792,-56696.8081856839,-43835.810372134,64332.8474509505,-180719.028337284,18306.9965653253,100450.410176081,-55629.8212082575,117571.076978402,-49382.6109552451,236621.578298908,266526.451475663,-75073.6736370844,-49313.8802737249,167956.734520818,116843.1580088,-55984.6042639064,62612.3011151341,195506.01813986,77444.0226211041,116754.834792837,-28815.9028004799,158584.975682743,67757.1426967522,161189.476188231,78466.0210151658,12083.1638305819,25147.1240433625,-33019.3639005206,-71720.7056346979,53177.2427497063,5367.32898158288,-114996.342515893,-96470.2794035757,161307.776689799,69327.618315206,21417.6175232011,54268.0039141926,52885.7305416709,129687.613994087,49755.1089958679,-53765.2280580851,-10351.5540761696,-39240.8408505599,106848.609174297,25336.5980489955,-28216.1547526689,29031.9416706974,-32566.9024078229,-11778.1461765523,-163372.347902841,-26399.7022250343,200758.129678843,69164.729226175,-60136.0454535976,155869.566540028,156076.674607719,-74712.3964103708,126938.887867284,9926.34132477678,57349.6077629649,23620.6213168643,59976.4572009509,112433.53850915,87504.0272095648,46826.6024749846,98259.5045266146,18155.528429166,87148.4698405994,-98261.2533542271,-3401.2603522244,104863.081073951,-31600.5639445289,-50271.6223614721,157373.417787101,-99004.7738667252,-58986.9274346412,53710.4865150413,-117761.520550002,56842.137102721,-74106.1360453403,145.552181171508,-175141.859229774,126748.049457138,-64110.6842885737,-11631.3951743992,-140397.017151532,62461.1266258991,210001.798667075,-13507.4852950978,93.4940579217073,116907.519034389,133450.112857685,9550.02889667724,-28649.6106028799,59911.1458068998,34415.2044403118,117905.833453818,12707.6795325332,-134637.189616485,-15270.6990244145,68788.5443156269,-35385.9284271286,-75993.7854880996,21033.0663035274,-101509.286484188,63891.8529607823,40560.1374782055,39267.4854092876,44744.172003606,-33346.0100047745,95432.4260658081,43811.2578969039,113685.222595063,62098.0087143872,127569.895665102,132020.926322478,14488.9283630855,216155.740588295,-31337.4521058973,1521.56684044447,9153.9601005674,-111908.254342814,203093.294651444,-84855.7745709259,268521.138405789,89202.1674508865,8271.7546322556,21913.6670656695,28467.2552348498,167236.664667519,153164.452316674,57307.5628773006,89621.4004234193,118635.590004546,81685.9470942504,-190403.716894154,57413.6427674096,139767.452341428,171978.992518559,97008.2860778541,16450.5022577646,133631.019382239,-179599.931657829,-39124.1161847961,114426.919587482,-32587.0059896527,-36100.5752429767,110510.27769422,-170839.857645232,-49836.7384264483,26324.2636697632,72004.579369766,130627.873407902,52056.4060244174,-44329.1263982107,-80838.7354468812,28171.9787615553,132593.404242461,-9436.66619694103,-96215.2168560199,298146.716663229,-50857.3682624018,100364.772613633,212758.078033976,63845.7219318546,225380.763649807,90341.2590796722,-16599.9418305057,233022.303851032,-55071.7061975731,84270.2099219159,-37771.38355932,65606.8799605395,7865.44260259198,100176.693847995,100896.240867428,-77984.2943952493,165211.8967438,154875.109049073,-13552.2854763215,148616.5057481,137321.666150344,-13198.2138309437,4046.46757978575,79075.7342764419,79827.4262410239,100175.22175796,-50636.9522304771,-27953.2990440534,-130307.62310857,-67584.4676074219,-44192.6536976583,131053.216482516,-41473.8204313579,135242.366209807,-42374.3964129287,129684.441189159,-26450.9524348801,-112031.16559473,-32409.5215963347,94850.4261418333,144046.366776757,15839.987679452,213775.449762523,-9637.09513980157,135100.653340709,62157.5126718634,122077.197610302,-44044.9920082883,8754.84988970446,103977.595121348,-2767.79119256865,105790.430279857,-38989.3422785097,114598.253944216,-51209.5136850651,128402.12540827,-98748.3482442651,-85299.7254154914,32908.0040829497,-55575.6029366384,58031.8035881819,31746.9853508696,11838.6526015152,-153157.003107137,7985.85985626883,193661.807956846,125198.025082192,49815.7883450936,163138.224758166,71653.248110164,56674.7171595075,95016.6415092716,45931.9374355541,79610.5336540189,127496.290634692,-38898.0451068786,-173105.361316788,33439.8332076577,55836.0905759866,-80437.1060120428,162057.244603316,-110600.43233689,-81684.3336493728,15546.8574853691,122598.060007713,149787.436942227,12678.0480721915,-72182.6971255101,90452.5967591587,-26194.7055744604,30988.8609836335,-2650.65450821613,103680.53372435,-136265.866969039,16708.835735136,-34539.0490857463,150773.271686611,26499.0428292879,96961.6349324112,-26114.5032995937,9993.06853303972,99968.4920171789,-75916.3356559861,85458.1722152115,-163130.726611243,23823.3125813257
2,2017,"14329669","_____r_",1,27.8654289397145,1,13,12,1,101,NA,NA,NA,NA,NA,NA,NA,NA,NA,NA,NA,NA,NA,NA,NA,NA,NA,NA,NA,NA,NA,NA,NA,NA,NA,NA,NA,NA,NA,NA,NA,NA,NA,NA,NA,NA,NA,NA,NA,NA,NA,NA,NA,NA,NA,NA,NA,NA,NA,NA,NA,NA,NA,NA,NA,NA,NA,NA,NA,NA,NA,NA,NA,NA,NA,NA,NA,NA,NA,NA,NA,NA,NA,NA,NA,NA,NA,NA,NA,NA,NA,NA,NA,NA,NA,NA,NA,NA,NA,NA,NA,NA,NA,NA,NA,NA,NA,NA,NA,NA,NA,NA,NA,NA,NA,NA,NA,NA,NA,NA,NA,NA,NA,NA,NA,NA,NA,NA,NA,NA,NA,NA,NA,NA,NA,NA,NA,NA,NA,NA,NA,NA,NA,NA,NA,NA,NA,NA,NA,NA,NA,NA,NA,NA,NA,NA,NA,NA,NA,NA,NA,NA,NA,NA,NA,NA,NA,NA,NA,NA,NA,NA,NA,NA,NA,NA,NA,NA,NA,NA,NA,NA,NA,NA,NA,NA,NA,NA,NA,NA,NA,NA,NA,NA,NA,NA,NA,NA,NA,NA,NA,NA,NA,NA,NA,NA,NA,NA,NA,NA,NA,NA,NA,NA,NA,NA,NA,NA,NA,NA,NA,NA,NA,NA,NA,NA,NA,NA,NA,NA,NA,NA,NA,NA,NA,NA,NA,NA,NA,NA,NA,NA,NA,NA,NA,NA,NA,NA,NA,NA,NA,NA,NA,NA,NA,NA,NA,NA,NA,NA,NA,NA,NA,NA,NA,NA,NA,NA,NA,NA,NA,NA,NA,NA,NA,NA,NA,NA,NA,NA,NA,NA,NA,NA,NA,NA,NA,NA,NA,NA,NA,NA,NA,NA,NA,NA,NA,NA,NA,NA,NA,NA,NA,NA,NA,NA,NA,NA,NA,NA,NA,NA,NA,NA,NA,NA,NA,NA,NA,NA,NA,NA,NA,NA,NA,NA,NA,NA,NA,NA,NA,NA,NA,NA,NA,NA,NA,NA
2,2018,"02669025","g____r_",2,6.11548253441522,1,14,9,0,101,"0","2","E","2","1","2","E","B","A","A","2","0","2","1","B","1","A","B","A","2","E","A","2",112757.635669212,"E","A","B",210331.976703024,199903.836079639,217897.142217373,"0",60656.9030920908,83385.2936906676,42797.613939502,51404.360799436,34273.7364249523,82064.3328978997,-199313.622138979,205987.742118089,170813.53153813,60209.9883355152,-77984.6487552098,6718.99267740746,49219.0217241213,60088.2223957557,200545.955169981,108613.515852465,87101.7934828749,-85772.585429811,61119.154648984,-19117.5203573024,28520.5214235364,93822.0806352495,-8021.87424123463,154858.102383204,170377.596117545,-38627.8043215221,187749.461022883,145853.960865421,-80486.346667951,-114136.607113568,189993.81602956,86200.8484905823,82907.7964091456,62906.1670230938,49614.8176560921,107867.450733586,41986.4644779515,219805.222970217,277825.076645764,26910.2886409865,234371.77371882,-28528.1637284755,112144.652804871,-78588.2427954385,143384.823765682,175705.581060513,88540.3001555404,83373.9394953398,-55205.3294425342,-38257.3084148328,47844.2915582056,109264.42407017,26071.9379912402,48202.4952506098,35252.3490904036,-11246.7010614503,-36811.5774240756,76267.3710212238,62155.8951189772,36390.5639290012,172853.154585822,81703.4641619093,36687.2687448573,147759.192109845,69743.6423790706,214035.139878859,75440.6132179204,211843.305868507,116039.548091622,8748.97753838259,166332.763909951,33105.3659143407,-35761.9662730238,117550.235949399,220614.415029206,25409.1835626494,15419.8383296124,86541.6195968568,42289.9004007368,148643.168895274,132544.41927514,82510.9148983388,221507.030160422,-142470.447849385,272554.768400005,100704.461316476,123815.875532699,137080.932480262,164798.378979084,70499.7124166856,99687.4105298443,-83545.5405748709,152682.075935628,44647.968032373,-149033.659380567,72855.9479261567,119436.10254994,-93422.4444649395,-82543.6443944012,223593.600685504,92487.5639008438,43919.5515918556,111592.28157522,151515.578763053,157770.70509348,14298.3154593731,102223.914798818,-28296.5736525467,68238.6081140807,66546.8811744764,158787.758756455,-88598.565670657,129355.290431924,83479.2699746315,169984.471262428,78687.2774652141,96305.5604270603,81154.5973662099,165436.959669884,84270.9270349791,153761.265217469,-64512.620346921,183687.02145345,114115.617014208,52198.7121216119,-130215.591882218,90127.6228422712,28007.8490470856,29209.6975864126,123131.198824262,39655.6337552998,384361.565990646,23670.3047657505,80108.557756585,50338.6783429505,-29982.3910512296,-59335.7894498082,65767.0514655116,28413.4755012778,216476.836969528,87462.3557453586,25086.8379296914,-73961.5795837894,-20055.9195365016,86751.8575301832,-90659.6580707253,45876.3799639234,128999.599395557,-58883.631580257,4368.87623974774,81800.175690846,189468.951017788,53072.4920733545,84883.55425085,-62362.5031054204,142065.278884799,-80063.891907756,153473.355947045,81207.4016605288,-120945.789669802,81381.8580717442,77503.8655046611,-67267.9937525035,107290.652536343,48933.7310419329,134218.568607685,172033.010663214,127564.795766067,265111.238779175,87678.0636096857,50837.5349804401,105140.328346506,-24691.0169709245,107998.385689034,75941.2423831115,-19518.1353786226,70351.7310291185,-67507.0903771513,242377.474145315,163773.076801171,69991.5123915544,65122.0719345189,14539.2169695029,46186.4851515575,90305.5118138914,45875.5468100825,178361.013890929,-1524.95890555229,142004.854398798,6511.89668157369,83868.8425968659,84759.7261357509,-44814.7308389908,14489.0961340148,97280.4237924494,97186.4518805474,51441.2149344787,14641.8473902128,-66130.4348586088,100191.541627682,235189.602037584,10009.5026013234,168710.709687693,-45839.9911162418,135098.342154744,29511.0234871133,10617.6245089712,64534.3702792838,17975.5436204797,-5264.37877516488,91935.0484297613,82837.217595431,33515.5994894195,27582.8499162011,73926.8945640096,50417.5477248636,-4093.76610331319,40938.1702508149,-22535.4740821677,176153.368770951,-75131.675011643,144522.17207184,65991.2751429525,-24404.2383754866,139423.085436061,26422.894982793,3891.04469683299,-92462.6644540223,63240.6569227483,46344.484032897,15787.69518391,182778.991333516,85092.7139783238,-46776.3889384271,-143046.794342234,21266.2400554691,62511.0572371507,-2222.21768943354,8550.0584850917,39048.5611196803,180635.745424973,-23692.6300034554,64658.0128171827,-25524.4729086107,-62187.6795986829,116173.721883718,114302.111541011,89839.3642665471,132137.405718583,-144585.098498654,150092.326813946,-44632.706035885,-141270.13952676,69741.3851913151,-155312.293972478,22261.2990497109,4590.8046561278,95703.9002038842,35728.2911244181,19163.7509366908,-27922.2232500688,16541.1464417019,254943.499017779,210538.269816445,60444.0821895986,113097.116963502,-135968.333557369,-2226.29995508046,46927.4596032645,195487.517006048,-103037.46126719,206091.301413673,-60450.2230025179,-87493.9255068009,-81395.7127572937,170117.696257198,-9959.21648614314,219267.482190215,2527.18492400814,104173.301122198,138070.86801493,214.085257754268,-236504.630588967,-17761.7731573376,25185.0982012925,135333.261828996,19729.2718190403,-195735.884839431,-37285.9527828047,41906.2100863055,49022.634311461,25862.363752708,144315.11604275,155575.150357833,-102267.684062915,-47530.9413109205,-45275.8560782184
2,2019,"04076883","g____r_",1,223.613063069939,4,12,7,0,201,"2","0","E","1","A","1","0","A","2","A","2","2","B","2","B","E","1","E","1","A","0","A","E",112588.720467015,"E","1","B",-88505.3656517067,82916.2268053257,-17746.8906466246,"A",220007.422367786,176725.908601206,-55599.5366908054,-61441.7398300175,-73871.4498120289,46068.2549903277,193851.250106711,184658.763862868,115192.322510855,-55424.6238603956,37424.3137351734,-153712.307989229,3391.48502552141,187605.504186938,-7909.13715640885,245886.293632071,-49315.3586222071,362475.888024173,-9076.38497585063,19761.0589179006,-81989.6547040468,7090.75463117972,110308.771755799,31017.3006351784,-11298.3638359708,19825.5600298325,169487.049774654,-12001.1340832104,58404.7331758608,84406.8497799545,102742.47386916,79787.8826479215,-53903.782363478,97682.3183381557,37614.3973323311,-57274.0505654363,-37284.0781119075,-70922.3485911875,25274.8659507289,151716.256910197,23679.9973828953,157070.480447404,201490.771043753,134566.506778893,37841.0956191197,123574.783617333,-91630.2446254679,-66908.1297318198,144514.958574691,-42852.3743864729,5228.12373232882,74671.4740532211,-15222.1309323834,-110719.257844912,-86288.9830881572,13292.2058431764,63521.317749835,200728.608883892,-20852.2864859206,-40150.3245390388,-99916.7841682036,45804.7113131672,45756.336411171,-108256.805232216,1747.49030736055,101909.56186015,154205.812712393,95480.3568100048,176368.947318733,49335.5700139032,130974.689683988,-8454.20077681034,86760.0989737735,93038.3220431835,25208.3157612661,60057.9496391366,50574.0577864758,40424.3841469075,58356.8731868786,40272.3144697472,-85584.4688225899,70181.1510038867,-56871.1199817605,83176.3027107921,21888.4975423596,249125.750246092,66388.5763698058,-53743.3473645738,119713.409566265,32471.8633448972,-28311.4444921549,86174.6613665252,22183.9131388945,56877.0290726672,26318.6567753574,-93078.9419884989,9772.52954211437,108324.584251207,84112.2355789704,-192137.200744863,87236.5142226058,-85223.3098859804,-48694.527171828,-55207.7103233062,-56509.3688608421,-12538.7673028727,65142.3942220283,229929.81231741,66205.7724755418,-21559.053288591,77065.5896603256,57758.132977224,233614.767413734,-158070.806288434,-42722.941942659,-81459.3905004933,245324.865093371,142440.524779668,33142.1082683591,60144.1876889224,140449.977963969,80394.6132660219,145246.426681101,61860.5848320793,105089.042825907,253675.910126971,13212.4148517302,27014.8627495571,144726.89577559,111214.093624602,-42583.5779862503,39164.9940807155,56883.9422101989,-59313.8820564514,100039.887286856,-90274.0480405788,111406.24895983,77954.5722990253,2655.4708978299,-67084.7068789328,-31280.2719424471,-119000.357849944,24470.5337040216,144927.792141613,58861.796090885,-25244.5075968655,102592.207018372,135812.656432483,21875.3466558198,-49468.4339974815,161313.289114838,170435.855124461,-10968.2701214741,152521.162327001,13608.067500796,124974.752869386,-41678.6622231357,24671.0262914847,-11964.2516906622,96116.7954199637,151483.950102569,-129789.763419889,200412.035799945,-64221.8898601353,-162029.517079995,-67937.2457203537,67760.1791446599,99337.4411137894,91688.2801721048,62545.8614184668,-145236.088374193,152531.246936943,140468.478927508,-107807.193829229,17081.5257582995,65808.1067324795,-31667.5950931708,67649.3913248401,67818.0285716249,-124652.43283997,102025.708417323,20035.3815320932,-37792.3050287337,147197.380219418,197857.538635681,-123219.881408766,-151634.045083513,-85287.2771669866,104533.81471694,-146204.953269541,-85587.3370063089,182568.122317645,37405.7098582871,116372.5523571,139027.053545837,17802.9536308252,-39535.2070120479,105651.298605921,37631.5527810804,-179675.581577301,104802.029212926,285492.907484832,14010.2902415676,419.573336347545,-35838.0028644453,170309.462670956,116034.479335177,65969.0055950887,-26231.7750158055,169254.4739521,154467.824295245,218932.220120309,24388.6076016873,175798.165288308,-19965.1438351796,38589.3911661622,83230.7722671174,2020.14622024322,68360.6949393419,20848.9271847573,-24910.4340074003,151062.12794983,40287.9851400441,198897.222477071,-2646.75332630266,117354.844129635,79584.5973464333,135880.770339026,68780.6938688853,76992.0638892674,-30141.2602557576,-52625.3886499596,-14893.5449923312,-161096.405203701,76324.2533589298,181022.502174893,133837.645005596,10463.1938145879,43018.1289332084,180196.444207868,-74894.9049580421,77639.6657390778,74736.1927051875,-37049.1290145411,14788.4455410414,-35704.5364706399,-160237.579542645,29880.6423910559,-66490.7092121962,51883.0556677396,-164747.137619431,-4888.73459976113,-2143.86550402919,52539.0757545552,123055.428243483,-46303.5614342597,-131332.669289781,40241.9188825486,40923.7705846919,-5503.13392212205,-120375.908232198,86037.0697766934,72433.9485979083,167769.088788718,201291.557801266,85209.0285379679,-33553.4002862424,-32629.1843423696,102837.731641874,63882.7589383885,165961.181021524,-22630.6049214929,81997.9958882297,-16549.6476695364,-59305.7191237346,212098.444241939,-109128.642030449,205281.791391388,77598.2260670835,16902.744797122,41625.606483593,176395.004644542,-25308.8469221025,101786.825462444,99576.5531434314,-30335.6842856203,71123.0304129398,170906.472808428,90515.6885820331,56318.605525884,50457.6787243205,133935.249723655,289534.72112955,-662.416192630903,110308.913728379,222893.076904704,14660.9162750542
3,2013,"07980703","g____r_",1,74.4273918459993,5,15,12,0,201,"2","B","2","E","E","0","1","B","1","1","2","1","2","0","B","0","A","B","B","2","E","E","E",262818.856295112,"A","2","2",14581.6812752095,97917.8749498632,11831.7534495718,"2",8718.50442044723,137592.738177224,-89091.1941728334,141069.665261444,197899.775639185,-64489.3108397599,100069.651160979,-9290.94394301884,26371.2257418372,-155401.69741618,111315.039775377,-1640.67766923121,-192291.54034722,134142.720991995,6451.36806868262,-115946.200835589,149377.950836638,180214.877016447,-40601.6797901917,-51105.3063980957,70658.9347674885,23408.0709333761,88160.1854792324,-135118.665130217,240347.243238071,226149.172346993,174944.640892666,95936.4072660866,69958.2384702023,70470.2470388523,107478.092292098,-44358.4021853051,-84682.7286075428,62161.5337494091,112438.883804362,99754.9741509297,-48109.2236431149,161503.748449229,190015.425315001,-13784.8041770655,31080.7108096246,-147106.56369411,106569.296485976,-122554.796883595,153992.598600249,13009.0356560799,29775.5453644868,110035.635101442,95591.0612809541,382903.065297287,213964.123951758,-8107.1279533281,32952.4216296293,-92030.0529719541,81094.3466056635,-21723.9742029692,184118.917509625,65243.3274666324,-32169.6582808586,-101008.850970979,-61399.6536290825,-38568.3392086718,133885.428949893,151224.175411145,125722.651872464,50332.2445743011,121181.942960873,134042.035634967,49419.3694943428,1127.47091918751,221383.019021002,61271.3238472866,-119315.881080579,-202237.805068332,-113885.193739294,-9564.77046460729,-130227.409735051,57464.0847124464,42214.4256313851,35481.7403822867,-10386.2248079846,-153342.520882661,61644.1351953954,-80599.2048725866,-62945.6649665498,29864.959597088,39629.056707356,-156553.214735595,110692.660467579,-39334.7793236066,180924.793016746,98730.4074486803,75696.1425606954,-60974.5201548069,-20116.6786715543,-6346.69132429212,108246.305312314,36170.7719417586,274219.107031473,75991.5471316826,-38622.0699543061,-16582.7143420865,119161.909588497,142479.066157292,41459.450508661,-93208.3185427414,121353.539105225,-108787.695711328,-73555.4454925647,229785.215454116,140564.632811369,95279.5745587189,19546.2679684482,20953.8793827725,2447.08684588636,117284.178257853,72012.5983795945,-117878.841961864,428813.823507061,-18554.1256627174,37250.8951970052,227367.962428955,116134.318462353,99373.1121295527,23565.2947412035,-2502.84940284232,-41785.7694462008,152154.680355952,-219947.198722056,134506.174781132,38407.2012249476,-121398.560402639,316733.139977046,-11791.0016883393,73661.8282534844,13059.1281749725,4702.24105686978,145142.343839746,8573.29303459127,4973.54392785676,-44058.2342514587,51222.6284125667,159714.631271529,-98298.8974162817,254577.270174373,73170.1635233893,1090.20473778128,-78618.9978085199,172596.088761454,2146.55788610615,10453.2294599901,136885.606432287,9373.80632919622,44390.2092592284,238269.001591513,208482.402887152,-149425.843840658,7298.71124924029,109862.641158358,150370.743375157,79059.3995726335,-58303.8355087284,104411.706598595,-27282.8331718801,206446.728559703,265871.393245761,35973.8583116955,45309.3989354437,111432.674917141,41922.4981805723,-89845.7061675678,-10434.6603947577,20734.3974127166,115932.248229076,-13171.187867977,24382.6951404786,-55316.8729898772,68698.119782313,48989.9775154952,57546.2280770248,179525.709978629,107600.058790097,109235.384644598,-61419.8411836917,33193.0259688198,1651.55640028563,177120.348878627,224525.339548503,194591.48968792,49215.6044371766,-92285.7757133242,84229.951847122,-8691.67087917373,-119704.592534433,-84729.8922743987,130765.660660808,66767.0844212047,-38535.3585819962,-21753.8266819924,-121050.113149879,10864.9332003107,43390.8451866065,103425.013616797,296600.675712905,56932.1282182596,23748.1496354132,127512.262397662,-48058.690186607,124649.505040821,-34875.2865903401,222004.744714737,21090.6390150597,-13017.2679550613,-5524.434966086,199422.822776476,223110.351192132,108185.514180325,35051.6284115763,155005.482664386,110615.131123452,-8367.71265615999,-24438.8261801867,-10741.6473524963,99171.5056767962,79295.7032636925,-29782.0688400529,125807.97486805,78233.1699625609,11923.4676550008,125696.925112638,35823.1251565079,34135.9424833155,206690.100215137,2293.81693713923,-51346.1841874985,58806.7073148247,-78213.0245117031,-48699.0934225653,172418.781017281,77296.4881764792,93555.7147484393,167797.055052614,87848.2181547111,122278.000369385,1612.08378104887,112016.179475433,22787.1690235704,153436.011555191,71254.6414831297,112765.572159327,41405.0489511446,172659.062083923,114364.831710206,180726.481755289,-57383.7497722857,-33213.9421996613,-10388.5435892025,2621.23027478021,51159.3713973975,-85690.4060167445,178278.831075594,21317.4177647084,56800.933247862,173999.073074932,-70797.1567237111,-30821.9867000332,-74090.4940784648,-71605.6697817182,-76509.71851111,81578.2940186994,-56079.2002116019,61393.1538005078,92794.9311549606,-73551.3574172038,94966.5429710357,3403.06724424967,-45288.0129693697,121323.312577592,-30577.4548679709,109126.793947102,215807.49804769,6311.20527388364,-48663.1259518328,13103.9654923396,79559.2584766386,-17508.1435014751,-98635.3895293924,-71173.908813676,70379.3153344086,94040.4576566647,22950.255724141,71720.3024436517,68935.8346627663,-98213.9011378374,-29613.1776817605,75855.8856087966,60033.7611944327
3,2014,"02777544","g____r_",1,245.973401654005,4,17,14,0,101,"0","2","E","B","A","E","B","A","E","E","0","E","B","B","1","0","B","A","B","A","E","E","E",122632.3890838,"A","1","A",49836.797880993,-132780.864126634,1587.62100799925,"2",-2156.1689084763,19340.2329207153,140907.112329527,-121338.977316628,38313.4930875505,106050.500044793,119218.381401386,104191.365954091,181781.06053011,132742.200770077,-74128.200929875,79317.3109856954,152257.673553484,197243.864517572,99716.0262899694,-75267.3003473487,-69407.4038948018,76890.0862770423,75202.6022824474,138155.71616972,26889.2970196317,234183.125233983,109201.696809697,207869.996752681,101359.858917822,-22780.909296928,96512.3031974639,103565.703969337,25714.8688852432,48350.5016790903,82110.9811342414,-6344.57803808247,123067.92647244,131523.518766244,61203.7685978871,43797.9545041937,70278.2901315367,-252178.50212605,-128484.292147722,25237.5314800229,171040.312787673,54670.1383812573,-45575.6188840669,51552.1064314301,-66265.6541008827,73252.1588211145,-101876.032884308,56676.806366979,20057.2778546655,70424.903573065,94359.0763126951,-100588.355010019,154872.393781817,18961.8935958672,-106052.966730194,73687.1454627959,34801.1315938744,129384.990474687,212591.192561115,-150057.225354639,59232.4092042387,156719.980766832,-26447.6085514732,174579.284130806,138011.90693967,-65269.8417873713,290532.090041811,165601.523436538,-8848.82177422995,-97814.5905704804,73329.0820278796,65847.7650979022,79337.3202420332,76790.5111077671,-62398.221906366,83733.0987875723,55260.1925179471,43194.7365510702,-36255.5453924582,19661.0952435423,148040.461257657,-71301.3179551113,27649.5284434135,21621.1646826652,-75384.6865581687,21864.3175245621,-55310.1359976663,-103839.812089978,13551.3694756668,100482.922584625,76127.9404387244,-110744.872511443,-16388.4198456221,-26734.419261831,-5647.97326805339,35944.5925025945,-28810.7310059209,192722.117763939,16800.8292705924,130941.584683407,127134.023455509,-42097.6195873514,30351.000459121,88793.5587950438,50187.9351290698,-146339.263670573,70360.9431937701,18069.0678784934,-49151.4963144862,123599.408448468,-109202.066883513,-84662.6224545225,168657.193403154,35378.8845843604,46250.5334033784,1590.19868881798,-102893.292135288,92285.2364599112,135596.727312673,62953.1142352955,-239668.693524037,-157474.912928967,-10009.9503344751,139411.757426618,118406.030129045,159551.136559201,54502.2907252537,-93406.5432182817,7055.58942469922,-88051.6390495203,100170.004273545,11295.7285322034,-36537.8076245884,52681.5093911384,-101424.290164599,10651.8912876532,58294.9924500967,-152097.126988665,91871.3967838341,-93413.3166602185,151073.032682548,119074.61324484,172726.677155752,55514.4780518447,33978.993785965,83375.5351212217,158050.187786645,-102281.046175229,286514.387889064,104339.38436927,94337.6671857959,256838.99867807,-130595.747862735,237770.439320768,-88814.7116095376,77754.1506443175,56883.309005846,247579.845163157,204582.124272151,161734.062802739,115746.103763187,-106948.552739797,177771.143599378,-29984.4034146717,5718.62825979264,-38825.1900362776,156817.195278944,40957.3824730369,1203.91814979813,121660.688776739,-59216.9487487696,-142311.141302028,300753.419425918,-46361.0753749949,80188.7666890973,73297.9008202917,-140441.814849367,110818.736373614,45352.4894321785,112605.828900479,114202.556751093,-72158.718638351,144781.87129275,45309.1986458207,-84376.663452751,44074.8548040839,111702.846027616,-16309.9791820015,7059.94633973993,-135992.617593592,-43105.7512994925,143935.621537248,54313.5586173857,22664.0367941344,-61971.0051150973,-107016.243166858,-16551.5932250975,5619.40542971502,-29069.948276139,77296.189785634,77043.4732247715,144217.98027256,12697.200705262,20571.7442590509,18057.5966976117,169439.111509723,156244.129601585,57319.9816344232,-4301.57692673038,-18057.848334007,161967.532409596,-213673.409542683,-118222.943654697,-3835.13623562102,-33548.7590482888,38826.126210882,132257.202253072,40224.5145129219,10673.7392397052,91979.0398144983,152904.463051559,119199.056592037,71888.286370438,-13663.6889244962,-23823.0255608508,259891.560750244,-56306.9029788615,39679.9830214854,73806.8912544986,86736.6503411546,47506.5629207113,8151.57784177549,130519.878397775,172470.505392196,90688.292425568,162079.918904743,80406.514551464,24827.6440709963,58086.840162416,58759.5978118806,159332.587939947,-45794.3563136719,138173.799371608,-50001.627722738,101291.244787568,44058.9326756357,-54937.7971924484,51710.0384606596,-29942.1294718327,-140656.344854016,146769.757753291,143496.733957519,152521.311897002,17107.8298789466,179914.956006537,98633.9720645496,136376.988922936,132583.735331259,-46136.7029198851,-44946.3393794045,-47739.9840553942,64747.0973529674,-85530.1613851874,203520.760173611,69451.209785743,236978.010853207,94903.9823960113,21871.9960095466,170743.071675185,345099.502056148,-14178.2724833963,-3104.05836689786,2805.86896644357,4603.78369551287,-10990.409829702,9664.81627439173,134338.138084328,89632.2185713931,94657.1542463402,39659.1633139444,68772.0572071829,19549.7388911095,69993.9305028705,-137273.046556386,95288.0658942946,54432.552768455,164016.370556688,-37413.5284336772,73414.3855021046,103820.894602399,119025.469395767,55732.0610618759,-27217.2692481304,-33353.6227535671,66394.5040410025,199950.299722255,23929.0111055325
3,2015,"13491849","g____r_",1,11.1561963391353,4,14,13,0,101,"1","B","0","0","A","2","2","B","0","B","0","E","2","0","0","E","0","B","1","E","E","B","A",-12523.8757724108,"E","B","1",109608.046917059,135840.975441189,-4125.95015479644,"1",28210.9972718316,10313.1231960831,82301.1430203833,-80550.9668036487,28673.0697403838,-9333.75410677496,-6694.39907051183,-42761.7143266069,-189524.439063041,-144154.40649134,-20565.2978279268,-28455.1470249097,150181.198590537,121868.811069339,13176.7613734581,199279.953306288,151432.835877809,158596.831345239,51181.674854238,-4294.46694062109,253911.622568192,165929.163203548,18144.1506622065,-54985.7775585918,116863.550899057,94091.2234196608,-13147.6842583895,-94639.1371461208,127836.199769695,-8741.55081956045,90200.8260375116,61148.6275736314,137034.027827181,128849.338148412,-24814.4395846934,-26093.1989028973,-59859.8814581223,103671.077628973,11798.6182002198,185935.614105618,66115.4142282101,31761.3806294476,128486.388733712,-10257.4077494619,-55197.876598099,-90449.1848878408,156890.032831737,-60679.6783482305,36031.0596116042,-33733.3984417827,-101771.073563887,102729.146208112,63313.1954791554,262973.867719398,169926.768892669,-68387.997945672,90941.9813594341,-167929.511113106,-70810.4502487236,17913.5369316877,30545.1524445242,-28257.4660592453,239815.046128196,88374.5865074447,-7824.87096179322,70045.8554680692,250136.136878459,-43303.2095990245,78506.3176267675,61424.3784620157,247302.936787527,-48868.1757965745,-92435.8486089936,128682.207284531,208964.232637579,119165.976523328,58900.3583389812,-80002.1514829606,105819.561668176,-55816.7210717204,6937.70837816462,54006.3297524145,244163.159734443,-51047.0745671042,-73324.2658815373,71457.2973285671,6925.9954901708,902.936123303902,-58453.6153090232,105732.670284573,5905.35835139914,-139073.204286137,-41340.0936861644,200799.039239966,61824.5021336796,-68134.9360597806,202904.240010888,152532.348566714,262590.355046937,105597.201915692,-3474.50680231277,159607.637351495,94117.88548815,-29188.4017281246,130263.954006766,225152.406107472,178505.467875901,71552.6003503346,32113.2632960932,-86762.2810804955,198030.197183569,112510.669269675,151783.931746236,87337.5307469809,10054.8273537366,-62540.789258787,66748.8361039038,655.329976892011,146550.42137247,-69030.7804089425,167342.359239396,-33537.0135758798,56122.7102020915,-164904.408250751,-7416.96342081022,-66888.2375153379,-132628.540546496,166950.68821496,3776.10713466707,103731.652491704,132678.533100153,104716.110450658,174478.122929683,76814.1443974463,148444.152107746,293784.581378538,99427.6016757861,122498.682707318,6106.93793596549,150531.079890607,252176.244778774,-95088.4156961835,132144.859661954,-11815.0960838629,66445.1544027155,-43188.7059143312,-93934.673968862,271625.90796781,28703.0223310735,107769.584119546,78794.3157008755,137890.505146417,137101.524011719,42809.5876449649,-37012.9769291593,-91605.2481223753,19487.5062340055,41704.0827589221,41269.7874912387,157960.610788509,39678.2990130441,100679.880847084,19999.591175977,103276.375758422,-81249.4052142381,71180.026048281,-1359.12914279974,25269.2634780395,96045.0627101649,52355.7594542095,-176811.974699114,188210.422535514,161945.427986726,79852.5154582242,131155.311548194,36534.7097561354,-26602.8882663635,1704.42692615543,-5500.17437839763,28826.9522737937,46160.8625109231,27661.7641306997,-62922.7368636208,291251.392129768,-40545.0934837403,118968.523017149,178292.472840812,74421.7631488927,66201.0149716281,-127637.379686295,-17379.056002438,10920.5177624152,156262.065677154,-91553.6641192779,-81717.3464513964,-49403.1681178675,81452.1341944855,106457.170564002,-1076.9174182002,2864.56412995172,343871.661710501,-102263.122368506,-96547.9637447677,70648.9653473392,-54797.9838000991,-112302.650622151,58098.6798396714,346.314661483819,242002.198247445,100195.235317158,42304.158217657,146534.986310869,57888.8265743429,118107.61417131,65031.6523864555,99234.9650483469,-73015.7941284979,137326.918510913,-5068.27950575246,-11317.1698545712,223347.798529334,-35495.6216124853,76398.3380678363,119282.169164797,112322.837220134,96060.3023941514,235737.530913198,-44450.7323929959,144887.944375353,179.44220809816,23036.3849266627,290710.643347542,-30151.5381202095,83480.2353931445,-93090.9567992593,116638.304984764,453.44296751685,49296.4563233524,131829.26970742,-7102.65551683462,74986.094184171,114911.417882818,87860.2793041885,81033.7366871902,24611.641096929,60641.1137352682,124460.903253683,-58195.1560968796,112243.80353936,66540.4886146148,177999.994501074,-101971.725785541,29483.1410631359,81119.1328221125,142789.687930448,-116465.110175043,29507.5963590942,78232.7239814066,157623.629209775,65676.8545476557,50209.9649391667,-11901.2502679118,135184.406096578,243627.903836922,-14199.5724729127,180638.016277973,98238.0845430465,175927.013393954,203090.790661791,-225847.475395526,-3513.13157672457,-4052.96336478111,75574.5353533616,187522.130283806,-27847.9542102489,83796.4641933397,64788.1813398163,116408.051882071,47769.5953930977,42538.1438119205,188765.893690821,115314.196247248,-59990.6364544242,117042.829251749,107887.30126844,-151382.676453346,121482.332152906,-43329.7846191073,185264.600427976,187089.906387509,78763.730871559,134193.381520169,22759.1345807804,107403.995150868,62641.6407770915,6725.51111882391,42267.3005984962
3,2016,"05547238","g____r_",1,21.794531969364,1,14,11,0,101,"2","2","A","B","2","2","B","E","0","0","E","1","E","2","1","E","E","1","B","1","0","0","B",-24238.9293907198,"A","A","0",1956.05463256218,23263.2365885124,30038.197762953,"1",-89453.0795155844,77018.0293892553,84168.8395687908,200723.852883804,-75951.6527679774,-68051.5377830505,144494.696827455,8357.59734451618,38625.3390523372,212897.174760787,169655.950954314,-64605.5410782727,112653.026099767,-208.736215439596,250327.078422585,238682.294694525,180002.664462129,-2400.99760449913,106413.574781497,150938.541779049,-105812.152732836,69658.4101233404,-8335.16005901636,26015.4216129698,59633.0534133428,93205.4694820284,14291.8398462522,242168.715493497,87031.1605721516,122242.804408274,173614.561246092,-6781.25670054588,82764.6598782097,122054.119719449,-38705.8210840089,242466.347737465,61204.6494731629,86853.6543843383,-9587.1010078215,-11601.6575132015,-51611.6351792701,-133260.866681663,-79708.4224647025,100517.647645693,5176.01206773382,135287.100532114,49942.5448744723,-45548.0962533436,84307.6427238751,89883.7226355952,-78375.8793404362,-81598.8153185806,180304.026369397,28431.6005180142,99255.8606631871,86717.4382929891,337264.370874175,272832.435574896,-3819.66779519547,-60521.9968197611,66500.0558118644,7720.29558047586,115078.645175895,-81156.1240505721,23507.3401143769,-210156.269932997,164717.416397127,114204.987230339,40762.8482800107,52532.2936819254,-32003.3532710489,102350.126890261,2786.68670843794,-92339.7137765347,-27907.7570584867,102000.913945803,225780.830456359,147311.384034374,247655.869238637,102402.905711418,73886.115229288,6771.03644551795,-27726.5250511541,25523.5909384706,117632.263368109,25345.6606269226,48692.8776396252,236999.24671523,-71893.5855816919,97777.8718340773,298721.577722438,46766.0019651756,150666.209389046,91759.2199561115,-124833.759915211,87297.9200724926,48975.4549445757,152536.722897208,1640.76745960575,67313.9519512932,350909.570229252,211669.560283583,-11556.6196746389,67726.1141605682,104673.84416013,46469.7097576114,43948.6032794887,23774.8328041638,97277.6072127123,-85139.4262914783,166710.983924931,66112.2071600346,90549.0621051627,103947.600836916,-121465.770199554,61381.8337959202,19342.1818428465,49856.4922032741,81808.7783380346,-1875.18782426677,76603.1619133905,180361.937092065,46127.8295920592,-43051.7846274386,27314.5529209056,-98342.9554830646,208713.928289437,157410.212985838,54051.4471531924,-103913.110509259,242785.723814191,40036.8890262436,84801.3041604495,496.221621247692,8091.282388313,93775.9797921826,53080.7912876328,105658.774600883,81380.9330581842,158387.048625928,-39251.6250849117,37705.6664243946,-59521.8296570838,207732.996755426,5759.73401326108,58258.4387574117,62311.7620345062,-16149.1070164213,71254.0334194387,37604.4906076612,69131.8846839859,11740.728609836,-56011.5778986119,-52355.7559240543,88361.2307607914,21066.8877200304,-37316.8206208742,71072.7441616942,-47492.5158291673,9116.98922063823,74930.7879170247,110115.055702654,-172004.823914394,149027.038746587,100384.630348889,77917.6598480771,-146261.929472368,49797.7319315184,60174.1775654432,124491.868637335,59857.2002494394,96656.4533855519,62771.0392867285,-167724.979484528,-36085.6071392968,42534.9645482298,9850.0944747787,-121148.090366221,-123546.54989537,46333.3095938324,98027.3565521147,197616.876096311,-15937.3441593993,330324.24510373,-128195.879964809,113826.860142361,465.197033362376,75470.2974612952,-267054.746835854,155585.696137757,75932.5629142309,71032.6356537665,48397.7926095424,64534.4929046704,-61422.5864091327,28178.1216227871,50751.2059888022,49583.8864006153,24541.6463370139,70227.5293056441,50641.0188035713,75172.7480872276,155697.04553408,190368.401323633,53710.4353094984,-3777.40787872361,-149518.20918816,-10820.2005535419,-22960.6641582809,244831.097901159,105.628556984149,175385.138946698,-59724.3788119075,62102.0197601448,87117.4573460078,88149.6205680516,-180496.491060832,108150.600591552,182078.644629048,204057.857209969,-131424.64888496,-140477.969908669,-134624.131573552,270909.442227332,139816.158187448,63378.5697338528,293615.88688571,-28752.9097603027,82017.6764560496,53785.2148313012,45527.6601770573,23982.9776549774,287773.267048368,145181.337281608,-71998.0583321438,16082.7350329216,260141.002146551,-16619.2725854651,43860.2415099162,33685.0676214299,90779.0050870967,134951.467873083,72212.0714051519,72287.4602065824,166409.290013736,172218.142543516,130526.044792991,321790.043207852,134619.90351809,-174.295416196204,35100.1111012902,76144.7261654516,272984.40295779,134599.083394667,-77654.2378321903,129838.099355522,130104.616984186,178492.769955687,175980.263397186,-41392.2407094928,-31464.7842012194,18325.7135958077,165344.86842097,-202941.351257701,87055.911337934,131544.50235252,177059.012604597,62820.3593114987,-12441.3568233794,-80304.8630748151,22055.0055320543,157719.735692526,88070.4462265997,69297.243816646,260045.281081768,134654.775524587,196205.944702716,26904.8299864679,-84531.0834244818,41161.015450836,-12810.7389450688,-28925.5759412621,49144.5246579755,22326.5483028406,131934.89354675,-50091.2818572742,-23921.8595786666,-7992.46364377404,66165.2390294633,107123.216630792,-26282.8911790377,184766.01272414,93230.5994026807,-88651.4923469066,234235.861746781,42727.625263799,-73452.2905765349
3,2017,"07733526","g____r_",1,1301.86054320697,4,16,14,0,101,"2","1","0","1","B","1","A","0","1","0","0","B","B","1","2","2","2","A","2","1","A","B","2",216255.28559755,"B","B","2",96622.524539987,-151548.711003329,214693.112256561,"2",94158.1584912767,-31707.9990319388,172094.076938639,363324.83770077,204786.181524451,80762.6755714739,131869.243634538,150749.341421554,177811.358756384,13807.2176673389,246915.247044557,177504.597089467,5020.19496178767,58290.699227458,-706.796893205123,199337.740673045,169179.672881716,106399.098282334,108577.162816234,187851.06080893,23715.0337078836,-82889.7810395742,-107399.000345703,98861.1110797628,109808.753655145,94304.5763925356,9753.47069197112,28015.0117018788,46040.5691502576,83365.8251396044,60256.5694029982,56582.8457359238,140610.193966537,209910.083863018,41356.5998289798,111282.554706504,73403.2715565209,-33070.3527566012,282790.497681915,76345.2404619009,182545.969961959,102766.434708751,83406.503103949,-72154.3124097488,173197.538753994,-134366.267426065,-172052.243788902,72190.8035226403,103271.335171034,2903.13095583847,126370.943478473,-30532.8563932804,142333.052139609,-34201.9221509845,79257.3316036333,111258.519502395,-16286.32698758,-128764.473208293,-153703.120208994,47140.7397105756,11482.6660738408,-4221.62113535247,-48626.9239546489,96923.8327076407,126452.369747149,33000.2406380329,-150996.865137182,68287.9168584849,108349.56757978,48534.2817545141,207184.521763588,173633.033142483,-79462.8275896398,-20492.3602766576,-47697.6770733607,76251.1486127318,-48665.9530395267,121481.094539903,52698.8643574301,80519.7912123247,90689.4464477808,126259.507803149,129087.734982871,-28708.7330215952,82458.7686316775,-56055.9855649424,-39361.6933156854,-16042.9781288994,115835.71734627,73517.61968033,-24936.0902490516,51508.8035214768,77407.752946825,-20556.2444354771,30346.7248683592,28468.4774278955,19828.6418436003,86119.1193613905,27325.189534543,-193166.61793962,-71197.130405024,-66347.9516384312,25465.83737161,-8301.5762764793,170311.0337916,-25432.6146423721,-35450.2524149894,105128.387682654,145407.630047493,39762.3629899057,-107101.425386632,87797.7921690888,-30802.2026939966,53415.8482748827,-9892.30293397942,106383.980027569,26948.4089610273,14721.662732459,-48281.6466839874,80405.6336799417,-12122.3202650187,20372.1104492714,32169.4526037219,285839.663550767,-25874.2204579107,-84838.2543400949,22901.8071560049,19829.2358899908,-45018.3321721786,-38986.0930426654,153457.137275536,216370.576365032,178321.676657925,-27017.9303638943,53286.7400534164,156312.361866617,-101529.971173071,-107632.170267929,109809.06451298,100088.168212063,142650.87935976,147157.577392694,106799.341354496,136686.70007852,19285.7482584037,-49858.2630625391,146764.280141176,187485.538243333,72381.6551337028,184527.761475964,24117.0680418771,35223.875745984,187816.363033271,-110394.893655138,62923.5478235063,-37893.0601725334,90801.580267235,3731.86990668742,124892.231023205,86094.6603545917,37737.9905248359,270282.60812867,41109.823581574,-45351.3180725372,-70645.7354464837,196629.245553422,27914.0049401571,-6180.31818746766,15076.7350782653,18928.7962576679,68987.0737206558,-63501.2482946455,-61824.2400635363,9446.64076297887,5132.86263375338,149869.219585471,-38123.9491004904,112251.334085439,45990.2103354604,-30592.8284720427,-32099.6738925842,42562.0693006898,109256.969154538,125074.155777529,104058.361689021,-18275.761761779,127348.011021979,346350.380100245,87370.5619911683,44101.632280686,-68478.292355945,-19479.6627209485,110507.782036783,-127021.62059627,27841.1125593975,97494.273797585,29891.4458553312,307961.312084567,83522.9932643715,-80783.6929367807,69061.6261111682,35117.245394027,-4998.47084093856,-134896.839763787,17141.727510827,-57534.1886898679,74531.3337865232,163783.922652192,-26472.0644844191,-46419.1839962619,-34214.9559743894,135598.899096484,195885.786174018,121660.288651855,2299.48393689907,-218653.457869663,24310.9232731395,74889.7293390096,-32927.680326414,-17683.6021940009,4679.6467110173,216436.219423507,356795.680210721,-16256.0964504025,166387.56693859,123740.797251649,-110677.927808606,33417.9435359568,78204.4890077327,-43344.8155571412,49921.8742218943,64086.049882305,60038.7693771825,213497.533819368,-54065.4399535921,54040.2837942136,126605.211011842,114657.470185318,-154555.626814283,-62078.6095079387,88755.3235837568,-77889.6199549696,-77950.1950812512,20232.6193188594,-23109.9944535856,155156.447161029,165527.531003546,2730.35439617396,-33322.1850386052,13166.9817454445,-14410.8951524298,25769.485151817,-32148.2658224548,27772.0464749227,40282.7272644869,124945.880030764,53706.4333092074,-37009.2453952697,-118637.310956455,72117.2024792762,11993.5266063627,162447.496331534,-48115.471295999,120951.269694861,96335.1647339545,151497.436345987,161026.195199884,-117005.588296573,141133.751086506,54298.3134168599,119143.622054056,124483.033077801,38283.9089991644,23809.3035755716,38041.9730363248,52660.4664549102,56647.3048948616,134531.211776706,93700.168512085,83351.1649698984,-458.636745082222,5300.97134870772,6930.92724111028,23093.2183242947,-21489.5086611043,-2701.38042207978,74187.5983089099,-40128.4440363761,96322.5023205365,66187.6935137662,57197.9977897523,8080.68747146668,48916.3178974876,123791.223774412,67685.9897634824,88810.5865804668,69911.463391988
3,2018,"08016623","g____r_",1,332.802695852119,4,18,16,0,101,"0","0","E","0","B","B","A","E","E","0","1","1","E","1","E","A","1","1","B","E","A","B","E",34521.0449340405,"B","B","A",-156658.132516899,68908.1598443259,-37952.9025918929,"B",31851.237442742,-141789.860147867,183677.548035144,61377.0564468482,-56004.8981637572,35491.2997908717,51541.2476697253,45340.6833203294,122860.165404062,-12707.0825366067,-80362.9890862531,-113555.659454401,138150.506093408,-118460.246288272,85641.2810180714,155460.259772415,317391.234741095,31411.0073543975,189401.052087507,144350.501661322,-76474.66165942,225009.891790833,115204.491844694,145828.229006649,117669.858456557,76975.8926818915,-71837.9625799459,-141936.800122682,64761.4096860666,-53432.2019862016,93506.3878473193,138763.162572739,144909.220398937,-1206.46793608911,-130284.467279414,166778.549974828,223870.824902125,-91156.4739508637,4980.58917642645,113065.793656765,48261.7469718497,35187.2833823698,155897.065841157,155068.766264674,143768.18642751,124790.36049291,92803.2028775265,83512.4572515933,173947.72380152,-76698.1529147895,-47301.9774584178,40212.4810088984,7814.91201404295,35632.1311496921,30605.2855986042,-116238.434935679,45505.4848974264,16650.8116745675,-41142.3486565931,19349.6854791806,-102179.633438083,-98259.4047173985,-58987.9982199847,179729.034056785,117050.184580904,-48278.9800772671,209409.95789872,-34103.194294691,107382.709415996,40068.2990457286,22611.193035898,191330.057626937,231722.439875483,-82469.1052071702,102538.485975286,184080.567363634,95456.6177964772,26186.3844900595,-51437.5947802175,42336.1659351801,48216.5569167828,153936.051089622,-60450.0790633587,165989.0262126,-207381.942809996,-87503.3386966784,54953.6014205595,-75667.1411820252,49708.0036823563,112805.311313557,11878.1198423283,-59788.1289788587,-72688.6706474213,-126155.383054814,-48269.5649320838,169968.581822,155652.211999787,-26041.7635118905,64318.1631240879,66451.4291957625,-11313.582095087,19977.2802552437,10388.9046340167,139632.490388467,112653.817037291,-13626.9959775001,9871.74644276665,194690.547360834,5155.1499387623,22463.0415833762,161186.279491621,87558.6642704512,187725.884283054,-1660.05623568721,46302.0229365429,171803.728836882,144336.210730159,184792.247269038,113546.542189934,112581.384653232,91507.1962926085,4475.64989744333,-58250.1951723504,-242790.146041756,278817.798567329,126353.364253163,133650.102494875,110786.772458157,-52666.0692389291,66310.1223841114,-62342.043284215,34796.7930032682,40973.2601170555,55577.4390109588,72121.5995869998,157682.521633908,129561.640625382,-105886.413818712,-3874.52777288279,153136.118898774,134607.649715906,-40923.936881672,40233.1057987352,68149.0274636249,45890.7506327369,-124645.027828136,-884.693428419559,116335.580917967,59.221593048278,220448.439515853,112592.278536307,-20796.6136035424,191478.973043716,23519.7240732274,157909.627975283,98635.8283932381,-98974.8396724522,10875.5486789676,-72502.0954420453,65002.0783981725,71176.9424045818,111944.66742536,96846.1346892659,72742.9958186658,108780.822159515,-160095.666241125,9101.35384399906,22186.6629151782,145406.782747823,99419.6207455975,145489.863171012,129540.358522452,236694.83668631,25318.0172316242,49538.2431449475,114260.223346982,206144.889066655,96222.3158436328,57915.5932885342,64068.7519217441,-10405.4292151833,162805.298910223,-70373.4014309204,186669.303018176,135438.707282746,21668.5581079843,212536.139011399,92827.6276538322,-30429.729241256,88670.4628258097,66519.3994668574,182854.079764677,31654.4745438148,51440.7373678591,105196.036245647,261869.768088008,-17475.035556523,68043.2619141322,79221.366968945,162812.752250118,146260.897137282,122715.575365232,-60292.079798848,83734.1155488065,-39778.9166470474,-55103.1819544372,1272.14569814283,16289.9822670287,-58786.158048109,57476.34798124,44719.1065230894,153384.24320496,-110240.46527598,58998.0989277386,85618.2549800572,201012.903140786,9788.4335205723,9201.25711626111,-17910.2548192586,97807.3529890465,24575.7490790137,-56103.2833491109,104388.28987281,71300.119736107,83156.5553548245,-82113.1950704102,127082.556246689,29995.5227209955,196265.40331397,84146.3417917347,129068.877661059,65516.0316599107,107155.757098939,115356.28699035,-131028.389817418,-136216.490611327,-31346.2512961198,229748.762352308,90103.8049211457,33006.28871257,109491.426677721,-38443.260890808,3139.9145038364,32479.9044496296,94933.3866448938,-84353.8021170995,132754.7762831,102429.753872894,182436.667673122,115018.841204451,-40831.9850715658,45867.3010085986,86111.2848487459,24121.0868115741,-109307.855532022,27616.0862067066,181849.674389822,-80213.8107119602,104265.545993666,-14894.9144483217,78961.1357791362,109096.570504356,28608.2055457186,-66221.896358636,46724.7697470411,-67655.703033504,45430.907200631,-20245.5086983671,-35947.4230311141,171013.512754772,79164.9873711336,-128435.869368303,141764.8883805,90622.4386330343,34936.5792695383,-9755.17413686772,94394.5009353179,117524.375474304,129135.680840838,-47578.5121876111,132223.943553493,68110.6293148067,73445.9550135911,-47731.3746824956,152188.820338592,198338.326958309,-138549.585613005,25584.1197943934,113035.86352135,35556.3684534522,28317.6272043781,95494.8918469184,38728.181581721,70946.1352660562,45979.0436560366,82860.0504057594,64786.4971032762
3,2019,"11357262","_____r_",2,479.610863199826,1,10,8,3,301,NA,NA,NA,NA,NA,NA,NA,NA,NA,NA,NA,NA,NA,NA,NA,NA,NA,NA,NA,NA,NA,NA,NA,NA,NA,NA,NA,NA,NA,NA,NA,NA,NA,NA,NA,NA,NA,NA,NA,NA,NA,NA,NA,NA,NA,NA,NA,NA,NA,NA,NA,NA,NA,NA,NA,NA,NA,NA,NA,NA,NA,NA,NA,NA,NA,NA,NA,NA,NA,NA,NA,NA,NA,NA,NA,NA,NA,NA,NA,NA,NA,NA,NA,NA,NA,NA,NA,NA,NA,NA,NA,NA,NA,NA,NA,NA,NA,NA,NA,NA,NA,NA,NA,NA,NA,NA,NA,NA,NA,NA,NA,NA,NA,NA,NA,NA,NA,NA,NA,NA,NA,NA,NA,NA,NA,NA,NA,NA,NA,NA,NA,NA,NA,NA,NA,NA,NA,NA,NA,NA,NA,NA,NA,NA,NA,NA,NA,NA,NA,NA,NA,NA,NA,NA,NA,NA,NA,NA,NA,NA,NA,NA,NA,NA,NA,NA,NA,NA,NA,NA,NA,NA,NA,NA,NA,NA,NA,NA,NA,NA,NA,NA,NA,NA,NA,NA,NA,NA,NA,NA,NA,NA,NA,NA,NA,NA,NA,NA,NA,NA,NA,NA,NA,NA,NA,NA,NA,NA,NA,NA,NA,NA,NA,NA,NA,NA,NA,NA,NA,NA,NA,NA,NA,NA,NA,NA,NA,NA,NA,NA,NA,NA,NA,NA,NA,NA,NA,NA,NA,NA,NA,NA,NA,NA,NA,NA,NA,NA,NA,NA,NA,NA,NA,NA,NA,NA,NA,NA,NA,NA,NA,NA,NA,NA,NA,NA,NA,NA,NA,NA,NA,NA,NA,NA,NA,NA,NA,NA,NA,NA,NA,NA,NA,NA,NA,NA,NA,NA,NA,NA,NA,NA,NA,NA,NA,NA,NA,NA,NA,NA,NA,NA,NA,NA,NA,NA,NA,NA,NA,NA,NA,NA,NA,NA,NA,NA,NA,NA,NA,NA,NA,NA,NA,NA,NA,NA,NA,NA
4,2013,"05732504","_____r_",3,5599.63609909819,4,13,10,0,101,NA,NA,NA,NA,NA,NA,NA,NA,NA,NA,NA,NA,NA,NA,NA,NA,NA,NA,NA,NA,NA,NA,NA,NA,NA,NA,NA,NA,NA,NA,NA,NA,NA,NA,NA,NA,NA,NA,NA,NA,NA,NA,NA,NA,NA,NA,NA,NA,NA,NA,NA,NA,NA,NA,NA,NA,NA,NA,NA,NA,NA,NA,NA,NA,NA,NA,NA,NA,NA,NA,NA,NA,NA,NA,NA,NA,NA,NA,NA,NA,NA,NA,NA,NA,NA,NA,NA,NA,NA,NA,NA,NA,NA,NA,NA,NA,NA,NA,NA,NA,NA,NA,NA,NA,NA,NA,NA,NA,NA,NA,NA,NA,NA,NA,NA,NA,NA,NA,NA,NA,NA,NA,NA,NA,NA,NA,NA,NA,NA,NA,NA,NA,NA,NA,NA,NA,NA,NA,NA,NA,NA,NA,NA,NA,NA,NA,NA,NA,NA,NA,NA,NA,NA,NA,NA,NA,NA,NA,NA,NA,NA,NA,NA,NA,NA,NA,NA,NA,NA,NA,NA,NA,NA,NA,NA,NA,NA,NA,NA,NA,NA,NA,NA,NA,NA,NA,NA,NA,NA,NA,NA,NA,NA,NA,NA,NA,NA,NA,NA,NA,NA,NA,NA,NA,NA,NA,NA,NA,NA,NA,NA,NA,NA,NA,NA,NA,NA,NA,NA,NA,NA,NA,NA,NA,NA,NA,NA,NA,NA,NA,NA,NA,NA,NA,NA,NA,NA,NA,NA,NA,NA,NA,NA,NA,NA,NA,NA,NA,NA,NA,NA,NA,NA,NA,NA,NA,NA,NA,NA,NA,NA,NA,NA,NA,NA,NA,NA,NA,NA,NA,NA,NA,NA,NA,NA,NA,NA,NA,NA,NA,NA,NA,NA,NA,NA,NA,NA,NA,NA,NA,NA,NA,NA,NA,NA,NA,NA,NA,NA,NA,NA,NA,NA,NA,NA,NA,NA,NA,NA,NA,NA,NA,NA,NA,NA,NA,NA,NA,NA,NA,NA,NA,NA,NA,NA,NA,NA,NA
4,2014,"03248943","g____r_",1,192.028319242264,4,15,13,0,101,"2","1","2","A","0","E","E","0","2","B","E","1","E","1","1","B","2","A","B","2","0","E","0",172163.397037196,"A","0","0",5197.54452169707,73491.6925467372,94930.3125427373,"E",-118004.681205066,-1759.54470300837,120021.216299567,235790.448997023,91771.7853088596,7867.20379327785,155492.875309433,90706.3178550666,122626.547615186,-41317.3040481473,2203.66147420974,-50251.9833361589,161414.151956793,70865.230731121,144669.535144376,85950.8831954899,-141387.225221382,88303.0548602043,204460.398269278,9789.78615807743,-36865.5789951825,139198.179374287,249271.632279377,55819.2088414736,-5925.92596911621,19771.9843633954,-89567.0589608317,86826.0734094521,-75337.5962464465,-86218.9908274011,64961.8317838264,80875.8210476228,172667.552220085,75379.0715421721,74537.7696029536,4936.59900404467,55492.3418464325,299278.948622056,108457.75875271,125308.003330618,6169.76980353169,9229.27895872125,13602.8782219579,328495.402786535,148474.855213006,38402.7073498024,79142.3427262955,42432.480271657,9205.44453595107,102453.302508032,68196.8754602031,198959.021252273,-12327.8663192721,-35020.5571892367,-19821.8045556696,197077.889248884,-70271.9239470059,-69530.7099739627,-16306.1753772739,132265.043371046,89184.0530171027,250208.497839752,146516.860550393,1095.85287040025,-129758.147110762,91092.1354055587,75581.1945610382,-174639.29103071,-166726.717976061,67585.7019623501,6430.73019201234,-60130.6983921424,115812.913251778,85440.9341094091,-1042.60016704419,-96624.899242601,48812.5029765939,34360.909987956,50024.4325054608,90576.7645021807,96100.2015965037,-61361.5754205053,80773.4272839158,-4616.84086233858,190718.05982437,-37034.8973591008,51453.9702523335,108866.592148318,-146377.174023215,81156.8397261669,21542.6497314013,-101886.455611609,-110880.135454829,20349.7066268571,-89832.6214573908,-4450.96485149172,-2062.80358264038,79663.0748709448,147196.52428322,135275.885218809,107497.520780046,-69370.4281513215,28308.5553484823,245726.819978359,8341.22302844197,237154.209200576,36186.8611033349,91718.0348979947,189709.088534391,2137.42848892436,238482.854319668,10321.3776876479,88972.5731286583,148494.020751137,96400.1844777034,70975.6553336513,8070.50972180924,-95005.988731102,-145039.373056342,44946.4898160059,189494.209128994,175554.246718072,17131.2421314292,3705.24331435673,242359.907371606,28331.2264017038,-167889.839196175,16453.4790471571,172026.064136372,3587.79531540354,97328.679779514,227640.268264744,-55984.340777574,375583.678071207,225567.481736103,132317.394277182,-2442.54784551774,4282.17599919061,-51840.9309821662,-109862.223408014,107532.900492683,90928.1302074707,-20274.9244203484,-248909.316597731,142870.837799339,8738.96417732024,296995.982968487,101178.535710417,44927.2026522997,-13955.249795721,196364.509818386,123090.32324537,142562.655730342,11503.2509065793,21074.4944895224,-63421.6154585061,23050.8672379996,-20713.6784718387,-76354.3192681176,221704.415661029,68954.1052033708,54123.363237725,123672.378895359,163594.342006073,125531.000375319,-558.763956779752,61909.5651503093,-27246.3892667659,1949.13620558735,-68175.2249602524,249723.242134303,29308.7153621509,710.194555881637,92510.8807052419,-61334.7371449717,145917.911263576,-78431.3585616905,106956.931343415,108204.648264582,13710.5491001209,127267.477805046,125107.964185374,-27646.9308139395,-90629.8929622969,102708.074320578,-10476.2998010978,-3064.51013119361,-96586.7153084187,142302.203350056,140112.581603679,-40658.9008060159,68639.6580844431,-165541.711455682,35861.2696563046,217567.398799455,105877.046297368,213770.111816644,-69236.1986332315,165921.370321596,139813.434600701,-17087.6134562778,41792.0732706273,-173823.048368304,40053.2893053285,80160.5817349454,157673.151727757,103017.920997237,120191.434294588,-63247.8615828149,76253.8813856991,-17513.5073846739,65130.2414110634,30863.3600138243,174202.076663037,-44735.934646335,171195.657450166,122706.979782494,-46520.7081585045,47178.4762428739,-19897.9746263821,74198.8955533965,-20409.9944146709,326258.610548023,190895.407602949,19522.729209967,44736.5763026643,-78328.6798718318,109345.170266303,151052.745162706,89460.1360955873,223849.231398351,-2951.34308124662,-35726.6741052553,69592.5096614624,-117149.130161942,252264.46981475,-112726.918990443,167950.874381159,117033.536548013,155343.588280507,173471.372290716,92242.8137995737,51716.6439829587,92769.6406296921,92278.0890420864,223323.91020125,-65100.1446829278,-36089.5766415589,-160369.192254283,63802.1048054548,181760.179690388,229820.424547023,101794.051114222,45528.4415855129,124153.701099885,2561.85538305964,76788.4310625831,113370.811236641,258133.267724607,25842.3041982775,88300.087660041,-115955.554926052,-84225.6662958419,43926.5622622308,5277.49690095644,54301.7456307627,80385.8102372234,-76416.1791404793,111878.037822829,-1340.92330904885,209650.520034025,-24188.0159266469,141763.198622162,101213.227897402,-21847.2704446778,105309.365743701,-51117.414404501,132115.85797395,-124187.621868951,173191.344363665,106551.882739533,77124.8722366538,94419.2448254225,-92032.4397167437,64939.3506037509,-203519.950296767,157523.383515588,32558.7329221506,16205.6300390546,79752.2674249752,144076.743763993,199324.461220307,70718.1898951049,-37990.3212745584,152476.06865415,196786.387530706,-92755.7123088158
4,2015,"02325299","_____r_",1,2.7132346598515,4,17,9,0,201,NA,NA,NA,NA,NA,NA,NA,NA,NA,NA,NA,NA,NA,NA,NA,NA,NA,NA,NA,NA,NA,NA,NA,NA,NA,NA,NA,NA,NA,NA,NA,NA,NA,NA,NA,NA,NA,NA,NA,NA,NA,NA,NA,NA,NA,NA,NA,NA,NA,NA,NA,NA,NA,NA,NA,NA,NA,NA,NA,NA,NA,NA,NA,NA,NA,NA,NA,NA,NA,NA,NA,NA,NA,NA,NA,NA,NA,NA,NA,NA,NA,NA,NA,NA,NA,NA,NA,NA,NA,NA,NA,NA,NA,NA,NA,NA,NA,NA,NA,NA,NA,NA,NA,NA,NA,NA,NA,NA,NA,NA,NA,NA,NA,NA,NA,NA,NA,NA,NA,NA,NA,NA,NA,NA,NA,NA,NA,NA,NA,NA,NA,NA,NA,NA,NA,NA,NA,NA,NA,NA,NA,NA,NA,NA,NA,NA,NA,NA,NA,NA,NA,NA,NA,NA,NA,NA,NA,NA,NA,NA,NA,NA,NA,NA,NA,NA,NA,NA,NA,NA,NA,NA,NA,NA,NA,NA,NA,NA,NA,NA,NA,NA,NA,NA,NA,NA,NA,NA,NA,NA,NA,NA,NA,NA,NA,NA,NA,NA,NA,NA,NA,NA,NA,NA,NA,NA,NA,NA,NA,NA,NA,NA,NA,NA,NA,NA,NA,NA,NA,NA,NA,NA,NA,NA,NA,NA,NA,NA,NA,NA,NA,NA,NA,NA,NA,NA,NA,NA,NA,NA,NA,NA,NA,NA,NA,NA,NA,NA,NA,NA,NA,NA,NA,NA,NA,NA,NA,NA,NA,NA,NA,NA,NA,NA,NA,NA,NA,NA,NA,NA,NA,NA,NA,NA,NA,NA,NA,NA,NA,NA,NA,NA,NA,NA,NA,NA,NA,NA,NA,NA,NA,NA,NA,NA,NA,NA,NA,NA,NA,NA,NA,NA,NA,NA,NA,NA,NA,NA,NA,NA,NA,NA,NA,NA,NA,NA,NA,NA,NA,NA,NA,NA,NA,NA,NA,NA,NA,NA
4,2016,"05988446","_____r_",1,289.326091085112,4,17,10,0,101,NA,NA,NA,NA,NA,NA,NA,NA,NA,NA,NA,NA,NA,NA,NA,NA,NA,NA,NA,NA,NA,NA,NA,NA,NA,NA,NA,NA,NA,NA,NA,NA,NA,NA,NA,NA,NA,NA,NA,NA,NA,NA,NA,NA,NA,NA,NA,NA,NA,NA,NA,NA,NA,NA,NA,NA,NA,NA,NA,NA,NA,NA,NA,NA,NA,NA,NA,NA,NA,NA,NA,NA,NA,NA,NA,NA,NA,NA,NA,NA,NA,NA,NA,NA,NA,NA,NA,NA,NA,NA,NA,NA,NA,NA,NA,NA,NA,NA,NA,NA,NA,NA,NA,NA,NA,NA,NA,NA,NA,NA,NA,NA,NA,NA,NA,NA,NA,NA,NA,NA,NA,NA,NA,NA,NA,NA,NA,NA,NA,NA,NA,NA,NA,NA,NA,NA,NA,NA,NA,NA,NA,NA,NA,NA,NA,NA,NA,NA,NA,NA,NA,NA,NA,NA,NA,NA,NA,NA,NA,NA,NA,NA,NA,NA,NA,NA,NA,NA,NA,NA,NA,NA,NA,NA,NA,NA,NA,NA,NA,NA,NA,NA,NA,NA,NA,NA,NA,NA,NA,NA,NA,NA,NA,NA,NA,NA,NA,NA,NA,NA,NA,NA,NA,NA,NA,NA,NA,NA,NA,NA,NA,NA,NA,NA,NA,NA,NA,NA,NA,NA,NA,NA,NA,NA,NA,NA,NA,NA,NA,NA,NA,NA,NA,NA,NA,NA,NA,NA,NA,NA,NA,NA,NA,NA,NA,NA,NA,NA,NA,NA,NA,NA,NA,NA,NA,NA,NA,NA,NA,NA,NA,NA,NA,NA,NA,NA,NA,NA,NA,NA,NA,NA,NA,NA,NA,NA,NA,NA,NA,NA,NA,NA,NA,NA,NA,NA,NA,NA,NA,NA,NA,NA,NA,NA,NA,NA,NA,NA,NA,NA,NA,NA,NA,NA,NA,NA,NA,NA,NA,NA,NA,NA,NA,NA,NA,NA,NA,NA,NA,NA,NA,NA,NA,NA,NA,NA,NA,NA
4,2017,"07630933","_____r_",1,1544.80080886256,1,14,6,0,101,NA,NA,NA,NA,NA,NA,NA,NA,NA,NA,NA,NA,NA,NA,NA,NA,NA,NA,NA,NA,NA,NA,NA,NA,NA,NA,NA,NA,NA,NA,NA,NA,NA,NA,NA,NA,NA,NA,NA,NA,NA,NA,NA,NA,NA,NA,NA,NA,NA,NA,NA,NA,NA,NA,NA,NA,NA,NA,NA,NA,NA,NA,NA,NA,NA,NA,NA,NA,NA,NA,NA,NA,NA,NA,NA,NA,NA,NA,NA,NA,NA,NA,NA,NA,NA,NA,NA,NA,NA,NA,NA,NA,NA,NA,NA,NA,NA,NA,NA,NA,NA,NA,NA,NA,NA,NA,NA,NA,NA,NA,NA,NA,NA,NA,NA,NA,NA,NA,NA,NA,NA,NA,NA,NA,NA,NA,NA,NA,NA,NA,NA,NA,NA,NA,NA,NA,NA,NA,NA,NA,NA,NA,NA,NA,NA,NA,NA,NA,NA,NA,NA,NA,NA,NA,NA,NA,NA,NA,NA,NA,NA,NA,NA,NA,NA,NA,NA,NA,NA,NA,NA,NA,NA,NA,NA,NA,NA,NA,NA,NA,NA,NA,NA,NA,NA,NA,NA,NA,NA,NA,NA,NA,NA,NA,NA,NA,NA,NA,NA,NA,NA,NA,NA,NA,NA,NA,NA,NA,NA,NA,NA,NA,NA,NA,NA,NA,NA,NA,NA,NA,NA,NA,NA,NA,NA,NA,NA,NA,NA,NA,NA,NA,NA,NA,NA,NA,NA,NA,NA,NA,NA,NA,NA,NA,NA,NA,NA,NA,NA,NA,NA,NA,NA,NA,NA,NA,NA,NA,NA,NA,NA,NA,NA,NA,NA,NA,NA,NA,NA,NA,NA,NA,NA,NA,NA,NA,NA,NA,NA,NA,NA,NA,NA,NA,NA,NA,NA,NA,NA,NA,NA,NA,NA,NA,NA,NA,NA,NA,NA,NA,NA,NA,NA,NA,NA,NA,NA,NA,NA,NA,NA,NA,NA,NA,NA,NA,NA,NA,NA,NA,NA,NA,NA,NA,NA,NA,NA,NA
4,2018,"07642720","g____r_",1,9127.78634392207,1,14,10,0,101,"0","A","A","1","1","0","B","2","2","E","0","A","E","2","A","0","1","B","A","0","A","A","2",112624.06903871,"A","A","A",12831.1172236195,118154.257804459,233446.762522252,"A",103516.611818371,76957.5021870342,-131164.813744644,-50675.385607327,147928.45044401,-67667.726178118,120228.496424972,133494.209971346,209101.319547166,-116546.252907108,64097.2046549792,-51301.5991885471,73039.724876749,37205.4355450813,-54012.8622935745,50605.1649735439,-26895.6234047998,70755.3049994758,-56471.7353012018,-58201.3080928908,198966.98141865,-82520.0960541975,-129480.145203778,81746.8336486664,-32221.5661478778,102445.389501971,190454.03109598,153615.583780733,215868.574834599,-93576.0413063451,148495.30484967,94918.3670662399,58637.7857018572,32142.6405163706,-70189.9766213741,-109283.060458019,142621.835713651,66316.4112300431,127429.587353411,-87200.4298825871,20359.691942467,210393.983244686,-10831.3561163915,13419.3968367897,1150.97270755361,84730.1580518962,116897.759336223,44056.8126796386,-11756.4086335012,229973.453071595,-4714.04213328996,183801.43278959,75688.8029606207,129872.587476836,175765.945421234,145628.940054352,-101113.478477157,115210.254483854,145404.02030387,46431.0397544608,23500.8906838732,214122.672663234,61197.7075122865,86805.5103040005,63727.3119322779,118192.509177759,132561.208396756,106160.791305734,-59442.5860903269,-58863.3414842583,6464.14194549847,43259.6267571783,77536.6185383114,45448.9737406752,204128.353971693,88725.4586235955,16987.8230479485,130105.469157404,26062.4468568312,159480.241615403,19440.177405431,30434.5773386924,168806.555578723,239638.302493257,117373.39030978,-76596.1726626142,-56905.9410983608,135867.100988839,206062.212855081,30447.4182327893,-175067.663664324,136774.041676053,212714.653115839,147669.123165072,-66534.5533134556,64863.8727019526,94281.9903533871,312309.307389024,268535.679929443,149108.708658337,40512.1076216823,193061.273835777,46596.3565545937,125124.619397582,26014.8266428334,179696.525041519,-90687.7170346247,52179.5154834008,27545.8881529744,-24070.2378677143,12927.2075639328,92119.9493715335,59532.0054799443,-38911.2302984353,-10174.3650782009,-24748.9913220794,109667.131453543,293979.569705659,77200.9241995412,62421.5760874437,168143.922229184,108648.624170135,-56783.9419793365,42200.6768015903,-27875.4233016277,137514.591583878,13242.1172858139,133185.305955357,175778.860881332,73077.6902482847,80839.6516310163,157961.337235154,259489.292035285,10726.2806849591,-169320.809218528,91317.8058356001,-30513.4199801708,109150.967226671,-172884.40268896,159541.009844714,192034.950167475,36707.0021351675,89289.2903176612,221292.457352801,108298.497119402,1181.11679449491,66470.9021752807,48384.37831474,226712.23101984,-219410.193400049,-66105.9738103576,127987.516694643,-56052.7975845337,121878.321330952,-78761.6889095072,113424.79280402,244387.20840128,82583.141717693,-16744.2475152907,131068.317140626,103214.402556293,112780.557210849,-86094.3203729851,203141.251497356,133271.331097131,-157897.405954717,92698.9397427918,102974.443581968,17711.127738428,95180.0797992425,56192.6481572217,-45340.11951385,11773.3947023775,166675.427564768,155222.775757138,70907.7402498506,116112.061275236,43231.7647575475,351771.541195888,169228.462867691,-97578.8002430743,-171369.269547383,55219.9546203967,65648.8000195598,-90038.8255676831,6319.88930370549,-54370.3672585638,42638.4749842513,-131296.118115276,192576.20504981,48255.6676396179,-158271.793676346,-48027.3219454957,218537.746849367,-27288.9646044331,69110.804059724,-11793.2670659669,34021.0083918894,6425.21796008338,114259.018353973,78065.0341703802,-77156.6618119534,112605.740015957,5574.13499352371,-172123.651970086,39625.6788355355,-58805.0769653762,-68684.0864900045,-148910.296295971,118892.127222545,6302.59338038383,-75556.5440375644,60172.9562169215,11465.4883238842,158681.755340199,128064.646871114,-65809.4876963397,-142622.673347767,111397.484743149,56914.3930460622,-65196.2757612788,125467.017704506,21431.1869719359,32068.510252323,72964.5868502584,171938.339695372,8563.75130338741,62508.9299187369,-135675.099355551,-40459.8203157359,16340.4248402779,-24304.0957877819,-50176.0891423934,97223.9043688662,142804.473079075,-8032.78868469619,240636.397957101,126945.033657575,21438.256023683,179344.778724171,86322.7175894909,6112.46989400136,69449.3220849486,169927.74891039,48581.3974675922,149304.313572955,98404.2055549135,-27335.9419488425,-57432.3394417152,131879.342479983,66441.9603792828,-33807.3817081243,-24322.048642045,101677.777152412,-71363.056122596,57914.1798503502,78900.827953895,15055.4709946457,38805.993748758,267521.341296115,1177.50646195256,-28725.8446596642,57648.2654275691,219075.02898772,-95572.0346136602,64347.1235473022,49807.1388653923,111341.397809144,-152717.223019215,161987.028387746,626.248141652111,41257.6311414496,-27958.8442101873,-13660.7562719168,6585.87148575727,94266.7575055558,-217795.607219258,-136197.182391935,138018.641898827,88522.1899662403,59379.4135095443,-47794.4386556889,97101.1332506766,-20853.0133417332,-151737.879318913,-75165.3506266576,-30725.2874745315,12257.4211252741,103379.271934065,173374.970594256,-198745.250446397,150692.114875382,-547.760561057534,-49817.8849687168,125610.587131615,203898.168136114,8104.30489873604
4,2019,"11082369","_____r_",3,9.45247681055055,5,12,11,0,101,NA,NA,NA,NA,NA,NA,NA,NA,NA,NA,NA,NA,NA,NA,NA,NA,NA,NA,NA,NA,NA,NA,NA,NA,NA,NA,NA,NA,NA,NA,NA,NA,NA,NA,NA,NA,NA,NA,NA,NA,NA,NA,NA,NA,NA,NA,NA,NA,NA,NA,NA,NA,NA,NA,NA,NA,NA,NA,NA,NA,NA,NA,NA,NA,NA,NA,NA,NA,NA,NA,NA,NA,NA,NA,NA,NA,NA,NA,NA,NA,NA,NA,NA,NA,NA,NA,NA,NA,NA,NA,NA,NA,NA,NA,NA,NA,NA,NA,NA,NA,NA,NA,NA,NA,NA,NA,NA,NA,NA,NA,NA,NA,NA,NA,NA,NA,NA,NA,NA,NA,NA,NA,NA,NA,NA,NA,NA,NA,NA,NA,NA,NA,NA,NA,NA,NA,NA,NA,NA,NA,NA,NA,NA,NA,NA,NA,NA,NA,NA,NA,NA,NA,NA,NA,NA,NA,NA,NA,NA,NA,NA,NA,NA,NA,NA,NA,NA,NA,NA,NA,NA,NA,NA,NA,NA,NA,NA,NA,NA,NA,NA,NA,NA,NA,NA,NA,NA,NA,NA,NA,NA,NA,NA,NA,NA,NA,NA,NA,NA,NA,NA,NA,NA,NA,NA,NA,NA,NA,NA,NA,NA,NA,NA,NA,NA,NA,NA,NA,NA,NA,NA,NA,NA,NA,NA,NA,NA,NA,NA,NA,NA,NA,NA,NA,NA,NA,NA,NA,NA,NA,NA,NA,NA,NA,NA,NA,NA,NA,NA,NA,NA,NA,NA,NA,NA,NA,NA,NA,NA,NA,NA,NA,NA,NA,NA,NA,NA,NA,NA,NA,NA,NA,NA,NA,NA,NA,NA,NA,NA,NA,NA,NA,NA,NA,NA,NA,NA,NA,NA,NA,NA,NA,NA,NA,NA,NA,NA,NA,NA,NA,NA,NA,NA,NA,NA,NA,NA,NA,NA,NA,NA,NA,NA,NA,NA,NA,NA,NA,NA,NA,NA,NA,NA,NA,NA,NA,NA,NA
5,2013,"07920512","g____r_",1,14.8542923221498,1,15,15,0,101,"0","0","2","E","B","2","0","2","1","A","0","2","A","B","1","B","2","1","2","1","A","B","B",150635.784662045,"0","B","B",71466.3638296237,111025.142489719,-128806.174370368,"2",63736.1787103895,65011.1962549318,8685.87400610423,146356.65872805,212519.979292848,2644.34541175153,43362.4151351147,-58363.3147149935,60493.714068705,91681.1196567474,84742.6738137521,-37060.2593188766,45532.2715160179,151720.155255265,161301.314392703,173042.538796283,-134740.726771537,-7077.31499740739,208054.267892233,-28387.8046899309,-94162.5184305072,141668.123541726,113818.520160459,20133.3142445555,-12693.0741909257,-7813.7370764509,-11229.0261493163,42421.8378649153,80115.8401531699,42149.6494319353,-3455.80842574659,120150.283318092,129974.008117268,118220.291262067,83785.4431237706,-5758.50709725939,166421.746517691,-34370.3036087936,73703.4228262579,-10711.5077110266,87550.4790755183,-48097.6409523067,-60114.6029290407,178175.318457121,166331.709135707,-32225.4129354823,278992.046930124,12364.3142558992,337607.860805029,257217.924207295,29537.8379322022,1120.53740241122,93330.4493443968,-18429.0709378519,52003.5326911859,192386.145045582,-59692.2707976958,169404.924585883,6381.9748243717,98401.8700630354,170246.021463461,-121799.687433012,-93467.9015290237,201294.031682434,-105894.233907838,-16120.7715455523,-22238.5464540809,103791.677790178,57321.962589556,-98004.4628628769,-54080.3937930085,-6760.79326869488,139325.096182603,153857.560479463,30436.1946923173,200836.6927747,95055.3907349089,122674.671246463,167302.2789199,-101126.03534345,155830.233388237,234189.885170076,261956.305300184,180675.787046291,-36515.6599710048,99904.436101883,136849.689507957,110153.035714574,119325.328003753,-41310.4677770857,148087.342392735,5094.84680781794,123382.41425551,132565.656719063,-123892.800280722,-67662.9206644668,-124237.487559546,53027.4522982318,125363.337232081,-22414.3016119779,-17036.6157629711,78509.4778710323,157643.405907506,-75351.9573008703,48935.590258604,-22263.0378866578,-110067.995786823,14322.7088998552,112160.06952073,90379.2458188672,27301.7618000422,114402.728850916,49636.8295024009,82263.066914667,-96343.5325089072,-82487.3147104509,152657.16491489,-47193.5862299872,-90060.8349190294,94244.678219134,128675.235856261,61805.2641949714,148857.597456221,-63062.1358250696,104028.570998065,-110073.285853627,220610.001857341,-47947.1303517345,216715.47041574,-29268.2267344642,90868.0401570811,101574.780831214,133175.986032333,-11222.1209234447,70051.4765234048,84993.0760672899,12286.45220946,5707.90250563861,-33569.4745695673,191731.655785975,60596.8166838672,46889.3292212491,159488.230734916,-8529.50158279922,201517.830967086,35717.1683485164,147469.001355474,56295.3104917944,-51422.6376646263,53686.9362070187,15573.4320410652,74154.9630156192,-58013.1028565793,220100.288045126,153060.374777582,33796.0183948463,130679.84401248,136411.122731763,60671.6448965092,-35148.50843023,65255.3773748037,78162.4812778962,248626.71737947,104348.343543441,128923.176030846,133922.131545443,128698.37745521,59790.4584535331,-66051.6339742755,99242.9507050244,-27168.9871241119,-35555.273195243,59373.9491172638,-129859.243040066,-72636.4597839518,74185.8184828034,74718.2126658966,-13620.7743820977,-7994.66077059633,-56480.4687099554,63459.7610444095,126454.039807963,-47375.4338117433,11722.8385952048,149260.162740639,-85233.8765204945,111452.859975763,92083.6693576393,198477.630658963,-9550.82173192897,243541.81243504,-8232.28060795778,46840.2071546494,-190026.478732859,174148.433091318,-122782.571122423,-10401.3420569589,31767.3335091975,80233.5208064595,122267.940583312,6540.32831571731,160583.089044642,189667.894690362,113629.177608284,111502.469724208,49327.7462401967,-42349.4012403074,-45994.3622165187,-142251.378341451,312201.043502019,18214.8901125982,80562.9453451558,-30028.8456108339,142294.564203818,-55372.4568363811,-10.2028286424611,125311.488991494,93379.6715046667,59584.4982660585,64715.0691341012,110712.19675923,121264.585122633,194880.558630074,185313.694175312,65965.4438456845,112190.273756838,19988.5268135545,242140.065180395,146701.110448945,45305.0102999639,42088.5946705696,196772.747961189,22671.5123466222,118236.904234776,13735.4367093628,-34188.9467673418,39272.0691204819,103223.027825126,58112.0359001888,287305.606996694,108962.374778452,117355.318698451,21681.4040876762,25175.9424254376,63067.4558873334,164314.071971445,84273.0839748117,171339.569738562,112831.631777408,86274.5222868358,80897.1630645929,7520.50653288358,-28499.2845941153,111821.788107244,69047.9553858219,42803.5140535291,-105027.555715634,191668.98161938,204477.488122269,-88108.5420955306,-113980.201204428,92322.4589956398,87432.7429914432,-278.688258224,77591.1471650689,-21670.2587786406,28150.2863234503,165425.945318955,44190.036404957,54168.544520927,18286.2193942497,-78561.7761044302,128603.363309583,-52189.5827998949,25627.187389666,49516.8505491532,-46489.3873253854,86997.8593804608,-349.328797873517,-18060.5284274098,222996.598661887,63123.897605803,187421.330428552,-93539.8609531951,107043.118899184,-40084.6059311611,65515.1215481976,61533.2888805335,72227.8473644003,86830.3489016762,22351.5796131447,43321.4872149484,89353.3983412788,-22745.0052561626,100074.028737796,112353.609035296,18012.0626372294
5,2014,"10881758","g____r_",1,36.1745998329963,4,10,7,0,101,"2","1","0","B","2","E","A","A","B","2","2","0","A","1","E","0","B","0","2","1","1","0","2",15143.0397077009,"B","1","E",-14657.040576356,106011.570150498,140249.737827228,"E",68260.6639866509,39303.3488191554,-127940.80807607,20395.8917530707,159266.384827554,143561.618498994,190773.434525956,-8339.65136366026,100452.440625646,-121135.608669516,45015.1245241389,134416.07519444,-141858.34986478,103699.578324593,-90747.5398936997,-94666.0843724992,53362.0838532608,131368.200417691,39972.0606399841,60395.6446756534,180048.427360014,123962.097786245,-87720.3779162,-139755.092362188,-47669.517993712,110124.150457915,131189.891132177,61611.7338345503,53048.7655335962,111418.143863948,-94497.4543086133,-48289.7199230984,-27879.1547320008,205.837772170307,268471.972248674,152461.647405825,109420.9861249,263223.167188974,-7636.9140508219,13975.1868606116,26439.0788741287,23394.2772503731,74155.4233697287,-227023.181791214,49578.9729853694,91616.8306262967,79576.1295981869,162827.298000045,-40906.6420717536,-56543.1500098146,65011.037264355,206025.071935196,-63252.472158668,-68665.8694806522,225901.736675898,70362.0092568744,211020.046409847,228297.419843072,167927.956036128,-162692.078373348,192508.282179541,17445.4956628413,-134516.301743727,167298.575511381,131016.110773999,-44705.7612598414,124025.814216273,73917.7374127389,-210794.476682558,-4364.95950950947,6574.1416537573,56830.6981164979,180441.342123251,32287.5979370743,168903.563227462,44311.7449234692,214200.079520942,-262204.77277021,-41303.6074068708,119808.09595983,220899.533827466,118249.257372062,-26637.0453744149,-34319.5927384003,193113.834585141,36000.0179710571,93383.2218574354,-136347.368181561,9219.87038725749,-104511.889029314,-44020.3076692593,-7738.891312723,-89398.7117081337,-54196.5331003875,145385.834306718,95859.4218864441,-43662.4564509921,121187.0641108,1138.34709621144,67706.5282266478,149726.827872503,47049.2979976951,-36486.3127004093,-58946.3603410153,92941.9928587493,197857.669609767,-33393.3395298188,-85310.4630594118,32470.7253727066,110745.77616929,-46235.6158282647,-123505.763004154,45810.5331057569,4076.00085231279,16270.2367204043,322532.391576616,105268.253423313,-76318.2181601479,45583.6612067358,-188430.406861631,66502.8118981373,53435.398051582,-1717.85322850072,35791.0455361127,43382.5379242829,-71480.1495066292,95399.4859374143,266415.074432893,-203423.514052815,-234327.293297107,126841.338272237,69042.4715170466,-21636.0125806292,-26682.680940367,91077.2571159046,-15624.2180520254,-34060.7643027769,-30647.8998652013,-339364.928507873,84212.5462809649,-39759.560986797,-15387.8107195096,-5787.40110825856,118549.21141158,32346.5021484557,-55605.2399272822,165805.91181268,-77773.0270624444,-71835.3251081099,88714.0028756767,93596.8977312021,-17634.7096337819,-25506.2198913186,97231.5155926491,88133.5704652154,45143.7045212128,111316.151062344,-123763.336091466,23344.6754447166,84451.1201826213,-27044.4639826054,11792.8819718172,201902.356575523,106775.31429044,-2256.22745992368,33734.841797496,41580.8600004972,148565.519237012,-174746.81959125,-48735.1638176907,216688.520929834,20042.4746677327,-70565.359154171,63378.5253567187,-172043.071295579,93626.4440433728,20996.1580425192,212590.062382107,-116163.903682108,65437.6176057926,115391.730943914,148677.965649721,29636.1114874152,-68365.7155275863,26822.6758876187,37600.6430342345,-164734.666372896,174.638053910618,100979.698505997,-52589.6709113781,55564.2420317691,241569.47575424,161523.849352715,-53891.3802684032,41622.4137993684,60094.3805479488,165659.267641031,104932.331800079,78330.1828189967,3589.50774621721,325309.302469195,157116.360447068,127954.457548256,-36809.2597021925,-36463.7778254968,256251.915628098,-13398.8588133442,108930.460273789,106372.078264248,175178.855182052,22330.667673529,-20753.9177251713,32536.5485420832,27724.427046761,-5018.73430480449,78621.1035932178,-83805.9719449923,129551.05430666,18990.5193623505,13812.4683844689,56257.5086392946,-13795.7182413904,142620.622774814,55343.7404951644,117157.914308662,48576.2390580383,49951.405979261,-31551.6846530356,239446.554611932,234488.990424604,110782.409274363,15449.9665418684,118708.981717585,195382.289735368,6545.06910983733,89115.6308086826,22033.2327320054,-32283.1712500392,122960.565002329,69332.596952218,8442.06373412979,47219.6301864557,1931.49783855725,95036.3403671874,-17691.8225227774,-51277.9367709661,88792.2035110886,78570.6115226835,148467.29659623,149765.615321918,51794.0554864729,-145595.049318195,-87903.5529607575,104136.726595392,96135.1265637454,-31917.2286106765,50601.2491594107,68521.4733302344,35963.8070310028,98981.696491763,-110362.579879805,118740.547469228,26568.0575572604,50216.8313776925,222591.135811744,-125965.978914301,284202.983988547,101300.451824904,117473.60325075,152838.506316151,74751.3821795282,218216.718020882,94864.436724581,182851.896398749,131116.325863584,47723.3330363911,71544.8910391438,84243.9378294613,18936.8685460207,-171080.158960179,14847.7075776851,-19046.2666087005,113247.282270114,18273.0182299807,42621.0411999027,156171.932637282,2257.38890822777,59765.9392457455,-115404.407309934,166822.266284622,71501.3609613951,125905.654509844,88734.9024087384,75157.0262485453,240428.992088487,121606.827301239,-8414.1801726209
5,2015,"14914369","_____r_",1,18.0273209163686,1,17,12,0,301,NA,NA,NA,NA,NA,NA,NA,NA,NA,NA,NA,NA,NA,NA,NA,NA,NA,NA,NA,NA,NA,NA,NA,NA,NA,NA,NA,NA,NA,NA,NA,NA,NA,NA,NA,NA,NA,NA,NA,NA,NA,NA,NA,NA,NA,NA,NA,NA,NA,NA,NA,NA,NA,NA,NA,NA,NA,NA,NA,NA,NA,NA,NA,NA,NA,NA,NA,NA,NA,NA,NA,NA,NA,NA,NA,NA,NA,NA,NA,NA,NA,NA,NA,NA,NA,NA,NA,NA,NA,NA,NA,NA,NA,NA,NA,NA,NA,NA,NA,NA,NA,NA,NA,NA,NA,NA,NA,NA,NA,NA,NA,NA,NA,NA,NA,NA,NA,NA,NA,NA,NA,NA,NA,NA,NA,NA,NA,NA,NA,NA,NA,NA,NA,NA,NA,NA,NA,NA,NA,NA,NA,NA,NA,NA,NA,NA,NA,NA,NA,NA,NA,NA,NA,NA,NA,NA,NA,NA,NA,NA,NA,NA,NA,NA,NA,NA,NA,NA,NA,NA,NA,NA,NA,NA,NA,NA,NA,NA,NA,NA,NA,NA,NA,NA,NA,NA,NA,NA,NA,NA,NA,NA,NA,NA,NA,NA,NA,NA,NA,NA,NA,NA,NA,NA,NA,NA,NA,NA,NA,NA,NA,NA,NA,NA,NA,NA,NA,NA,NA,NA,NA,NA,NA,NA,NA,NA,NA,NA,NA,NA,NA,NA,NA,NA,NA,NA,NA,NA,NA,NA,NA,NA,NA,NA,NA,NA,NA,NA,NA,NA,NA,NA,NA,NA,NA,NA,NA,NA,NA,NA,NA,NA,NA,NA,NA,NA,NA,NA,NA,NA,NA,NA,NA,NA,NA,NA,NA,NA,NA,NA,NA,NA,NA,NA,NA,NA,NA,NA,NA,NA,NA,NA,NA,NA,NA,NA,NA,NA,NA,NA,NA,NA,NA,NA,NA,NA,NA,NA,NA,NA,NA,NA,NA,NA,NA,NA,NA,NA,NA,NA,NA,NA,NA,NA,NA,NA,NA,NA
5,2016,"12325754","_____r_",3,40.7930838562955,1,10,6,0,101,NA,NA,NA,NA,NA,NA,NA,NA,NA,NA,NA,NA,NA,NA,NA,NA,NA,NA,NA,NA,NA,NA,NA,NA,NA,NA,NA,NA,NA,NA,NA,NA,NA,NA,NA,NA,NA,NA,NA,NA,NA,NA,NA,NA,NA,NA,NA,NA,NA,NA,NA,NA,NA,NA,NA,NA,NA,NA,NA,NA,NA,NA,NA,NA,NA,NA,NA,NA,NA,NA,NA,NA,NA,NA,NA,NA,NA,NA,NA,NA,NA,NA,NA,NA,NA,NA,NA,NA,NA,NA,NA,NA,NA,NA,NA,NA,NA,NA,NA,NA,NA,NA,NA,NA,NA,NA,NA,NA,NA,NA,NA,NA,NA,NA,NA,NA,NA,NA,NA,NA,NA,NA,NA,NA,NA,NA,NA,NA,NA,NA,NA,NA,NA,NA,NA,NA,NA,NA,NA,NA,NA,NA,NA,NA,NA,NA,NA,NA,NA,NA,NA,NA,NA,NA,NA,NA,NA,NA,NA,NA,NA,NA,NA,NA,NA,NA,NA,NA,NA,NA,NA,NA,NA,NA,NA,NA,NA,NA,NA,NA,NA,NA,NA,NA,NA,NA,NA,NA,NA,NA,NA,NA,NA,NA,NA,NA,NA,NA,NA,NA,NA,NA,NA,NA,NA,NA,NA,NA,NA,NA,NA,NA,NA,NA,NA,NA,NA,NA,NA,NA,NA,NA,NA,NA,NA,NA,NA,NA,NA,NA,NA,NA,NA,NA,NA,NA,NA,NA,NA,NA,NA,NA,NA,NA,NA,NA,NA,NA,NA,NA,NA,NA,NA,NA,NA,NA,NA,NA,NA,NA,NA,NA,NA,NA,NA,NA,NA,NA,NA,NA,NA,NA,NA,NA,NA,NA,NA,NA,NA,NA,NA,NA,NA,NA,NA,NA,NA,NA,NA,NA,NA,NA,NA,NA,NA,NA,NA,NA,NA,NA,NA,NA,NA,NA,NA,NA,NA,NA,NA,NA,NA,NA,NA,NA,NA,NA,NA,NA,NA,NA,NA,NA,NA,NA,NA,NA,NA,NA
5,2017,"04622799","g____r_",1,102.436599388102,4,15,12,0,101,"1","A","A","2","0","E","2","1","0","0","2","A","A","A","1","0","A","A","0","E","B","E","0",-65134.8116902556,"E","B","E",-67865.2159438762,248591.690603619,-50885.8861103282,"A",38680.6723004907,-104155.788608578,164652.641162039,-107050.265967129,168138.285449813,141272.591793274,106176.639998451,127964.85554114,125071.062942036,82017.4884525643,-21181.8572094239,-116441.378564724,202030.26516617,161914.727941403,-41146.5592995834,217926.759163844,-75747.2318514487,138437.74105488,96702.0546489526,15461.6655032708,11703.13229236,116700.26303207,12185.5095493614,112277.321138418,52952.9487306556,33646.5196745199,-107127.675923093,157110.471503607,16891.9774024947,163263.588404577,24962.5774068471,4570.96777674826,-31546.532882319,-13818.6393018445,285222.765513758,115606.872279324,30155.5042044688,160048.165316209,122050.463878147,205817.123762687,177282.291268718,130494.311983036,180227.209621962,115892.821466375,-27713.6606532547,140919.349805952,175115.457851738,140648.628205869,81489.8233835963,-168199.178153245,151578.454148716,292514.575982197,-37395.4296870034,10211.280587223,82807.068097742,277310.104963917,-44940.7143121063,-54582.2805108869,227214.384072471,74482.6725204581,20166.3474184438,-146085.077412235,130120.101754862,31456.1899712476,60638.9419638336,84935.0147152518,223285.043449936,-2307.87846661187,25493.5807957398,36039.0772764122,11544.2497111209,62221.8874856641,-107633.977929616,115155.298334807,34425.1674525497,2634.13298645317,-81946.1448338416,179032.138240175,21691.2914778912,147860.659959244,-71417.5286600825,148170.744883832,23485.5844342122,-195610.734589455,72866.6045870093,17457.998971035,-14841.0413129162,-52334.1243701886,225925.871846703,-87867.9323592303,45676.2649946668,148506.508090524,106139.7964213,153189.888392476,79092.7728606257,13816.1486373244,-154688.941281371,36677.6648628489,-10751.8718526303,-42084.3263174325,163170.170502996,128269.927395185,-10237.0009345771,262263.853728531,-1559.63375489689,178140.7136514,110116.273963095,54727.2169521784,222655.753363928,-92010.1786311766,21205.6910652288,159227.918922492,122807.351667141,39542.6106742694,-30692.5059467491,36438.4454192176,-16394.8631874918,37366.3538957463,116158.029311983,98595.0427524493,12593.2847419745,158273.064729103,62559.9294853199,82959.0391864924,118862.647193772,68497.1601952103,-31507.6135354437,35352.5702282185,181641.128093832,102074.096521517,147776.780118296,94729.6262365008,47748.0703884106,100179.974714501,322424.570868098,138482.609937888,101805.35541971,-103780.806667616,146831.712976847,151627.427787022,32452.0550552789,123979.148336974,39348.6594095487,131226.446952865,-102600.190930539,39919.0555471553,-72959.4206781731,125074.687838335,48324.93097831,-187267.553687444,-10084.0265144056,81035.7851977341,-43650.2716124513,5030.31168392231,-75844.1260534382,181687.804592345,85901.1665184263,-26364.4069238226,-121334.870908534,-38770.4497950651,97904.7268147421,83937.7949409522,-54355.7225851661,70028.2479164407,-53716.5795667886,116123.590334233,41873.9758356688,126824.794761746,40931.1391986078,9112.11562431726,180594.584969311,153656.637908493,96827.4127750417,94892.7982936524,-47521.6567375868,-66425.1483817383,-18826.1217851801,77422.0178840146,42048.9534514128,13283.1990585612,-6142.79417066944,57483.9486201185,-80976.7417261378,178798.635873601,156347.55804606,58960.9616316272,-214022.001419863,68569.5439074462,-69673.6824557819,172446.073468128,38817.7294050164,232995.430671908,128085.131319424,127406.339708283,27881.4868937762,-124641.866021411,-36340.1515299025,-290557.824801109,165444.153375734,95753.2948325548,56241.6391711509,212814.433003452,124761.312027099,238232.374508352,-6825.68743307101,8973.16226276334,232786.102365132,108708.904691478,138536.995206661,65872.9636190384,62119.322211216,79398.6557190596,-8345.74659836047,-64256.0153576376,-34368.5655433347,32282.6406665984,-105860.1964565,-49236.7993436402,30337.677193153,-16400.9806352077,240072.79340528,10992.4761593623,161039.068706041,111525.395897664,102893.120693377,224042.258358617,221044.83565904,163199.193169284,43023.1936377721,259785.172285669,141433.933000046,122892.420168859,-26085.4522002997,33941.3923307091,20014.0454276322,-50221.0730852296,-84646.273791204,175482.83854209,43302.1415355698,114928.470551384,-82822.6891618063,36692.948558222,87643.0000967133,56551.8458622699,4484.56079084684,-24924.1528403235,137898.855886131,111153.487303519,-2703.00956532289,-44383.3084904855,28966.371395651,48259.3306544326,5834.04941999756,55378.9842438766,-69789.5883285626,-101955.957031716,64520.1118090336,-36662.2217092816,-36563.1271044728,-44333.8233685675,67086.6177347678,-56688.0027906849,-61723.9245700233,-25798.535280733,23393.2726450677,-54131.982659089,111905.772032309,84008.5271779098,44706.7637886864,82042.2673889952,115320.305081635,-192724.116075291,-91010.7156328375,217543.555411511,-53910.8650296306,153790.978025214,-123655.672398878,30351.3630975145,146568.370627486,-75961.3342286643,-28936.8611639585,-58703.1254159096,-80994.1612590689,60810.2529930007,151849.634693651,105947.693291798,10423.9501226045,24162.8179596693,207084.936932986,-42532.2430460882,194150.860164275,9784.20965606823,127708.898109299,41137.7494870194,-133868.730009719,110474.534257217,10428.4254207621
5,2018,"09360930","g____r_",1,13.4308714739108,5,14,11,1,101,"0","E","B","1","2","1","A","0","E","2","B","0","2","1","B","1","0","1","B","2","E","A","0",94887.8154253182,"E","A","B",68193.7607228803,211904.718696172,193251.54586062,"B",26763.3879501153,61716.3888475452,-18534.024393715,19995.1189084928,85103.8351133864,-25059.0041077161,29647.07770892,38541.1746435645,-32881.5458450653,-53842.6618224609,138720.477329213,30002.986390297,75436.8882920323,282050.750996533,265100.574869591,33913.5552369255,80133.3583132581,-14813.4369102356,80740.5782304496,162443.757223649,116296.325606583,107536.294613565,36490.6897029822,37061.2136480621,206787.343504153,128469.215656415,181968.532703859,48722.2432066078,-14641.3937304707,162853.543519657,-146052.048946398,80932.8295916857,232406.185614816,86762.8165695285,69878.9978191237,253107.75053352,23040.924060807,49495.2305332562,133994.546577545,109321.219613825,125863.827268858,-102869.585080285,21234.7557612495,-15895.657975888,-31932.0867526591,11671.4675436812,32897.2527675974,-127690.013737151,156392.775586631,207411.099810965,56103.3287550402,28714.7599716123,57603.7042339063,-5835.21930080483,255346.894299145,133272.061897142,175847.19932222,242029.696333333,17232.9006720629,97341.2545494243,181942.404361467,91618.2103445358,54279.6793089338,222806.007579155,15245.8568959503,-29581.1119989215,70541.7502395715,33711.2838388832,-104550.313536287,140751.108516659,25054.56168244,-33325.8392018377,-31385.5989276317,730.099961271866,-74872.7456012833,26939.0682171381,127464.933132743,80208.8486437926,152386.396802922,34590.3394577805,217865.149351675,-31145.1616657082,122412.599313181,-42623.2119437339,-109659.656995761,57240.7885646503,78569.1061594651,79245.4171190164,74015.4170987147,136035.984886687,92485.7210957875,198825.340712817,179236.667618962,14892.4682310859,65953.8868817932,-142472.844037902,-4773.40863503138,190037.749611082,106130.490433447,33152.2085409018,227945.951531644,-15376.617142571,-72341.5176698296,106397.873415252,11211.9779272578,94235.086415983,257187.888901121,83979.4233849015,213766.898110586,31373.566842591,-14846.3439787132,-46785.1534658651,-135705.896713699,-70710.2334536554,153671.972093952,-62787.5887172147,107012.984536687,101387.863051003,175892.884168683,40676.3661730023,172845.776536452,-49566.2777953979,148797.761456453,68774.1114561064,54640.1490360858,153147.219838917,61283.419657978,-102573.347378596,29139.5943682594,154588.868538546,117929.73706713,170258.250448193,86141.9847512164,136844.063121811,45525.0749850893,120205.683651524,105653.962882982,-88266.7074597911,-8177.42843825936,-29267.4063324032,63575.3887405188,85622.5382820588,-90987.9206186398,2524.11595697585,59348.206247063,-36753.8112157194,-98692.2738775335,-100268.164059347,20724.085822605,84869.3678053462,156811.985690136,58674.1699105129,94259.5977814458,107155.781507177,75162.0499070998,10613.0456840136,-18632.3721696746,-19682.9217165944,-15053.2262035052,105791.882433613,-19003.9260661,120163.048729933,49933.0534360485,-23635.1715453961,20431.2321012776,88279.9556920865,-20704.1134424992,146173.83495164,81643.5454944573,44560.5919174214,111429.45640411,309850.86077615,-59165.2262697077,-149818.585028409,95359.2851417403,107900.882645565,48923.7274476994,2410.39673898013,94690.3967208783,21963.8328097732,129374.688062298,-11993.7595075167,-21319.6502821102,39670.2792409238,-113148.894736105,45869.5704810783,-148432.530980099,301572.394528547,46165.9340333638,91422.8155735267,13578.3096980364,215603.502158494,-46679.3488971743,117631.911652384,26139.7564751626,113838.288054498,30554.882525617,170690.476231666,16574.5152450114,-142308.426565552,135460.394870494,-23425.6469480292,261567.265298845,214646.81417851,40936.4791216783,-62547.0565111484,5972.14497135296,-6027.37071777508,283325.793065693,190391.574135008,-172480.037577752,57158.150719669,127838.252463508,-90491.3319517646,22358.5402827998,91097.7147651158,167731.401636561,-25145.6999346218,1899.43949268865,122323.667567967,-45161.7883000729,35917.2111460777,107607.437435535,155383.687402148,61782.5168520634,15347.732462878,188672.664188939,3734.63303158869,-21630.7564436968,710.382341305391,87067.1975142639,17454.5259876983,80726.3989030816,95943.4729661809,144775.684365191,36904.2230937159,61941.2097095947,126132.487751721,3288.60864191676,244100.073126862,-1401.80272946507,-8365.21117813539,19527.6552528295,-12316.6230215351,-89139.0358805625,223992.089168629,193806.319932759,205832.325803209,82201.1424790109,88063.7293985925,113623.69243252,-124147.113555131,-182120.721450681,77405.7034678414,48491.5235693924,31546.9633011538,51957.9898342818,-37881.5057463556,39331.1264207634,-31685.7127315692,77853.724601695,222812.865257407,93968.2287845876,91417.8653235181,55753.5408649867,106192.983573875,-18980.851039071,-52488.3793904358,180545.811410816,37513.6698641889,123589.863389485,26014.2089569267,-40776.0040284829,2698.45219183997,94696.278696205,147807.148066792,210138.297959973,116804.65680034,-36310.3809928012,28979.2541588696,-157400.697332339,-107304.2239456,94622.4860219913,212310.972668647,270945.025035066,-51533.8708637942,31478.5667067717,21733.1708167853,45315.1520086771,-1335.91659759355,-72861.1944501787,144287.434193466,-45952.6173841436,19680.672104282,188253.227582584,-60871.6166313275,20899.4542433225
5,2019,"05951862","_____r_",3,8724.97022071558,4,22,16,0,101,NA,NA,NA,NA,NA,NA,NA,NA,NA,NA,NA,NA,NA,NA,NA,NA,NA,NA,NA,NA,NA,NA,NA,NA,NA,NA,NA,NA,NA,NA,NA,NA,NA,NA,NA,NA,NA,NA,NA,NA,NA,NA,NA,NA,NA,NA,NA,NA,NA,NA,NA,NA,NA,NA,NA,NA,NA,NA,NA,NA,NA,NA,NA,NA,NA,NA,NA,NA,NA,NA,NA,NA,NA,NA,NA,NA,NA,NA,NA,NA,NA,NA,NA,NA,NA,NA,NA,NA,NA,NA,NA,NA,NA,NA,NA,NA,NA,NA,NA,NA,NA,NA,NA,NA,NA,NA,NA,NA,NA,NA,NA,NA,NA,NA,NA,NA,NA,NA,NA,NA,NA,NA,NA,NA,NA,NA,NA,NA,NA,NA,NA,NA,NA,NA,NA,NA,NA,NA,NA,NA,NA,NA,NA,NA,NA,NA,NA,NA,NA,NA,NA,NA,NA,NA,NA,NA,NA,NA,NA,NA,NA,NA,NA,NA,NA,NA,NA,NA,NA,NA,NA,NA,NA,NA,NA,NA,NA,NA,NA,NA,NA,NA,NA,NA,NA,NA,NA,NA,NA,NA,NA,NA,NA,NA,NA,NA,NA,NA,NA,NA,NA,NA,NA,NA,NA,NA,NA,NA,NA,NA,NA,NA,NA,NA,NA,NA,NA,NA,NA,NA,NA,NA,NA,NA,NA,NA,NA,NA,NA,NA,NA,NA,NA,NA,NA,NA,NA,NA,NA,NA,NA,NA,NA,NA,NA,NA,NA,NA,NA,NA,NA,NA,NA,NA,NA,NA,NA,NA,NA,NA,NA,NA,NA,NA,NA,NA,NA,NA,NA,NA,NA,NA,NA,NA,NA,NA,NA,NA,NA,NA,NA,NA,NA,NA,NA,NA,NA,NA,NA,NA,NA,NA,NA,NA,NA,NA,NA,NA,NA,NA,NA,NA,NA,NA,NA,NA,NA,NA,NA,NA,NA,NA,NA,NA,NA,NA,NA,NA,NA,NA,NA,NA,NA,NA,NA,NA,NA,NA
6,2013,"10296224","_____r_",3,184.112961378298,4,11,9,0,101,NA,NA,NA,NA,NA,NA,NA,NA,NA,NA,NA,NA,NA,NA,NA,NA,NA,NA,NA,NA,NA,NA,NA,NA,NA,NA,NA,NA,NA,NA,NA,NA,NA,NA,NA,NA,NA,NA,NA,NA,NA,NA,NA,NA,NA,NA,NA,NA,NA,NA,NA,NA,NA,NA,NA,NA,NA,NA,NA,NA,NA,NA,NA,NA,NA,NA,NA,NA,NA,NA,NA,NA,NA,NA,NA,NA,NA,NA,NA,NA,NA,NA,NA,NA,NA,NA,NA,NA,NA,NA,NA,NA,NA,NA,NA,NA,NA,NA,NA,NA,NA,NA,NA,NA,NA,NA,NA,NA,NA,NA,NA,NA,NA,NA,NA,NA,NA,NA,NA,NA,NA,NA,NA,NA,NA,NA,NA,NA,NA,NA,NA,NA,NA,NA,NA,NA,NA,NA,NA,NA,NA,NA,NA,NA,NA,NA,NA,NA,NA,NA,NA,NA,NA,NA,NA,NA,NA,NA,NA,NA,NA,NA,NA,NA,NA,NA,NA,NA,NA,NA,NA,NA,NA,NA,NA,NA,NA,NA,NA,NA,NA,NA,NA,NA,NA,NA,NA,NA,NA,NA,NA,NA,NA,NA,NA,NA,NA,NA,NA,NA,NA,NA,NA,NA,NA,NA,NA,NA,NA,NA,NA,NA,NA,NA,NA,NA,NA,NA,NA,NA,NA,NA,NA,NA,NA,NA,NA,NA,NA,NA,NA,NA,NA,NA,NA,NA,NA,NA,NA,NA,NA,NA,NA,NA,NA,NA,NA,NA,NA,NA,NA,NA,NA,NA,NA,NA,NA,NA,NA,NA,NA,NA,NA,NA,NA,NA,NA,NA,NA,NA,NA,NA,NA,NA,NA,NA,NA,NA,NA,NA,NA,NA,NA,NA,NA,NA,NA,NA,NA,NA,NA,NA,NA,NA,NA,NA,NA,NA,NA,NA,NA,NA,NA,NA,NA,NA,NA,NA,NA,NA,NA,NA,NA,NA,NA,NA,NA,NA,NA,NA,NA,NA,NA,NA,NA,NA,NA,NA
6,2014,"05149774","g____r_",1,125.434511165083,1,17,15,0,101,"E","E","E","0","0","2","1","A","2","A","1","1","E","0","A","2","2","B","B","B","2","B","E",134491.631637462,"0","A","1",68661.9326022144,68689.4229696468,130167.886098458,"B",-23382.3081638938,76618.1511095884,-189849.155442271,29028.6524189315,27065.2107028807,-56760.9179843635,-101086.680983541,-10288.2944900517,120954.88162207,102236.462401315,111109.56953433,10161.8161655879,89512.509498811,-34251.3128918136,157023.026090326,194422.767809981,47293.3743242107,154.135695526922,60060.1824782565,51486.953488871,-60939.1255425655,109603.652031552,76046.5059696728,183884.702643935,59320.7881371585,-47370.8854942626,11957.0205143383,-19675.8377003266,163981.787607574,69634.4823257374,-54494.6291237768,-120479.879986558,55476.1917270195,32423.2498619393,-67127.2285695649,-65483.8769616105,81457.4609947049,132565.003161292,-30208.7331184407,-12226.6691551169,120766.856460808,-29842.3350741072,202289.212079203,128122.034944394,60685.6159643166,2388.46662535706,10176.9991949437,-85137.2867323259,-211121.26483457,107010.516425144,58839.4399240068,70743.7343413543,-144563.933244281,57237.8512366896,68783.1719584952,74349.1999955832,109386.907079538,82139.0534920628,48849.9865555946,98821.4657152531,199268.163969175,62235.0394107632,158001.747446509,36240.9055538284,79323.9859347466,-122556.696729462,3459.02728390809,50648.1135235387,107419.680505966,73380.2297307474,-3859.7065064769,44273.4864853795,126405.484957464,77420.4588618376,93079.8700671342,-47597.1783461711,10958.7038502255,-13305.2659940255,72962.4508779677,26005.1991898935,-110037.739549703,149376.703475428,-163171.350330385,72149.6013513113,-3818.63941316191,89198.3151577566,-79975.7192409182,-129867.8939397,-101347.153950318,39886.7571426235,52536.3993217175,10749.7353919054,160784.428917649,48987.5298549287,56792.8259555962,51783.3822344268,83524.0275974855,34415.1157325752,-45295.7909476533,10098.2516911356,-14292.7562570967,53355.3712216554,85926.6234375701,-3810.05964805528,-31939.6474160844,76231.9902257095,26130.3986108578,56354.1355271471,57372.6459678129,83257.377698757,-53737.4354162773,138748.698422525,-29804.3906135704,-69492.3630432081,-80313.8729651199,133942.686837702,151193.855682443,118600.555705426,102270.12651478,155461.108578503,-246175.063117066,73656.4397711618,116084.697378017,154826.277476536,-53170.3669003363,127575.101876617,103807.873430774,1108.58125874282,29609.2635994823,247354.645022022,117139.133456518,101838.779432087,77028.3450347097,-155216.706124985,-64332.3566715722,-155559.501878876,38215.1597620187,2929.33890741131,167477.446348889,128704.486454451,-94097.1137266463,-63338.7365387637,42930.4238061087,43055.9220652876,42883.5815452567,137824.979415209,-169530.232309848,92623.8110970804,31449.5058353117,29688.0483014251,71525.3118034725,72745.1028398247,50034.0488005582,123299.277987747,185235.558647481,15333.9464862291,-98378.2387723433,-19286.4273633149,125308.382922301,141046.504540532,250413.729586412,-102437.931758041,7899.4305619099,26925.7916961903,-90443.1308214914,-31868.7532332134,-160855.990091849,36635.8984858238,54932.8614164578,-20305.8770138649,-101441.614572401,16286.1235917649,96122.8761278545,21241.88535695,164644.205795107,132463.201919841,-106036.213509116,3887.13257063401,105940.675168953,538.487279613015,124527.475422423,-10933.8629699935,139186.116165094,-61441.3231426525,12970.4076602585,149067.925589199,172156.104200952,171233.507629006,212703.076926252,16283.6208415823,-56318.28901196,-40303.9259813172,141315.624988563,152611.095255578,14062.1909504806,18829.4372431939,31114.274547784,186038.644629232,97704.6425220255,-81567.312456146,222290.636143662,122628.236702485,195479.868574483,304863.995104716,-55482.7646494075,165224.030684711,31605.6666625521,21020.3103517906,123275.811079809,107385.875030207,157600.532705707,38094.198117392,175624.266150904,-179173.044317309,189825.71590227,53607.1525120253,-58203.0415876732,-106068.235055756,100763.921823836,103075.413948209,63534.1200811373,137481.150269999,-105879.042490365,121336.172216796,-113804.490770813,31321.3263504128,-17123.3649304744,-35102.6958316679,122689.180867249,-119592.597092333,133621.995618466,-24713.8543883998,31404.7500137992,-147859.771314651,127086.909476784,160995.182767882,153353.813263362,-2973.52457947089,94763.1476543548,-76452.5646615657,67975.7765138312,87608.8190945525,-32885.6106484031,92673.9457229444,-85306.0131690849,-41946.9303691663,267036.815279554,73281.1941153729,-149686.31917591,-208312.039007095,15790.8053260736,184975.466375932,-51266.3893611173,68000.4645664494,204727.248968466,-61149.8512511372,-52005.2471284866,121895.302005755,119858.615534594,89804.5497731677,18138.1836027329,-97055.1671577555,-13165.0165342653,61314.5579687982,253165.14028599,23436.789963234,161212.306419291,203339.02956378,-21740.89303079,59141.3571439729,-12595.4042275866,78550.4413868639,-24507.8845512529,-101019.737367427,220583.928461365,219058.871656948,26258.2681252922,148207.100872616,266811.244210713,192874.042868446,157505.196338111,152415.03570616,-89676.4012577767,5913.73086845118,103503.910333939,91578.3200337098,-36051.7298492694,1548.9859717283,-105427.001702207,196343.926525238,138797.51466568,-42296.8417979331,201681.92592574,237154.617042932,18137.4029355401,237731.309861267,166994.810337881
6,2015,"04996214","g____r_",1,399.909904588485,4,14,11,0,301,"1","E","A","E","0","E","B","2","2","B","1","0","1","1","1","0","A","A","A","B","B","1","0",93094.3951243976,"0","A","2",-76531.6119827346,35856.319168603,87217.5475412209,"A",131005.476811055,252984.405945116,27522.2099095841,-63575.2079957429,-57987.1243392398,-89382.0308584855,109648.953272747,42826.1372940439,144991.539011504,124514.002522202,52601.8448183162,182477.016863905,150444.621575217,39597.2619770974,-38431.1876716693,18151.2105144798,-166189.612573814,97086.2917581817,2034.19777819129,-165664.124836398,138985.011147245,99369.4987777846,11637.256973329,188070.317112965,2360.52688146602,17864.8720166651,221067.088744183,53876.8845892433,65839.9210222684,34979.1393338275,48587.5118664833,-58471.365489554,-60976.8911380171,-23035.533580547,157619.800481163,18555.1119320294,97063.004019308,65385.2877713966,72232.7555147174,60530.4567926729,-177141.557584697,54776.4177142235,14879.344356276,181566.383371184,242601.042656037,52412.382631232,111998.948622856,85951.3401147879,175839.560107943,-52690.3222389238,131743.940755525,55295.5904946382,23144.290775421,114277.644512334,-44878.2383381198,48344.990165405,80301.3146546309,-18866.693859578,615.859987466632,58061.7672219571,-145229.39005846,-1849.47347647363,-64217.3422752583,-52405.3256486264,11033.7128575416,-48088.6497568739,109729.735787361,93531.3814658789,103906.886834338,-123462.448564535,91694.9677106744,154840.444582872,1919.49137593424,-80416.4294068817,-148044.526819943,-101956.01033156,-80160.9944412349,-30760.6708389473,168818.477563997,102860.751665048,93246.7978720925,-117216.607258454,-96455.8391223861,88717.7061507867,39347.5982017361,-85576.8866846606,101602.401390926,29227.0430426451,93908.2639567009,8909.25612672631,127898.521582395,97854.7948632122,18374.968742383,7331.15197021618,102278.89518777,85853.4145258877,18853.2931043339,-9858.05336764196,-5824.18329155138,-2110.02909110158,-178883.943259965,37717.8781504497,75436.0618614402,99989.3563079336,-103629.697920576,-207659.185786756,-76913.8633331712,31177.2377192997,207634.714239719,242116.187211205,174460.721641681,-12607.0694526798,260020.623290207,119471.222738188,3155.04318973745,106408.525363895,15365.1954587894,97150.198026479,61936.8223265843,-24997.2720875414,-57584.3664328358,55605.7788004124,-69723.4407375841,242834.22469813,25466.3762900889,169082.103879325,120170.429705314,-89234.5881459401,64825.9405084132,272206.663089344,-52702.6094446324,-46978.2180791675,44167.1952785503,-27587.6270925665,184997.790475374,-35836.6340203539,21583.2760682045,14411.7819317319,329984.883251717,-123946.986513634,115668.016441802,3660.65273640399,37934.3653368038,198305.000868412,20625.4096041138,108057.99866763,-121462.686934889,148574.532785138,-100790.523063588,189467.383773247,112153.277069445,158257.552210419,177677.871290483,-109804.320495422,147930.951453951,-114593.669829524,-7722.58589651174,-30351.2559742009,134868.461953749,-46869.8394094647,-77398.13822805,-35217.9341541146,222328.36792072,67147.8417759901,25726.7056929442,182627.440463228,103647.11163761,-12238.654253323,-11585.8606571679,-77491.2385534211,-115058.199080952,8607.2909709502,132914.079749798,64198.5545654609,22695.3841328376,-263172.001277121,124928.428801234,-91431.1012179505,-15997.954935122,-58074.8335982066,19513.5726542822,-53204.0348010404,-77960.7559070617,60012.4398702631,-31431.3804252449,72081.2648681874,-24135.1478507766,114297.041125287,160663.181681395,96776.9009040652,-122046.672553774,101830.168200441,-6779.13600432488,140518.781166698,67602.5726660844,26690.528782281,86572.6323450578,70537.5891189325,-21492.1630047977,-34438.0575625568,152693.730882246,-89679.8176423581,52252.0206574852,-53060.1865510784,57722.05954423,57802.5879307677,-78061.4282338829,89578.1517207808,85697.7127426372,8235.55686869672,6924.36875749777,59336.2545889542,164238.268083857,108040.541733519,-92714.4216488397,52475.1749602584,-143598.531778131,103003.638808429,-116898.739018961,101196.200195343,25148.3923108359,88143.503184717,213340.028130646,-46131.3243848362,125191.525063346,-104259.453741796,30719.3135104523,149728.120052834,16609.0624260691,72793.2360732603,55553.8935491299,-55534.9296459457,98131.5577286434,10719.6818055729,-52138.8752542903,184450.534959639,60969.2946089969,18593.208251741,95739.7474858296,-43559.9574380987,-29654.0003453646,84977.5658357065,72581.9440900094,199933.041496807,72804.8338083243,56085.1861644369,6689.91203200964,64959.6491723673,61914.9970343363,54112.023953138,117297.508453108,-54790.7594881269,56803.5735796617,-131781.469040999,89906.4289002905,285376.874717424,153342.222571483,-9430.38355695657,120070.904617227,233183.737399499,47702.3261620196,-67772.8412678408,102292.269285863,111695.402766461,-66759.8277050872,280247.803546738,-77239.1043300919,30760.1851355034,204558.491226151,-380838.131700968,62998.3871715411,75263.8859549257,-40966.53674919,-94266.8725426785,-131811.165118494,174107.347164975,-163448.157776064,-164530.029733629,-150572.75453933,17240.6923998146,60446.1229692506,-24991.7761508199,44593.0157152783,3181.45676254571,2509.23218942255,-2550.53309048652,29436.9835927565,97073.1655542305,131850.823664728,-37822.6261360709,129458.767164905,199132.354782729,4756.65148053991,-106411.930684164,-87163.2645612569,59689.9015453536,154429.261303971
6,2016,"11569294","g____r_",1,159.945058555504,1,10,9,0,301,"E","E","B","B","1","0","1","E","1","2","2","1","E","E","E","1","1","B","A","0","0","B","B",216638.346287584,"E","E","0",-70975.273029628,-24680.2734968871,39621.358691741,"0",126440.291042372,-191003.474717589,2968.76335875745,74360.9348995539,66390.7914560451,60240.0513921582,-77892.5671799806,-146233.82531505,-7885.61834748072,73347.3383827216,69798.3429160325,133871.62073063,38585.573700912,44224.639338483,-149785.521298592,238648.150536371,95059.8621844291,-65535.5545066266,10383.7109118778,138198.396733657,159972.314776228,148058.700029884,117793.85571084,59929.6711162921,91566.2473239511,135337.043614509,-130222.18812695,181176.463288475,-65798.4695018035,100047.948108435,-53696.2223588743,33531.5478870617,35775.4441486377,50228.8180000971,298909.26248747,72899.6665372605,69492.5876690141,7681.45645170642,-39055.1159116043,74720.6298830816,145063.636969838,78684.5643838663,68001.3452579802,-84974.0356705118,113597.538249099,-15182.3514338208,141870.39063871,-52933.5814200291,134027.040815041,-46408.2238567035,59250.8363522613,164100.026964801,143232.595522681,66440.3327544996,184481.522754021,-56525.9841497543,50182.5093547224,139519.652059056,154331.053746515,-128056.447518084,132419.792798513,-128979.564625963,162187.287523734,10762.9561033493,132700.874272192,105514.198918832,93234.4805431741,198550.495845276,-137912.696299922,10806.0950986397,200393.072457466,33627.3195335896,91829.8710135803,-81322.2759980141,15896.4743599143,-63211.5491648163,10903.4087878929,102321.491329635,-117358.3198673,-82234.0921020842,263400.337945473,19458.3409122131,61115.0841771697,139757.351722124,-36700.6116044168,173429.758639063,162424.619501501,-26361.2074175064,-1791.46357146329,118454.819857942,122333.706694956,48788.8982632783,-97790.2547766396,94204.1639739551,163587.420482209,119754.985889318,-24183.1792856916,211613.819092854,53176.7451849432,99647.0053736611,136600.805351213,-9327.03981511798,-7105.3450294096,-39433.0870828077,212745.772768804,46278.3935702772,-12264.0971088041,-100240.348832225,-95468.2078724015,122967.257953975,137987.074690063,-43715.3360204143,1190.01045115211,180400.292337942,169196.057572372,3810.50208775931,25149.1773292745,49488.4089340786,183136.209985729,-36411.3449706844,7596.12001800051,18378.9930567385,-221413.022500732,22563.3467164574,-78082.6762229784,142309.85091595,-49935.4807813161,174757.305286975,-41575.0359402198,63164.4057946715,-184962.907381905,-10336.3171361494,-47835.1693120507,51097.3882985336,-92496.5126370953,-131252.589330803,85564.1068175285,108703.007815673,-7996.84315037036,42128.7475502149,-75491.6824324986,6979.32950630155,-30351.8305007333,107157.514546105,164343.857258918,112490.800051264,19694.4626820867,77835.3295993581,-34745.4089830391,51373.6037655677,-40491.5713227952,115419.88011086,121221.270761803,20832.2382266159,-9062.39389674195,38340.9019928889,53813.8839987012,88659.6155031599,97148.5258504598,2908.57500862436,241529.13542965,13904.0713380508,164132.189936223,30453.8458607228,-92053.977087997,137701.617680577,-41439.8645948946,168450.554685913,-11217.8215116813,103889.972365296,163347.060071367,78056.9716490076,42325.211150112,267139.105709155,95743.1952430247,-47650.2968600367,151700.254469043,-88109.2953824208,-35981.508960129,91516.9139585696,218830.850440506,221053.420392981,57530.7431561354,172775.285212077,-169639.624205571,125358.417583416,-80239.4703929355,24826.2951242687,179775.49050602,-100306.197855802,109802.352379334,198173.899279045,-31017.6258464147,1907.54717567383,-68869.0552105113,113624.826751456,214893.054750674,-82310.3739608403,16227.4692689953,68956.8620761526,-18924.9971952685,-39479.2017433494,-92491.7719653668,-7217.70606063871,68161.5758965874,18836.2203389627,48757.538057324,42195.9176054104,-148210.861173999,35147.0966104955,-4081.93392318916,69071.8943785648,-5883.0718775532,169010.43867785,72910.0174801363,34822.1322378253,17922.0115978592,-4194.91093641899,157422.434177357,-24694.4747108417,15656.337344346,101160.086601152,-54551.8919052979,26271.8362697066,12857.9231933498,75687.2786482248,11743.2479506659,54568.8252277466,13088.9010787076,88707.500687301,10217.6329467115,-81690.7569923424,-27663.6840863807,202432.130500607,202853.226874464,11342.6239354512,291572.239928672,230537.692519379,30523.8504012106,147674.060702702,169708.401994055,-45968.9214278469,-147994.506533171,167301.489302564,1594.62893495813,-44716.0894204441,81971.34418177,127409.861187522,-49057.8622504443,32469.7147392216,7668.26531611849,31370.6449760992,57284.3848101338,-84853.0004932276,-44398.355451293,34246.9274232712,107934.996820704,46009.5361658921,204253.554005969,129072.555732984,144477.979925424,-177046.459897062,177437.599306751,-3569.93516313277,81975.4608313472,2506.14419882181,94085.3717928553,122517.37602203,89923.5619819802,102361.398803807,92712.7327068752,174402.318939098,-41518.6043677172,102249.727505055,79936.8290559451,241199.639535024,48773.1724363789,-15375.8497769965,50510.2419600494,-22582.2185902899,-94150.4455717396,124103.210012524,33918.1503751866,-100091.7764654,9719.17817593914,158577.705573626,46561.5481455967,21129.3758185341,-36346.0551151675,71590.9695906376,-54266.0023681521,40512.6713605707,158783.602468624,98761.963805094,157365.669336841,171055.938236499,145715.754821109
6,2017,"08100607","_____r_",1,113.957312451299,1,17,12,0,201,NA,NA,NA,NA,NA,NA,NA,NA,NA,NA,NA,NA,NA,NA,NA,NA,NA,NA,NA,NA,NA,NA,NA,NA,NA,NA,NA,NA,NA,NA,NA,NA,NA,NA,NA,NA,NA,NA,NA,NA,NA,NA,NA,NA,NA,NA,NA,NA,NA,NA,NA,NA,NA,NA,NA,NA,NA,NA,NA,NA,NA,NA,NA,NA,NA,NA,NA,NA,NA,NA,NA,NA,NA,NA,NA,NA,NA,NA,NA,NA,NA,NA,NA,NA,NA,NA,NA,NA,NA,NA,NA,NA,NA,NA,NA,NA,NA,NA,NA,NA,NA,NA,NA,NA,NA,NA,NA,NA,NA,NA,NA,NA,NA,NA,NA,NA,NA,NA,NA,NA,NA,NA,NA,NA,NA,NA,NA,NA,NA,NA,NA,NA,NA,NA,NA,NA,NA,NA,NA,NA,NA,NA,NA,NA,NA,NA,NA,NA,NA,NA,NA,NA,NA,NA,NA,NA,NA,NA,NA,NA,NA,NA,NA,NA,NA,NA,NA,NA,NA,NA,NA,NA,NA,NA,NA,NA,NA,NA,NA,NA,NA,NA,NA,NA,NA,NA,NA,NA,NA,NA,NA,NA,NA,NA,NA,NA,NA,NA,NA,NA,NA,NA,NA,NA,NA,NA,NA,NA,NA,NA,NA,NA,NA,NA,NA,NA,NA,NA,NA,NA,NA,NA,NA,NA,NA,NA,NA,NA,NA,NA,NA,NA,NA,NA,NA,NA,NA,NA,NA,NA,NA,NA,NA,NA,NA,NA,NA,NA,NA,NA,NA,NA,NA,NA,NA,NA,NA,NA,NA,NA,NA,NA,NA,NA,NA,NA,NA,NA,NA,NA,NA,NA,NA,NA,NA,NA,NA,NA,NA,NA,NA,NA,NA,NA,NA,NA,NA,NA,NA,NA,NA,NA,NA,NA,NA,NA,NA,NA,NA,NA,NA,NA,NA,NA,NA,NA,NA,NA,NA,NA,NA,NA,NA,NA,NA,NA,NA,NA,NA,NA,NA,NA,NA,NA,NA,NA,NA,NA
6,2018,"04999518","g____r_",1,2845.72983764488,4,13,13,0,201,"B","2","2","2","2","2","1","B","B","A","0","1","E","E","0","B","B","0","0","1","0","2","2",56616.729013153,"B","E","E",24393.8098259408,146574.120692179,-133286.857928085,"A",156291.691446524,-52043.3590335967,136893.421498137,59820.3331862342,105101.53851584,169325.395271883,-66318.1634693844,-58112.56834281,-73460.2426456966,-155381.791498317,-29989.0916033031,-10282.5552094065,-40626.0639012302,-8285.66889696607,-209418.518979622,46390.5466653738,180537.70472351,64905.4061919427,202846.757664596,239146.343161196,-93561.1886092708,-9791.14315272668,7462.47417544031,-104894.173011498,10946.4237963128,167581.858393838,-101172.076956405,73963.1958607287,135947.495645967,72584.4703085297,130185.7798003,-49927.3646059183,-3220.30487729322,101959.733650174,28613.9499742894,97074.4289285111,-104291.466297586,12224.2171161451,102405.916304872,-12508.2239606222,-25398.5371289415,-91494.1724711014,20097.3743100581,17083.638500209,29189.8138660705,3062.01001389095,-29342.2795998063,-63889.5244712999,2864.18080013979,-67593.8279586602,57561.7139366369,-119455.270951234,-40032.8151180241,115804.663079022,183122.600926106,105898.928184742,59122.3420118242,164340.651361194,31613.9061403146,29506.5339469182,-104465.956060451,-21135.0408432638,-19122.7308908864,122187.953041525,106214.269912544,72469.0386444147,45182.0428649592,92581.2201772387,81726.8892462602,-6505.91997674638,-71232.928398039,10955.1257003955,93100.6285817936,-248.874297641196,-194404.276405518,223245.662160534,-11321.9969070774,238776.090437949,-22820.2773693164,75361.2779613331,25028.2390267942,-10061.4145349246,-20026.9906829677,25660.8606113873,-166098.058161073,30783.9581181625,-76035.2705011715,146839.153313237,151294.929884373,5360.78262972895,109866.15076321,-28745.3082811142,20858.7093648487,-135387.78188969,118697.943178622,98039.3463746907,143902.023921973,104424.00199229,-80763.8253037668,119273.026796138,96225.1254498179,-77636.742955661,7101.19191478148,-66349.2639597526,112338.710064218,-72668.052910721,21697.3900946426,54075.1463977422,312675.478800691,-17912.8778490829,-47489.0366671585,223519.184892141,-31276.8945727143,200199.33561027,178758.871271406,115137.583232871,71261.1076595597,89122.845404699,120542.210368051,-49384.5660724991,66022.9255111404,-37340.8629878705,21939.1998287224,53233.8027624408,-115516.58388666,135178.259204457,-76291.6363412272,-228464.283905682,61150.4759985007,-76816.8958315584,130151.667038866,31567.4981813782,265862.769575974,64070.1274874759,179041.883482099,160119.796674683,-67015.9541270175,-111959.279729143,-29664.3105843299,47591.3684813865,-11313.0785229546,183635.506784256,46024.5643540572,330610.469072751,-41082.5518405798,75602.1938837343,-68818.6250326826,-36157.0296084155,33890.3389423967,-34472.1305527785,23583.0934196805,166565.567180977,146496.186936471,29567.6547010571,48337.9082500867,-78017.0762699997,50942.9433453259,103865.274718152,87315.3564541764,108026.113369286,68444.6121421255,39607.7156737081,-47825.7082577884,-13768.3422499746,130693.082966779,193578.570430092,48834.5893183217,60098.2029348175,5444.55654586212,-25793.6077003968,-124115.465297328,156433.759459654,-104109.875386725,-25220.8898724989,74863.0699796152,33820.1335740575,-50120.2317991696,25665.3152498183,124350.59356443,120352.636151426,75860.022067576,46207.0201854692,21348.5030835686,55698.5425255137,87629.9112665517,-21651.8277542136,85429.0878939345,-52028.5200573318,-3048.7999126224,58104.2571094074,136760.758419336,104293.078617258,128700.246100881,-159507.585078134,41306.6930532508,131315.649065644,-4268.79267030134,-52508.0334440314,82108.8336424114,43963.7531313167,-238153.655483206,51964.4546154728,191436.375244154,52043.0255963041,266733.537934825,108114.816823821,-3030.95225477971,183976.442761425,179765.961367724,-35768.0408955551,-152040.173986429,57210.5794208296,-38511.0191759368,73854.9117000573,40053.9886669812,-84553.7873994495,158305.44025804,-59634.3949438434,98461.8576406583,-697.296328016339,-23277.3660585742,91269.8761115822,48276.5869905973,31641.202349029,143504.840853189,26034.3061834265,-79429.8031245382,80270.2533658679,-95677.9432414548,36139.720008999,-230079.788919006,-38918.5490985269,-38667.7805932701,-39317.1929954617,112151.757856752,-15209.9728684609,5118.36780824607,96901.9306363725,-36832.1226779689,-109283.118099382,247256.438938441,-102105.010538564,-942.853035145454,-36683.208259376,56342.426934255,-67141.0515430467,209854.122500563,160794.05488059,29201.5076508597,114995.395791768,-53561.3575015878,-77509.1899665281,-16521.6362946071,62299.7587288334,43514.5496186723,-65123.4179986466,33395.9965583322,-89311.1384603124,128734.15392096,152640.658653184,39410.8615401413,28147.7481350244,28121.5090242396,78879.4002035382,63374.4239814357,89421.9578845385,67832.5341890776,-151967.552627734,99466.5009511671,110421.563919704,-107424.520607726,50173.7839693937,64101.0836953942,16250.5937794448,113059.757105374,58395.9330383705,-134632.073465528,-44793.7698792782,18263.8312315507,64.8162414897379,206381.053984099,45349.2093081603,30655.2994856163,334675.616938544,-5816.16436001899,-45855.2766883412,-131.476602809496,-6249.00700427638,-5580.66211673208,57936.5325938906,-19483.7899308049,149228.25359147,-43250.5157914791,-94710.2069132161,-64878.0236145369,99654.7226269856,70892.1883018337
6,2019,"07298852","_____r_",3,96.1528949067229,4,12,7,0,401,NA,NA,NA,NA,NA,NA,NA,NA,NA,NA,NA,NA,NA,NA,NA,NA,NA,NA,NA,NA,NA,NA,NA,NA,NA,NA,NA,NA,NA,NA,NA,NA,NA,NA,NA,NA,NA,NA,NA,NA,NA,NA,NA,NA,NA,NA,NA,NA,NA,NA,NA,NA,NA,NA,NA,NA,NA,NA,NA,NA,NA,NA,NA,NA,NA,NA,NA,NA,NA,NA,NA,NA,NA,NA,NA,NA,NA,NA,NA,NA,NA,NA,NA,NA,NA,NA,NA,NA,NA,NA,NA,NA,NA,NA,NA,NA,NA,NA,NA,NA,NA,NA,NA,NA,NA,NA,NA,NA,NA,NA,NA,NA,NA,NA,NA,NA,NA,NA,NA,NA,NA,NA,NA,NA,NA,NA,NA,NA,NA,NA,NA,NA,NA,NA,NA,NA,NA,NA,NA,NA,NA,NA,NA,NA,NA,NA,NA,NA,NA,NA,NA,NA,NA,NA,NA,NA,NA,NA,NA,NA,NA,NA,NA,NA,NA,NA,NA,NA,NA,NA,NA,NA,NA,NA,NA,NA,NA,NA,NA,NA,NA,NA,NA,NA,NA,NA,NA,NA,NA,NA,NA,NA,NA,NA,NA,NA,NA,NA,NA,NA,NA,NA,NA,NA,NA,NA,NA,NA,NA,NA,NA,NA,NA,NA,NA,NA,NA,NA,NA,NA,NA,NA,NA,NA,NA,NA,NA,NA,NA,NA,NA,NA,NA,NA,NA,NA,NA,NA,NA,NA,NA,NA,NA,NA,NA,NA,NA,NA,NA,NA,NA,NA,NA,NA,NA,NA,NA,NA,NA,NA,NA,NA,NA,NA,NA,NA,NA,NA,NA,NA,NA,NA,NA,NA,NA,NA,NA,NA,NA,NA,NA,NA,NA,NA,NA,NA,NA,NA,NA,NA,NA,NA,NA,NA,NA,NA,NA,NA,NA,NA,NA,NA,NA,NA,NA,NA,NA,NA,NA,NA,NA,NA,NA,NA,NA,NA,NA,NA,NA,NA,NA,NA,NA,NA,NA,NA,NA,NA
7,2013,"05402764","g____r_",1,11.3906813058958,4,14,8,0,101,"0","1","A","1","E","1","2","2","A","E","A","0","1","2","A","2","B","A","1","E","1","0","B",-61826.1770760194,"B","1","0",46362.6713211066,-37902.8425052573,-38460.0784054742,"E",-55079.5435354465,83166.3118809135,8524.10363301983,202194.787792686,-53055.7753880334,-65260.1693891468,-33438.5891496156,65117.2409125248,28123.0001796497,-98843.1748888844,47909.6615912416,142760.402175519,24535.2489029469,224829.122215658,245145.166464916,7335.56916038568,-12933.6576885257,-7352.58233096707,313336.173962943,-421.445690963665,151652.020678806,70679.5605627718,69743.7234478954,54293.9202154782,181702.185878425,74886.7410812747,-13668.6554478171,108179.000088233,127944.223937681,40657.8643150112,44815.151027167,179377.574857768,-138707.611885556,30258.1042155401,264263.506868282,29682.6110504913,138182.64556289,34394.4236634382,12399.7578218185,79956.4860227929,36689.9528165518,204275.935629696,107329.56292494,150991.379491475,10587.9600974209,249313.255069365,175570.221870251,73717.4134035779,4431.11753543516,78664.7889918399,42931.6758011831,1992.63674779308,-4709.70845411893,-27441.9742308801,-9568.16512018688,54315.1511173675,117666.524211102,-84762.9967014831,-54845.9048297604,-185396.488671801,83429.8487597262,169657.731516317,-39636.0122916115,139997.41650681,-110302.798882398,-252776.188049807,-145964.156721792,116747.508234948,-10394.7908767092,140593.70591677,94835.3549506524,107721.093478532,55474.4179672995,85792.4410939529,118217.762914798,195632.78134941,-25953.6796460044,154434.518800784,-20166.1228069838,60716.5164049651,23395.8087526816,193793.402776139,126828.034286823,145473.612933044,-47308.6937245143,129862.927014206,-47770.7277533669,3305.77175950239,-98323.2274761876,192262.813989855,-23145.6598657214,24783.3943815072,8044.69199727175,149007.322996639,-149206.363263383,45805.5892850045,-32769.3311337593,197603.110851637,173757.46052265,81282.5245485813,153682.511160531,16383.561933412,-3201.77807485449,-50715.068901999,24912.2732138776,-3084.92156609183,171262.693716946,299122.992131505,-279914.098473995,66412.3993157846,66438.4635067195,113036.528605768,126747.460836508,58849.3904033878,176115.987865661,-70062.8760418855,47576.952223693,146517.306583257,18715.8602677469,89113.800957941,140578.864023504,17816.1632710327,123227.474382647,-9686.66023338237,64159.7102916443,-2737.56000877629,75274.8846095204,-3564.73393690501,-134174.029189455,48439.8666239415,124999.359141394,111491.972749464,69726.1958842614,64410.2298593732,-158344.656859925,38160.8743418922,-3761.61760020845,-52719.8407809243,82014.5217998541,43424.6673496209,82096.7123395781,-93707.7647638718,-93870.5647429437,-7554.16626793006,85757.3993511798,-97894.045624487,182747.04035386,-22709.6187308918,-41845.0355175453,77993.7029654761,-43879.4648177627,189275.474477345,240651.98503147,-29058.8071577109,44597.0890959556,87327.3079991005,-11886.3394511728,32432.7775160446,77454.4283861385,71238.7583916607,31010.8245840206,144545.66554647,167105.76335165,18400.5257165282,46422.7077255581,97090.2597279213,211673.262499345,-33521.1805189014,261636.441631713,96977.8245877172,73284.4242577772,31754.9050988259,-5795.89608946178,178102.027826911,132466.48710186,326782.82858256,-22464.72266441,85926.0210983484,-48805.1325931114,51054.562332448,211359.56065458,77776.4480032415,-45315.945284965,86418.0260672661,-31565.5865127586,10755.5942332141,157117.72052713,-5968.90326656124,108642.638464756,83654.7105934917,18273.0173783229,-125424.03451979,43463.6642203801,53864.9852863191,1745.58416016558,-40803.8751341646,32336.7971540335,85812.4014148914,72577.6812045436,101661.94444251,58590.1839225987,-17270.3000491557,-20961.1805307154,63988.6445822356,174738.755017397,101529.643589692,32283.2610316728,5437.02317159231,224765.173572438,-151363.718422077,52897.198351673,-97488.1100711075,-83680.1057849411,-24679.9979871065,195611.019965281,62113.3347615705,150176.037534945,-59458.8248318478,63151.9390077473,-42131.6908702174,208544.967768773,150933.823604394,-114808.492625744,84174.1043605307,4907.45683768104,136698.557151768,29318.3217543205,50490.0712232228,-30866.6305815539,54603.9321651849,120920.822113904,-6954.49257316794,-78395.61696658,155988.269490177,-8362.40168429942,-16766.6598026935,198000.308576506,-7381.70162125946,140986.561948298,789.070898953767,-177740.667510958,-84503.0950574641,100337.414628627,-29656.0579748305,-79425.2563774844,49141.2668474926,104704.98695874,90048.5734390894,-56337.0406506167,-96740.1222126647,134796.604492974,148924.299577867,65040.3112923412,251104.114048639,25980.786025774,31567.5635437872,163905.020096812,-89225.9946361439,-10889.3754376338,128475.03153204,193624.493407407,-29764.1549396316,214958.878310274,66422.9730057243,56596.0655526599,-11735.0174966839,98355.1873789126,80251.1679574254,79683.2503636134,-93929.3326720951,51983.8005874122,-40385.9219036514,63035.262267648,82792.247377438,83109.878123539,112079.021559252,56525.997998968,-209606.733589427,112702.681861148,150278.732096855,-16883.0844253085,142671.19154099,148182.020420556,-108186.191882398,26507.7978901529,70852.5891020554,84079.7865677711,89112.9125295525,-102811.423556134,60983.3691686761,-85968.5702438584,111564.977756228,35143.8652583225,50774.7791896234,-58363.1726448892,10342.3369527955,59798.7489610907
7,2014,"13091783","_____r_",2,320.966186920933,1,12,8,0,101,NA,NA,NA,NA,NA,NA,NA,NA,NA,NA,NA,NA,NA,NA,NA,NA,NA,NA,NA,NA,NA,NA,NA,NA,NA,NA,NA,NA,NA,NA,NA,NA,NA,NA,NA,NA,NA,NA,NA,NA,NA,NA,NA,NA,NA,NA,NA,NA,NA,NA,NA,NA,NA,NA,NA,NA,NA,NA,NA,NA,NA,NA,NA,NA,NA,NA,NA,NA,NA,NA,NA,NA,NA,NA,NA,NA,NA,NA,NA,NA,NA,NA,NA,NA,NA,NA,NA,NA,NA,NA,NA,NA,NA,NA,NA,NA,NA,NA,NA,NA,NA,NA,NA,NA,NA,NA,NA,NA,NA,NA,NA,NA,NA,NA,NA,NA,NA,NA,NA,NA,NA,NA,NA,NA,NA,NA,NA,NA,NA,NA,NA,NA,NA,NA,NA,NA,NA,NA,NA,NA,NA,NA,NA,NA,NA,NA,NA,NA,NA,NA,NA,NA,NA,NA,NA,NA,NA,NA,NA,NA,NA,NA,NA,NA,NA,NA,NA,NA,NA,NA,NA,NA,NA,NA,NA,NA,NA,NA,NA,NA,NA,NA,NA,NA,NA,NA,NA,NA,NA,NA,NA,NA,NA,NA,NA,NA,NA,NA,NA,NA,NA,NA,NA,NA,NA,NA,NA,NA,NA,NA,NA,NA,NA,NA,NA,NA,NA,NA,NA,NA,NA,NA,NA,NA,NA,NA,NA,NA,NA,NA,NA,NA,NA,NA,NA,NA,NA,NA,NA,NA,NA,NA,NA,NA,NA,NA,NA,NA,NA,NA,NA,NA,NA,NA,NA,NA,NA,NA,NA,NA,NA,NA,NA,NA,NA,NA,NA,NA,NA,NA,NA,NA,NA,NA,NA,NA,NA,NA,NA,NA,NA,NA,NA,NA,NA,NA,NA,NA,NA,NA,NA,NA,NA,NA,NA,NA,NA,NA,NA,NA,NA,NA,NA,NA,NA,NA,NA,NA,NA,NA,NA,NA,NA,NA,NA,NA,NA,NA,NA,NA,NA,NA,NA,NA,NA,NA,NA,NA
7,2015,"07781546","_____r_",2,73.4771337917746,1,18,10,0,101,NA,NA,NA,NA,NA,NA,NA,NA,NA,NA,NA,NA,NA,NA,NA,NA,NA,NA,NA,NA,NA,NA,NA,NA,NA,NA,NA,NA,NA,NA,NA,NA,NA,NA,NA,NA,NA,NA,NA,NA,NA,NA,NA,NA,NA,NA,NA,NA,NA,NA,NA,NA,NA,NA,NA,NA,NA,NA,NA,NA,NA,NA,NA,NA,NA,NA,NA,NA,NA,NA,NA,NA,NA,NA,NA,NA,NA,NA,NA,NA,NA,NA,NA,NA,NA,NA,NA,NA,NA,NA,NA,NA,NA,NA,NA,NA,NA,NA,NA,NA,NA,NA,NA,NA,NA,NA,NA,NA,NA,NA,NA,NA,NA,NA,NA,NA,NA,NA,NA,NA,NA,NA,NA,NA,NA,NA,NA,NA,NA,NA,NA,NA,NA,NA,NA,NA,NA,NA,NA,NA,NA,NA,NA,NA,NA,NA,NA,NA,NA,NA,NA,NA,NA,NA,NA,NA,NA,NA,NA,NA,NA,NA,NA,NA,NA,NA,NA,NA,NA,NA,NA,NA,NA,NA,NA,NA,NA,NA,NA,NA,NA,NA,NA,NA,NA,NA,NA,NA,NA,NA,NA,NA,NA,NA,NA,NA,NA,NA,NA,NA,NA,NA,NA,NA,NA,NA,NA,NA,NA,NA,NA,NA,NA,NA,NA,NA,NA,NA,NA,NA,NA,NA,NA,NA,NA,NA,NA,NA,NA,NA,NA,NA,NA,NA,NA,NA,NA,NA,NA,NA,NA,NA,NA,NA,NA,NA,NA,NA,NA,NA,NA,NA,NA,NA,NA,NA,NA,NA,NA,NA,NA,NA,NA,NA,NA,NA,NA,NA,NA,NA,NA,NA,NA,NA,NA,NA,NA,NA,NA,NA,NA,NA,NA,NA,NA,NA,NA,NA,NA,NA,NA,NA,NA,NA,NA,NA,NA,NA,NA,NA,NA,NA,NA,NA,NA,NA,NA,NA,NA,NA,NA,NA,NA,NA,NA,NA,NA,NA,NA,NA,NA,NA,NA,NA,NA,NA,NA,NA
7,2016,"06181426","_____r_",2,52.2692274845174,4,13,9,0,201,NA,NA,NA,NA,NA,NA,NA,NA,NA,NA,NA,NA,NA,NA,NA,NA,NA,NA,NA,NA,NA,NA,NA,NA,NA,NA,NA,NA,NA,NA,NA,NA,NA,NA,NA,NA,NA,NA,NA,NA,NA,NA,NA,NA,NA,NA,NA,NA,NA,NA,NA,NA,NA,NA,NA,NA,NA,NA,NA,NA,NA,NA,NA,NA,NA,NA,NA,NA,NA,NA,NA,NA,NA,NA,NA,NA,NA,NA,NA,NA,NA,NA,NA,NA,NA,NA,NA,NA,NA,NA,NA,NA,NA,NA,NA,NA,NA,NA,NA,NA,NA,NA,NA,NA,NA,NA,NA,NA,NA,NA,NA,NA,NA,NA,NA,NA,NA,NA,NA,NA,NA,NA,NA,NA,NA,NA,NA,NA,NA,NA,NA,NA,NA,NA,NA,NA,NA,NA,NA,NA,NA,NA,NA,NA,NA,NA,NA,NA,NA,NA,NA,NA,NA,NA,NA,NA,NA,NA,NA,NA,NA,NA,NA,NA,NA,NA,NA,NA,NA,NA,NA,NA,NA,NA,NA,NA,NA,NA,NA,NA,NA,NA,NA,NA,NA,NA,NA,NA,NA,NA,NA,NA,NA,NA,NA,NA,NA,NA,NA,NA,NA,NA,NA,NA,NA,NA,NA,NA,NA,NA,NA,NA,NA,NA,NA,NA,NA,NA,NA,NA,NA,NA,NA,NA,NA,NA,NA,NA,NA,NA,NA,NA,NA,NA,NA,NA,NA,NA,NA,NA,NA,NA,NA,NA,NA,NA,NA,NA,NA,NA,NA,NA,NA,NA,NA,NA,NA,NA,NA,NA,NA,NA,NA,NA,NA,NA,NA,NA,NA,NA,NA,NA,NA,NA,NA,NA,NA,NA,NA,NA,NA,NA,NA,NA,NA,NA,NA,NA,NA,NA,NA,NA,NA,NA,NA,NA,NA,NA,NA,NA,NA,NA,NA,NA,NA,NA,NA,NA,NA,NA,NA,NA,NA,NA,NA,NA,NA,NA,NA,NA,NA,NA,NA,NA,NA,NA,NA,NA
7,2017,"15054471","_____r_",3,17.5269132334081,1,19,14,0,401,NA,NA,NA,NA,NA,NA,NA,NA,NA,NA,NA,NA,NA,NA,NA,NA,NA,NA,NA,NA,NA,NA,NA,NA,NA,NA,NA,NA,NA,NA,NA,NA,NA,NA,NA,NA,NA,NA,NA,NA,NA,NA,NA,NA,NA,NA,NA,NA,NA,NA,NA,NA,NA,NA,NA,NA,NA,NA,NA,NA,NA,NA,NA,NA,NA,NA,NA,NA,NA,NA,NA,NA,NA,NA,NA,NA,NA,NA,NA,NA,NA,NA,NA,NA,NA,NA,NA,NA,NA,NA,NA,NA,NA,NA,NA,NA,NA,NA,NA,NA,NA,NA,NA,NA,NA,NA,NA,NA,NA,NA,NA,NA,NA,NA,NA,NA,NA,NA,NA,NA,NA,NA,NA,NA,NA,NA,NA,NA,NA,NA,NA,NA,NA,NA,NA,NA,NA,NA,NA,NA,NA,NA,NA,NA,NA,NA,NA,NA,NA,NA,NA,NA,NA,NA,NA,NA,NA,NA,NA,NA,NA,NA,NA,NA,NA,NA,NA,NA,NA,NA,NA,NA,NA,NA,NA,NA,NA,NA,NA,NA,NA,NA,NA,NA,NA,NA,NA,NA,NA,NA,NA,NA,NA,NA,NA,NA,NA,NA,NA,NA,NA,NA,NA,NA,NA,NA,NA,NA,NA,NA,NA,NA,NA,NA,NA,NA,NA,NA,NA,NA,NA,NA,NA,NA,NA,NA,NA,NA,NA,NA,NA,NA,NA,NA,NA,NA,NA,NA,NA,NA,NA,NA,NA,NA,NA,NA,NA,NA,NA,NA,NA,NA,NA,NA,NA,NA,NA,NA,NA,NA,NA,NA,NA,NA,NA,NA,NA,NA,NA,NA,NA,NA,NA,NA,NA,NA,NA,NA,NA,NA,NA,NA,NA,NA,NA,NA,NA,NA,NA,NA,NA,NA,NA,NA,NA,NA,NA,NA,NA,NA,NA,NA,NA,NA,NA,NA,NA,NA,NA,NA,NA,NA,NA,NA,NA,NA,NA,NA,NA,NA,NA,NA,NA,NA,NA,NA,NA,NA
7,2018,"09851188","g____r_",1,349.579780682821,5,21,16,0,401,"E","0","A","1","B","E","E","B","B","2","B","B","1","A","B","E","2","A","1","2","2","E","E",98524.772207913,"2","E","2",148856.096748526,40196.7976634105,-33936.1143099957,"1",-49498.3981707804,-74832.0712959423,247647.660399644,162956.748851229,131796.875462978,194807.361938609,-152087.358501604,-125212.64599384,54090.9134201748,262531.063245348,105306.967866617,-55870.4375703289,-52147.3771319642,-44018.7099241865,182949.641499576,118415.694447817,-99267.7262929944,-37979.5884857987,154271.286515666,86657.0962438113,24596.8025140271,65920.0142740864,148087.536486184,14801.2498237375,-4691.49468223721,29135.8795791572,-58508.2832602752,296355.709804535,31812.7581656925,77885.3847414073,-46745.5907190673,190393.921599966,41464.9618433923,-21312.2521775414,108157.533931499,189902.714161473,-5562.11189611938,-44649.5456935972,-69415.7798088291,159666.923204531,-17870.5955120143,38666.8805751207,115026.371777598,140306.715464074,-41758.6982274542,17299.9734962115,-36262.1782502939,42802.6604189333,63256.2261368236,86384.0506241489,19654.8159441255,20034.7226254234,178981.401292553,-40857.5751699022,56648.3108362733,207493.995047045,90725.5275673404,-86339.03447506,33392.1309235246,-15859.2587040255,237.740973292668,-137622.878998917,-70958.6496122664,167056.81725934,173074.275434124,-73042.2369660398,93756.9833068573,130987.895836914,354902.117830706,40143.6584134297,34974.5568063852,69497.6157518856,233213.635943786,159978.189064038,214969.087158497,63663.1623891671,102659.671396457,5639.96434603522,38608.3954772228,92139.0967159038,159191.938805435,15348.3308767473,135390.840645376,19912.2650010652,-86249.9897527466,145737.185292466,112642.571544541,-62368.34875758,126609.558877998,135649.338413284,105027.458973578,77934.4445652905,73861.5293521452,190001.09858255,101218.13588739,175008.788286937,122504.624369712,29876.9692378476,72679.0299359746,11969.0009319538,99215.3968788937,197055.216966244,-4684.45073140493,167994.200345474,105807.058094099,105378.131892717,17926.1216824252,107515.95987911,157862.497112018,107745.236661251,161743.932831735,178981.174120155,80917.1036436421,170670.60579896,46663.8383760651,88338.6288847613,-72287.7998613148,92273.0982529018,42631.690426199,14386.9969083764,42870.3078737493,16425.5586310728,36530.0132203974,92177.9627921223,122176.075482644,53307.9519910194,59681.0633718474,-15850.4241554931,-32106.5944979778,114886.548169797,10063.1306337967,30211.1177129487,106099.466549713,-102201.992499166,-98331.4616600274,106408.673310921,-63693.1073324791,115590.268349979,69390.0301859261,55449.2450152654,107296.150358052,-22254.6736684779,50320.520365258,-6737.2477440174,-28419.7767259331,-134827.535489785,-3116.66266918732,199353.017922563,179019.14569174,135372.253052642,-24455.7537883246,84625.4125706976,83320.8662204785,76270.4869824496,130228.898991481,-147713.02009213,-64944.2244044415,139452.217417238,15175.2780526912,-58227.0992020782,-96961.8974638588,-1522.96281074894,92221.0138911,-201681.48343444,-11523.2897234671,109965.835040585,67636.8223968983,64938.4192890017,132123.551172518,-81062.2467522519,87976.6839565172,164959.653080109,-70832.6157444739,46944.4855301705,10990.1687791461,172683.424216863,65491.4125406724,105473.975891089,66215.9470109668,-105255.969988684,47451.976042157,-69442.2974102241,143327.011150734,142066.120118824,83840.4724992902,-4173.54026742126,83846.9525740285,27148.0498076646,-96830.6711211457,7920.1339480091,-70408.2937567776,-46734.6966188815,-116095.626843903,-24685.6126075289,263467.91569632,-32213.2161753538,-155950.549515581,98324.1222240961,148004.893532374,12660.6297096763,-21.3607498318015,33392.4036447641,186815.562655244,60647.524361805,14845.6553545404,247905.116954586,-20958.2223863655,63858.0630802379,-16171.3088533556,55736.0079266266,138384.947818655,-42708.1394004753,44324.2023112283,68652.7012089859,216210.241076161,-13219.1712469054,-101759.434454743,-25289.0905620367,112975.334888737,72145.7725204299,-5127.2886166298,28810.6445072339,59482.6588045611,24289.2371116061,-109513.793658689,23423.6690891908,-64334.7726686331,-8774.2065509484,-99327.026536613,-47161.3250433169,96062.5619636545,106020.572853031,19090.7414446677,132416.749149463,122907.562404653,-57753.8471248595,205307.450868561,97092.1242901756,35369.1368461801,-42762.6990092792,99785.9313030709,197506.654204579,19240.4169923072,16955.4258641429,187953.679501957,126192.532263106,-51936.6539336905,52759.2574565674,51795.0486156323,11818.7537142339,14455.5798853489,145771.258900991,-26713.9755296109,-86103.291247837,109987.696079299,88369.5678968007,201825.189228236,147810.570914251,67677.354617641,24016.1090605798,134559.3597228,31925.1075068742,-34300.9725774257,-85530.2587032497,178495.933885481,-39598.8903010082,-124098.631937588,115637.165985915,-29006.0705856316,-94609.0241645623,-44498.6927076418,-35514.3370958447,135003.362731971,-48571.2905176645,266926.935623829,77661.2368717695,124875.473793392,19408.0658723682,34127.8648107563,-100823.890140489,181199.40146564,161997.801671432,7967.07960336588,-2497.78775187163,-48241.2399804718,2200.18094706763,-201406.936107354,-70350.4926560569,126972.836093561,185146.932890965,17135.4324337158,188648.993343099,10759.6094956909,-46141.7517154765,112784.468400527,49625.1195829535,-1724.50238525922
7,2019,"13288254","g____r_",1,104.790543197051,1,18,16,0,101,"0","1","A","B","E","1","B","2","E","B","1","2","B","0","0","2","1","A","2","2","E","2","2",29797.5936112699,"E","E","2",92209.3433323588,151934.525528357,176043.797644631,"1",130660.053439518,231165.892323589,96025.2971396006,102240.261877976,2069.81035892542,164750.585879187,46622.9930597193,49120.2603594445,-14176.6477015289,212620.223284219,-72465.1459046527,-86091.8802228138,115247.15782386,29942.8853902047,-29150.4334118372,-6582.3119601587,169640.505108591,-28216.8639147772,147941.973278764,24854.0011869813,192861.732911313,60682.7874069385,147423.812111637,-19054.4762120507,82947.9017758786,113207.183619533,182598.350882293,18692.8164085554,-21393.093466779,3913.31205507096,139159.417703001,-2192.25292963259,115972.655395276,98160.6511861023,-54345.3726497006,131967.446861548,51230.8901299136,47287.3933445508,110858.699532907,186549.47774056,39378.2228382168,-91403.2474470858,56501.1557645062,-30519.862165049,-155570.067994349,-74673.2533793034,6571.67910368057,64665.573067877,274819.234779111,72154.674260365,216659.96411163,174303.510731985,8490.3657310518,23583.6699128472,-45223.3803241661,114456.281674076,-73588.0696906706,66096.3810668097,93015.1743244093,63605.3674442531,30931.6082359987,-54154.8908389563,64242.6486647863,164626.006201686,160024.369564406,147579.189631801,52193.790337015,10338.7597347065,-53879.6710796489,144427.349087985,87605.9419936065,94185.7658027762,50743.2696160459,-29997.9947319751,46318.6320263106,-202727.246862176,126768.090980313,-24193.7201034055,-75938.5026958388,51469.1705348993,-73441.8594138523,11584.6597255647,380465.225094982,91150.2244898026,50779.8104503571,65294.5660519923,19396.7866760245,-30793.7436161909,143760.561839721,-59682.9132710405,-131481.714949417,239958.370155927,172131.291367549,188089.823961988,46753.1994588813,212580.603378931,106922.926594723,86967.8504214944,-67498.4036411564,89793.1116766229,-44608.6469814556,174600.271392699,344137.460101375,74873.5320123099,178971.335510886,-125426.556566254,-18341.7842261692,-83375.8485624399,-3807.37186726123,42587.7156549729,185501.443458384,23398.1675737229,-110354.322361156,166064.150751538,124657.172631556,9383.57649262078,72304.982217806,170110.203415651,29454.8573911411,-10764.570596259,-43882.8050946769,-26769.6743547522,60271.3144493859,346547.371399818,88402.521553751,947.101835964,-112242.414890872,-57914.012705278,229345.378828791,-24414.7280581467,41374.1818828065,27375.9807201605,157292.453065822,33757.1395340956,84527.6719634288,-113190.732599861,21747.0993090234,133088.887169395,52425.7621572663,52999.3559838878,163179.483340709,-37641.7940966662,116298.982917223,-258.861631234518,237243.129667001,9494.58982804456,167274.495528332,158720.964023933,54979.5469980914,102243.334958527,-38247.9278920781,220928.656781711,203628.89135555,16535.6435095714,100635.818988918,52861.0218443417,-78201.8967688213,43247.9310470192,130076.865608974,-76910.3964179606,-17762.2219136974,-52976.9970384048,35199.1809819168,31472.2857708397,56377.6906079825,9006.53322611615,53256.6477307095,111841.846207512,-72869.7704791881,201624.200066308,246239.791290764,-223566.395889298,-43635.2686147472,34443.2444359363,14691.1786513778,90417.9910362204,202716.013559079,53769.9244608103,123082.739904821,60834.9291673818,59935.5577650265,-31854.4679591276,39311.7739411539,64424.6001902093,259439.070113816,-4884.23182956377,246051.75826273,192281.249102622,-36221.4632174845,-22707.4434360559,-6830.81895514145,-11114.9694098836,61098.232572538,-3988.11743944414,5877.71631176726,-56959.9525031601,-12822.1546539153,72932.0962783568,179653.487839931,9377.12921730356,-117089.371418317,21023.5351476604,94712.4239878415,-15817.7844755205,76503.9580504708,-48279.5613705821,30886.5934862581,138389.542579856,91932.528891801,-24196.468594047,28587.4023275983,-11334.544841638,35282.9112778875,213165.533250363,-5570.50073816019,-2133.15122354273,-164333.88982909,78673.8600875052,130474.702783589,129665.49469035,-26785.6638377531,128837.030288779,146592.91531498,-67473.5450790526,-5509.69409496068,163603.079679619,133850.930496604,7465.47691264593,-72242.0365039316,92256.5264819471,-32514.7101552535,60939.1635430735,150513.952239405,79683.1643399939,134294.334859926,82252.1627972782,68392.6419758464,29235.2853678678,2286.06485405034,-65229.5133073257,71551.8237969594,-139003.451918256,89196.3999339191,-84416.7467266097,45778.4605244575,-198669.458449713,42877.5533946325,139753.044799647,60418.8264520265,186183.402583446,55853.1336070666,82559.1541535795,-2129.67266640304,93715.9038884533,182526.832553721,14131.536865286,106504.466933745,-27148.2769382305,90961.7303690133,117953.564683484,24532.0340931731,116563.795881127,75261.5700313584,-18950.1750111605,44177.7774461858,-53438.7524657177,81878.1920934566,253864.522774629,103816.80012901,-163011.962204228,53237.9867227499,-18853.238536685,89675.6176084976,282947.655615508,65545.3121850238,239333.140996789,34483.5664674791,-15350.400856302,-37101.0687246584,-23828.802102941,264305.097621457,21026.6695044703,-36469.5905276359,-84752.2286786374,78248.7558616662,220092.156838267,26347.5149579863,-187284.169968105,122202.866667346,-42868.7880938486,21352.6343168582,65710.4957153434,98122.7105132203,192559.606940897,71856.8855224083,7752.54744361178,-57624.9381651997
8,2013,"08720268","_____r_",1,416.270569918822,4,10,7,0,101,NA,NA,NA,NA,NA,NA,NA,NA,NA,NA,NA,NA,NA,NA,NA,NA,NA,NA,NA,NA,NA,NA,NA,NA,NA,NA,NA,NA,NA,NA,NA,NA,NA,NA,NA,NA,NA,NA,NA,NA,NA,NA,NA,NA,NA,NA,NA,NA,NA,NA,NA,NA,NA,NA,NA,NA,NA,NA,NA,NA,NA,NA,NA,NA,NA,NA,NA,NA,NA,NA,NA,NA,NA,NA,NA,NA,NA,NA,NA,NA,NA,NA,NA,NA,NA,NA,NA,NA,NA,NA,NA,NA,NA,NA,NA,NA,NA,NA,NA,NA,NA,NA,NA,NA,NA,NA,NA,NA,NA,NA,NA,NA,NA,NA,NA,NA,NA,NA,NA,NA,NA,NA,NA,NA,NA,NA,NA,NA,NA,NA,NA,NA,NA,NA,NA,NA,NA,NA,NA,NA,NA,NA,NA,NA,NA,NA,NA,NA,NA,NA,NA,NA,NA,NA,NA,NA,NA,NA,NA,NA,NA,NA,NA,NA,NA,NA,NA,NA,NA,NA,NA,NA,NA,NA,NA,NA,NA,NA,NA,NA,NA,NA,NA,NA,NA,NA,NA,NA,NA,NA,NA,NA,NA,NA,NA,NA,NA,NA,NA,NA,NA,NA,NA,NA,NA,NA,NA,NA,NA,NA,NA,NA,NA,NA,NA,NA,NA,NA,NA,NA,NA,NA,NA,NA,NA,NA,NA,NA,NA,NA,NA,NA,NA,NA,NA,NA,NA,NA,NA,NA,NA,NA,NA,NA,NA,NA,NA,NA,NA,NA,NA,NA,NA,NA,NA,NA,NA,NA,NA,NA,NA,NA,NA,NA,NA,NA,NA,NA,NA,NA,NA,NA,NA,NA,NA,NA,NA,NA,NA,NA,NA,NA,NA,NA,NA,NA,NA,NA,NA,NA,NA,NA,NA,NA,NA,NA,NA,NA,NA,NA,NA,NA,NA,NA,NA,NA,NA,NA,NA,NA,NA,NA,NA,NA,NA,NA,NA,NA,NA,NA,NA,NA,NA,NA,NA,NA,NA,NA
8,2014,"04758640","_____r_",1,92.8763877811462,1,16,14,0,301,NA,NA,NA,NA,NA,NA,NA,NA,NA,NA,NA,NA,NA,NA,NA,NA,NA,NA,NA,NA,NA,NA,NA,NA,NA,NA,NA,NA,NA,NA,NA,NA,NA,NA,NA,NA,NA,NA,NA,NA,NA,NA,NA,NA,NA,NA,NA,NA,NA,NA,NA,NA,NA,NA,NA,NA,NA,NA,NA,NA,NA,NA,NA,NA,NA,NA,NA,NA,NA,NA,NA,NA,NA,NA,NA,NA,NA,NA,NA,NA,NA,NA,NA,NA,NA,NA,NA,NA,NA,NA,NA,NA,NA,NA,NA,NA,NA,NA,NA,NA,NA,NA,NA,NA,NA,NA,NA,NA,NA,NA,NA,NA,NA,NA,NA,NA,NA,NA,NA,NA,NA,NA,NA,NA,NA,NA,NA,NA,NA,NA,NA,NA,NA,NA,NA,NA,NA,NA,NA,NA,NA,NA,NA,NA,NA,NA,NA,NA,NA,NA,NA,NA,NA,NA,NA,NA,NA,NA,NA,NA,NA,NA,NA,NA,NA,NA,NA,NA,NA,NA,NA,NA,NA,NA,NA,NA,NA,NA,NA,NA,NA,NA,NA,NA,NA,NA,NA,NA,NA,NA,NA,NA,NA,NA,NA,NA,NA,NA,NA,NA,NA,NA,NA,NA,NA,NA,NA,NA,NA,NA,NA,NA,NA,NA,NA,NA,NA,NA,NA,NA,NA,NA,NA,NA,NA,NA,NA,NA,NA,NA,NA,NA,NA,NA,NA,NA,NA,NA,NA,NA,NA,NA,NA,NA,NA,NA,NA,NA,NA,NA,NA,NA,NA,NA,NA,NA,NA,NA,NA,NA,NA,NA,NA,NA,NA,NA,NA,NA,NA,NA,NA,NA,NA,NA,NA,NA,NA,NA,NA,NA,NA,NA,NA,NA,NA,NA,NA,NA,NA,NA,NA,NA,NA,NA,NA,NA,NA,NA,NA,NA,NA,NA,NA,NA,NA,NA,NA,NA,NA,NA,NA,NA,NA,NA,NA,NA,NA,NA,NA,NA,NA,NA,NA,NA,NA,NA,NA,NA
8,2015,"04060410","g____r_",1,39.7652393839273,1,19,15,0,101,"1","0","0","0","B","E","A","B","B","B","0","A","1","2","E","0","0","0","E","0","0","A","2",153566.700725105,"E","E","0",218240.229673938,37834.7856457062,27536.6201435298,"2",149765.776800717,176269.989179182,-63324.8644666464,122198.852094354,88243.3300713056,81704.2226626897,-40118.3292235971,67705.7815198865,-46150.9474512808,48075.610565762,61700.7748878731,144994.745248241,26112.5450729116,84562.8857339167,-85846.2676387859,66745.86188269,72539.3595975952,-104964.495217786,38477.9056211643,-64437.7086528829,-5569.80181698529,-39938.566012548,69646.9300799843,57713.4297008986,-24139.0556170093,91654.0933601724,109330.496040247,-26078.87931218,-46629.9901527048,359064.79065758,12319.7991121644,91815.9710299088,141834.400790379,-64814.999329978,-28393.5381081416,117163.042311508,-72539.3152584537,286198.070191507,7973.73715057575,112990.600835609,-186118.63148431,-80259.0063041618,-31189.9916610281,56286.534474169,77972.2099710378,-176041.446057296,70325.9776609125,-32437.873888323,144716.304530115,26229.1595351597,-28952.1810713723,109733.299620431,-23105.3639885827,60299.8740673444,29931.4098536187,-27619.5042929951,57589.4250892307,96515.8227037441,-109271.96483531,129705.867900852,138600.031917304,58937.1509710717,-63143.4150982708,65981.7527033326,117929.724279546,84768.5875045076,81866.4374271727,21350.2210916552,52461.3492220416,112777.676403489,-51934.5153198253,120467.153358599,37465.9177627814,-7442.53738052757,93221.2379107894,-83923.7989006734,36557.9884308668,-49439.3293707283,-6390.79805400565,50887.6686981436,-6815.46454395412,-22583.0766008847,-45263.3867352798,64723.7323279842,56959.6857669413,67516.5931142608,-14066.8646872721,27233.3155549908,46690.8320301568,99012.8924808071,-45754.3529365919,-87643.8681249214,117417.678251355,-116056.504979697,20776.1353002787,-84353.4953696009,-40650.7840923779,201090.604928175,-26647.8634377041,196.838169220668,-3768.3638030636,179166.681058771,-171336.74864551,-229925.577033855,-64648.4334810988,2701.46981121039,15858.054346636,86076.1072289074,152632.040052252,118918.837566812,-31683.4785015928,-41771.4141150316,90885.1304464254,-67984.8392011319,88445.7479897456,124115.69305817,18482.4454489597,321613.169190593,-84498.6163644929,20144.715194602,-174149.520105376,175195.601733972,75325.8274071087,56008.61180252,132434.598697349,-7999.8084066078,10283.2880599784,104545.033579824,41161.4235357753,119092.093442613,-18831.2274912274,-30693.2523744367,-50462.7785008417,-194369.959010257,-99587.6909956702,65786.9569541208,89594.0596551405,2469.66422531906,146364.083563296,-105885.421633848,-27937.1078963032,161574.818931063,111425.848891632,53145.4951619386,91933.2677480129,101928.663275093,12741.254440555,12659.5227780494,-174995.591166497,139880.327323982,-13285.3628466452,38872.4933042165,-12709.7706926857,-17950.5510464538,-138678.315242603,145519.856049515,-128736.032019288,38511.4690735928,107513.879076917,72100.5111243256,25021.6537582055,21361.9234327442,104604.655612875,-103051.097475129,183689.181403155,26518.6911363847,177468.3236347,168386.761037988,273789.529983853,16727.6107865541,132366.124850047,254115.982135647,-100730.57148287,152125.735589013,78676.2187089797,65529.1677028298,142262.557146805,246006.673717328,140247.963479626,80955.2245425975,161852.270741211,183970.044866113,11763.701867123,-23163.6264788565,79747.7168314785,65549.0664587667,41558.3844376332,-62281.7937551823,-81043.1282833465,118610.349913612,-48115.8157455344,163546.690146871,7358.40750389434,50361.0055070223,126074.988369288,-132698.821861835,-102964.879623765,181944.766397725,89363.0890567708,92376.3673562281,-49142.4117808486,13950.8571000291,-12274.6496441359,120258.504258893,-93632.0049973868,83233.3631748897,165659.724302871,118303.677982011,-75438.7119743225,34565.4369277042,32317.4318901777,-78380.2261430377,-3748.16739000266,350811.034527887,-66436.1233706628,205995.057923371,84449.8695845044,-24141.9525718141,-61458.6620807096,241285.734026158,224903.58673041,65221.3877904184,-79547.9471545919,-132925.842747444,-42922.0056229816,10830.0650631457,82801.6143440198,-84110.7597222297,189571.00413891,191009.06724524,70091.6847208312,21542.4325589498,-86636.4188949621,146951.660426616,49616.0249900014,-61882.1858409275,164826.583790479,20028.178997188,143637.34725167,-48359.4260211838,-124045.062877318,45332.4222496922,122156.039433582,334740.652917354,111200.56016475,-61782.7450058832,26215.8849500165,213700.29829364,118647.213364587,172870.564547471,-54457.7134842814,-42256.633009992,92182.9674544916,186252.050893655,76755.6058210536,27786.3647749645,19022.0281572179,126498.258568596,93238.2576692807,93938.1240269432,24311.555970449,110424.939484147,-32648.9141601343,23974.0756880853,50071.3244899302,236830.051089248,46758.7098508917,22675.2064170628,71917.1105289438,86095.9157861079,32907.2436392877,123518.293306915,-175658.022104644,25135.9987860503,184238.782304304,82767.1981784599,164614.894792415,162853.810604967,173723.969845269,-1852.71485792703,29043.2046840734,52739.9421792187,-118098.284462428,217466.084982957,263022.725572211,56916.7319387169,-178270.891490706,49666.3205930795,-63919.1540354622,209580.913899179,273.411911317067,160517.575165827,-176435.199759075,90894.3760952565,30124.0416496967,140088.447681724,207727.263088674
8,2016,"07285041","_____r_",1,1808.89819734132,1,8,6,1,101,NA,NA,NA,NA,NA,NA,NA,NA,NA,NA,NA,NA,NA,NA,NA,NA,NA,NA,NA,NA,NA,NA,NA,NA,NA,NA,NA,NA,NA,NA,NA,NA,NA,NA,NA,NA,NA,NA,NA,NA,NA,NA,NA,NA,NA,NA,NA,NA,NA,NA,NA,NA,NA,NA,NA,NA,NA,NA,NA,NA,NA,NA,NA,NA,NA,NA,NA,NA,NA,NA,NA,NA,NA,NA,NA,NA,NA,NA,NA,NA,NA,NA,NA,NA,NA,NA,NA,NA,NA,NA,NA,NA,NA,NA,NA,NA,NA,NA,NA,NA,NA,NA,NA,NA,NA,NA,NA,NA,NA,NA,NA,NA,NA,NA,NA,NA,NA,NA,NA,NA,NA,NA,NA,NA,NA,NA,NA,NA,NA,NA,NA,NA,NA,NA,NA,NA,NA,NA,NA,NA,NA,NA,NA,NA,NA,NA,NA,NA,NA,NA,NA,NA,NA,NA,NA,NA,NA,NA,NA,NA,NA,NA,NA,NA,NA,NA,NA,NA,NA,NA,NA,NA,NA,NA,NA,NA,NA,NA,NA,NA,NA,NA,NA,NA,NA,NA,NA,NA,NA,NA,NA,NA,NA,NA,NA,NA,NA,NA,NA,NA,NA,NA,NA,NA,NA,NA,NA,NA,NA,NA,NA,NA,NA,NA,NA,NA,NA,NA,NA,NA,NA,NA,NA,NA,NA,NA,NA,NA,NA,NA,NA,NA,NA,NA,NA,NA,NA,NA,NA,NA,NA,NA,NA,NA,NA,NA,NA,NA,NA,NA,NA,NA,NA,NA,NA,NA,NA,NA,NA,NA,NA,NA,NA,NA,NA,NA,NA,NA,NA,NA,NA,NA,NA,NA,NA,NA,NA,NA,NA,NA,NA,NA,NA,NA,NA,NA,NA,NA,NA,NA,NA,NA,NA,NA,NA,NA,NA,NA,NA,NA,NA,NA,NA,NA,NA,NA,NA,NA,NA,NA,NA,NA,NA,NA,NA,NA,NA,NA,NA,NA,NA,NA,NA,NA,NA,NA,NA,NA
8,2017,"01849193","g____r_",1,86.1829678825674,4,21,16,0,101,"A","1","2","E","0","0","B","B","2","B","2","B","2","2","A","E","1","0","0","0","2","2","A",-7140.0033819476,"0","A","B",71472.3165194139,95644.9188568739,32543.4796148372,"A",3895.16602757572,91937.8988084873,-128411.488498945,-68653.1710782664,50577.1755000278,55931.1534659678,-68425.4868595146,-89312.3033122963,117482.657319965,143865.913138187,-63085.2779379272,61962.8612524349,37473.1778740421,67598.0706386477,250207.149095533,208600.706139191,199710.252658781,-16329.0147268965,-66774.3743805069,116.694451587769,72979.8813169807,76551.6479690309,128939.096406526,35601.0646101972,-62259.3357918858,176191.594604552,33028.2220725029,173553.800492704,97132.9909129782,-212275.920131533,110465.636676807,-45748.4737191248,57558.7256701021,36323.3023581356,161759.030461239,24150.3457964253,208545.972435215,-110906.520009748,143469.011212345,-4723.94373019873,-70994.9816705802,141473.155907816,177614.536894298,-177510.22850767,-118336.477942145,-17223.4759538535,69739.4412067626,-30981.0309919232,-22414.4506969462,26260.0096983426,-16946.1997807707,-45326.3300709214,-73126.5223044706,-428.642729423867,-118671.731257461,-40039.1141477922,137335.192320968,16067.8683696242,104705.287622412,86287.2835120168,35965.4334528068,161811.496619362,160709.562227877,74246.6819993236,194493.81934287,-45059.4547819833,106575.30885614,128969.584400925,80702.0437347583,-100018.179589694,-124082.244606877,18973.6789204726,111244.316225104,-3708.50786187518,56124.2726865783,-142291.174221385,128931.063157163,133705.851914022,-135901.968300562,17546.6428256941,27044.6459501524,59998.4888675823,-47255.0219199126,166488.528627719,-1470.48791180077,37670.6561813996,76099.6153644756,82480.0763833316,96179.6350283836,-60795.0831917554,75964.7741715185,23285.8987289597,7676.33368108916,-79353.3261904906,65889.3438332721,94919.4420682315,68597.9396047373,-44039.6185788335,17664.5019473245,216706.625951857,92310.9592932085,191571.899694658,67089.7426558907,39129.23802544,137882.205162901,-47265.78175985,51189.7201560597,121101.84483089,118524.868406943,68820.3887535539,140399.567305545,-51622.0356304358,10534.6363397845,-53562.9004880461,75566.0061131798,64935.2938051568,91545.0744163172,95236.1504745868,154367.501118692,-19059.6469558817,76309.9308366654,128975.617079873,12177.4585537506,-28406.8020603836,90324.4502302731,53598.7949549673,85420.9465287887,80929.1571247483,21444.9201924172,-50141.1623040493,98386.747484151,35268.2921006056,-25492.6595981759,124082.056453267,204369.370903956,246739.338145795,82638.2153897353,84693.011392285,134440.289975658,-127909.733782387,101895.016250539,274329.307379307,-9316.36534394346,48961.3881670103,14247.606092266,43766.8789839208,118242.36929316,76666.9434773524,150910.689959493,-24777.1166615765,253249.383966402,12093.4414440763,99823.4403503419,-17639.292035994,-28753.954529897,-32320.7526774692,-34885.4688426467,70203.5306357128,120874.610679217,79323.9001351471,-32543.8760837609,91006.0902524353,109887.712207072,-69415.4396924753,-51153.0084912979,-100178.878702391,90857.142705811,59160.6542499155,273895.884617456,141370.329315174,82613.1213094783,-133711.832154062,-6203.70413021022,-54004.9184688352,118353.80246391,135855.500099455,8260.51182666567,-63382.0559784293,200854.913581108,103341.637690484,89064.2584535453,-93416.6347672307,-396.004017116546,170670.633474987,61353.195056165,-139712.579520031,-127057.481119621,119859.168424847,-65888.8955516182,148610.95160581,40094.8813475763,119769.81601877,294232.118282984,5684.50236142951,104643.609645984,141765.277778834,121668.865776983,-52369.560643685,-30302.1395636718,152664.714971706,3975.87868143753,41118.7623204674,-89209.1701387449,207637.907584843,95031.2410781016,73276.3233694844,61971.1020405092,299885.436992416,-276.554784714841,178690.4433084,118843.457042643,75696.5064959032,-102099.574647813,126972.877030954,61452.2648693443,44608.286395697,-77828.0531213922,97924.7281303851,38448.8818614338,151360.868413933,2867.7174636895,345708.401699014,-12832.2522774235,145626.753332051,130420.263776234,-21083.8799472567,144194.97361115,68941.5077104416,44306.8853152207,36561.4765179187,66307.5602984184,16684.4670256531,-34820.8734672323,77187.6164595216,-59907.54922402,112477.502955695,-86074.0907536898,76771.4434198686,-40701.0005556794,357676.827252146,85002.6729540784,100009.304542503,37285.6107144345,26772.820191077,144370.051250606,-40891.0938239762,34903.0480783751,-6086.74813250233,82764.7370309525,300323.230026638,3027.32445213135,-76731.0147910472,38847.2842919568,-9577.98975573202,22954.1398490687,-53893.0635417706,104235.983873947,-199147.504668983,239753.745230861,63769.1878987016,77254.9241480726,140559.386343627,184511.132888926,221531.581312798,54190.7091730394,-72066.9202732892,103573.930475439,-35063.6041809061,184140.220471158,8314.42147697146,105685.487426018,60230.3736659196,-45571.2601467715,-14764.8368155636,278829.698959601,129005.88181941,93761.5686642822,-53878.0879265735,116929.194703504,-140112.13128444,162086.334160681,-23037.5857257952,-18209.6072006575,2495.12410361175,43338.708222694,142321.063067532,122484.523521093,211907.164429197,25188.630038087,-132679.596214803,135945.914892567,128675.698762642,122458.564534126,60153.003254787,152971.950880464,8718.77372103445,121037.838917958
8,2018,"05620578","_____r_",2,988.218662667971,4,14,13,1,101,NA,NA,NA,NA,NA,NA,NA,NA,NA,NA,NA,NA,NA,NA,NA,NA,NA,NA,NA,NA,NA,NA,NA,NA,NA,NA,NA,NA,NA,NA,NA,NA,NA,NA,NA,NA,NA,NA,NA,NA,NA,NA,NA,NA,NA,NA,NA,NA,NA,NA,NA,NA,NA,NA,NA,NA,NA,NA,NA,NA,NA,NA,NA,NA,NA,NA,NA,NA,NA,NA,NA,NA,NA,NA,NA,NA,NA,NA,NA,NA,NA,NA,NA,NA,NA,NA,NA,NA,NA,NA,NA,NA,NA,NA,NA,NA,NA,NA,NA,NA,NA,NA,NA,NA,NA,NA,NA,NA,NA,NA,NA,NA,NA,NA,NA,NA,NA,NA,NA,NA,NA,NA,NA,NA,NA,NA,NA,NA,NA,NA,NA,NA,NA,NA,NA,NA,NA,NA,NA,NA,NA,NA,NA,NA,NA,NA,NA,NA,NA,NA,NA,NA,NA,NA,NA,NA,NA,NA,NA,NA,NA,NA,NA,NA,NA,NA,NA,NA,NA,NA,NA,NA,NA,NA,NA,NA,NA,NA,NA,NA,NA,NA,NA,NA,NA,NA,NA,NA,NA,NA,NA,NA,NA,NA,NA,NA,NA,NA,NA,NA,NA,NA,NA,NA,NA,NA,NA,NA,NA,NA,NA,NA,NA,NA,NA,NA,NA,NA,NA,NA,NA,NA,NA,NA,NA,NA,NA,NA,NA,NA,NA,NA,NA,NA,NA,NA,NA,NA,NA,NA,NA,NA,NA,NA,NA,NA,NA,NA,NA,NA,NA,NA,NA,NA,NA,NA,NA,NA,NA,NA,NA,NA,NA,NA,NA,NA,NA,NA,NA,NA,NA,NA,NA,NA,NA,NA,NA,NA,NA,NA,NA,NA,NA,NA,NA,NA,NA,NA,NA,NA,NA,NA,NA,NA,NA,NA,NA,NA,NA,NA,NA,NA,NA,NA,NA,NA,NA,NA,NA,NA,NA,NA,NA,NA,NA,NA,NA,NA,NA,NA,NA,NA,NA,NA,NA,NA,NA,NA
8,2019,"14969824","_____r_",1,13.4211945437232,4,15,9,3,101,NA,NA,NA,NA,NA,NA,NA,NA,NA,NA,NA,NA,NA,NA,NA,NA,NA,NA,NA,NA,NA,NA,NA,NA,NA,NA,NA,NA,NA,NA,NA,NA,NA,NA,NA,NA,NA,NA,NA,NA,NA,NA,NA,NA,NA,NA,NA,NA,NA,NA,NA,NA,NA,NA,NA,NA,NA,NA,NA,NA,NA,NA,NA,NA,NA,NA,NA,NA,NA,NA,NA,NA,NA,NA,NA,NA,NA,NA,NA,NA,NA,NA,NA,NA,NA,NA,NA,NA,NA,NA,NA,NA,NA,NA,NA,NA,NA,NA,NA,NA,NA,NA,NA,NA,NA,NA,NA,NA,NA,NA,NA,NA,NA,NA,NA,NA,NA,NA,NA,NA,NA,NA,NA,NA,NA,NA,NA,NA,NA,NA,NA,NA,NA,NA,NA,NA,NA,NA,NA,NA,NA,NA,NA,NA,NA,NA,NA,NA,NA,NA,NA,NA,NA,NA,NA,NA,NA,NA,NA,NA,NA,NA,NA,NA,NA,NA,NA,NA,NA,NA,NA,NA,NA,NA,NA,NA,NA,NA,NA,NA,NA,NA,NA,NA,NA,NA,NA,NA,NA,NA,NA,NA,NA,NA,NA,NA,NA,NA,NA,NA,NA,NA,NA,NA,NA,NA,NA,NA,NA,NA,NA,NA,NA,NA,NA,NA,NA,NA,NA,NA,NA,NA,NA,NA,NA,NA,NA,NA,NA,NA,NA,NA,NA,NA,NA,NA,NA,NA,NA,NA,NA,NA,NA,NA,NA,NA,NA,NA,NA,NA,NA,NA,NA,NA,NA,NA,NA,NA,NA,NA,NA,NA,NA,NA,NA,NA,NA,NA,NA,NA,NA,NA,NA,NA,NA,NA,NA,NA,NA,NA,NA,NA,NA,NA,NA,NA,NA,NA,NA,NA,NA,NA,NA,NA,NA,NA,NA,NA,NA,NA,NA,NA,NA,NA,NA,NA,NA,NA,NA,NA,NA,NA,NA,NA,NA,NA,NA,NA,NA,NA,NA,NA,NA,NA,NA,NA,NA,NA
9,2013,"09377664","g____r_",1,58.4263979414206,5,17,13,0,401,"A","A","2","A","2","E","E","0","0","2","B","0","1","1","1","1","0","0","2","2","1","B","0",-26566.0420624145,"1","1","A",185222.674794966,224174.9271634,-21199.8399326514,"1",-39202.136118357,-18337.6305691485,10676.6584808812,261701.348789193,14908.8576018345,158363.152108919,5158.27757448463,128716.669428751,-41607.7822469439,-69803.072437143,169033.496441626,-131082.365025065,17609.1520589178,40505.1006680615,138686.376549175,-117395.751947372,-11746.3459408979,23204.7233685465,59230.9886967222,34483.8068042999,-16619.8003757289,29252.074869389,164420.719317157,85338.5103864509,-78084.1384993779,260054.097277101,-13474.3449419167,-78567.2939552081,70533.7791071252,200310.049901467,62717.1351539547,3520.23999377226,236296.380744826,29352.0143182683,136299.846076984,169801.484220138,175019.770475432,65338.5085027969,-91337.056984996,103409.768383026,188382.310011081,218226.866161166,-46915.0400913138,22606.3278584463,201672.318711133,-18017.3939043645,73943.4258030624,60546.9744406032,-6132.15356375247,74389.1100307889,-151831.858105068,17356.9487909005,115678.313357614,16809.4941187729,150277.482927041,167683.112286115,58977.6466139384,-13335.4194854043,152918.159528107,-17193.7515209079,-105456.536610598,-14149.3860547275,21132.5288461273,30690.8800343156,138984.171030395,123579.536959886,68853.0053000172,107074.57048334,-78610.932859056,194051.137747285,94165.2149798019,15094.2841981384,61712.2765700002,152565.622531041,196365.732909513,-166660.012114403,237853.33623347,-8331.19749641831,112051.929740861,105739.980017262,76170.3658310441,101043.526511895,4705.3236521667,46260.7141715232,170234.06044449,45198.6077439254,92976.5561138774,221140.423009959,-35919.4229695463,118661.644024893,42565.593440775,24615.0163839463,50767.3146377437,2951.66774535721,-41401.886631671,68818.3826927449,-48830.7229704754,67004.1414248861,25349.7804653712,39270.4604573285,179566.885007117,-75492.1510200107,130182.49239474,124567.700564855,-71467.5731656702,-74774.3360991524,360028.346473378,174527.933861351,2277.75711462954,98699.9795679337,7911.51702352832,112342.43639292,-26200.6675667169,153387.649462725,101722.022660003,95148.5299789225,-2537.44988316132,123970.347988255,-4611.34795955257,-40869.5293351608,130769.120959214,59023.7821329951,-2441.12228320873,73471.0839762849,172011.603778548,43774.5719814663,61263.0062763406,-38664.7492611785,79526.9592971821,-15192.6652582978,-62109.1284268461,-166374.422349627,3259.85685908484,103154.15266209,-68353.1579286675,-56741.4555737344,28617.0895811788,64599.0101367309,46034.5616339405,-101210.252254254,159358.19591437,72997.661322061,76511.9399736531,-55108.1193306384,6110.45284038789,-77330.1338674091,27301.6478826281,-80483.1894651032,234223.408989024,87589.9013212738,81597.5060663565,-30339.1186624403,18144.273554534,35989.0877865485,2408.91441270518,239386.199336956,-11372.5307328198,215857.59866412,-16866.0350510692,52339.1252243985,41735.9162923044,-77618.9340641732,179729.346795006,125111.061360967,15794.5019430839,43032.5313426387,171719.095492621,43250.2185070446,120902.199928531,218483.828453796,189701.622301079,75969.668753291,267540.951400346,-96197.512830095,31456.3638868546,-108792.613429823,66350.7179388413,-42849.9294028003,102927.253519226,-69296.5652166588,122743.886929419,-107180.763592951,96996.8031057186,171829.988579871,-51603.565774121,17221.0570077021,24463.5738038849,-128388.368708699,-19964.5776132561,92454.5770824638,39796.7996574758,-62914.3554202574,-138825.761535818,-120356.366942035,-10649.4436006709,96318.7188983891,134712.839690554,138957.388915464,41625.9833454475,83812.2287619417,8173.66970721175,39535.9321735623,100226.124985477,348.372855746056,-105740.875133401,-110157.718435105,139660.8155138,144260.001853607,25006.4446226946,-85539.0444499618,106486.408540668,42362.040413974,152587.265572348,-102409.156531981,249665.01732168,63771.6803498971,-30697.8529735748,135944.479615437,-195750.594237087,-66533.5761059251,-36506.2056099223,46743.2616706721,-3684.9640687446,-81351.2670907632,55643.0323991735,140206.117714127,71647.489366588,135782.268416345,-17449.149455994,-40989.1441729503,-84191.2577088954,301703.231304167,-178525.732264149,-58572.8791153372,-148404.424707402,-61305.9179986175,-110019.658527679,-17748.7816120015,49504.180591272,9456.64032102195,-72379.7586416359,-54116.958385254,-81868.3362903414,116088.172270287,76321.5189917707,44260.8494943251,6438.96595331527,52721.463132158,-64425.6662924164,13033.5690811718,275781.351403343,155812.242387963,-87874.9980287999,18040.2954083572,82429.3071768153,45174.3997068087,35027.0730582692,208421.97122244,37490.5278196651,-127653.406947459,-23721.9021882471,-47089.6202817392,-54071.1347723409,171435.063017283,107298.107309573,-70954.6654182225,182257.15451151,237180.773900414,80756.4496466292,-52586.9748513984,-128417.485837537,268314.693854296,107876.934557276,52851.9115448873,-76256.53596957,167346.99018224,-10522.2069487487,140606.475119652,99231.9668012467,219521.083253143,-74608.843214855,70118.7891431719,44235.2138505271,217591.390554229,-83671.4411537109,103813.638183033,-60376.9856228881,19739.5312584563,69455.2566398171,76961.7898319792,-129271.65073369,126212.185184066,-75341.467995575,54556.0673720748,61300.4910958641,142608.550462507,210977.884086239
9,2014,"05853098","_____r_",1,86.5997743315408,4,17,12,0,301,NA,NA,NA,NA,NA,NA,NA,NA,NA,NA,NA,NA,NA,NA,NA,NA,NA,NA,NA,NA,NA,NA,NA,NA,NA,NA,NA,NA,NA,NA,NA,NA,NA,NA,NA,NA,NA,NA,NA,NA,NA,NA,NA,NA,NA,NA,NA,NA,NA,NA,NA,NA,NA,NA,NA,NA,NA,NA,NA,NA,NA,NA,NA,NA,NA,NA,NA,NA,NA,NA,NA,NA,NA,NA,NA,NA,NA,NA,NA,NA,NA,NA,NA,NA,NA,NA,NA,NA,NA,NA,NA,NA,NA,NA,NA,NA,NA,NA,NA,NA,NA,NA,NA,NA,NA,NA,NA,NA,NA,NA,NA,NA,NA,NA,NA,NA,NA,NA,NA,NA,NA,NA,NA,NA,NA,NA,NA,NA,NA,NA,NA,NA,NA,NA,NA,NA,NA,NA,NA,NA,NA,NA,NA,NA,NA,NA,NA,NA,NA,NA,NA,NA,NA,NA,NA,NA,NA,NA,NA,NA,NA,NA,NA,NA,NA,NA,NA,NA,NA,NA,NA,NA,NA,NA,NA,NA,NA,NA,NA,NA,NA,NA,NA,NA,NA,NA,NA,NA,NA,NA,NA,NA,NA,NA,NA,NA,NA,NA,NA,NA,NA,NA,NA,NA,NA,NA,NA,NA,NA,NA,NA,NA,NA,NA,NA,NA,NA,NA,NA,NA,NA,NA,NA,NA,NA,NA,NA,NA,NA,NA,NA,NA,NA,NA,NA,NA,NA,NA,NA,NA,NA,NA,NA,NA,NA,NA,NA,NA,NA,NA,NA,NA,NA,NA,NA,NA,NA,NA,NA,NA,NA,NA,NA,NA,NA,NA,NA,NA,NA,NA,NA,NA,NA,NA,NA,NA,NA,NA,NA,NA,NA,NA,NA,NA,NA,NA,NA,NA,NA,NA,NA,NA,NA,NA,NA,NA,NA,NA,NA,NA,NA,NA,NA,NA,NA,NA,NA,NA,NA,NA,NA,NA,NA,NA,NA,NA,NA,NA,NA,NA,NA,NA,NA,NA,NA,NA,NA,NA
9,2015,"04638537","_____r_",2,67.9022508661963,1,12,12,0,301,NA,NA,NA,NA,NA,NA,NA,NA,NA,NA,NA,NA,NA,NA,NA,NA,NA,NA,NA,NA,NA,NA,NA,NA,NA,NA,NA,NA,NA,NA,NA,NA,NA,NA,NA,NA,NA,NA,NA,NA,NA,NA,NA,NA,NA,NA,NA,NA,NA,NA,NA,NA,NA,NA,NA,NA,NA,NA,NA,NA,NA,NA,NA,NA,NA,NA,NA,NA,NA,NA,NA,NA,NA,NA,NA,NA,NA,NA,NA,NA,NA,NA,NA,NA,NA,NA,NA,NA,NA,NA,NA,NA,NA,NA,NA,NA,NA,NA,NA,NA,NA,NA,NA,NA,NA,NA,NA,NA,NA,NA,NA,NA,NA,NA,NA,NA,NA,NA,NA,NA,NA,NA,NA,NA,NA,NA,NA,NA,NA,NA,NA,NA,NA,NA,NA,NA,NA,NA,NA,NA,NA,NA,NA,NA,NA,NA,NA,NA,NA,NA,NA,NA,NA,NA,NA,NA,NA,NA,NA,NA,NA,NA,NA,NA,NA,NA,NA,NA,NA,NA,NA,NA,NA,NA,NA,NA,NA,NA,NA,NA,NA,NA,NA,NA,NA,NA,NA,NA,NA,NA,NA,NA,NA,NA,NA,NA,NA,NA,NA,NA,NA,NA,NA,NA,NA,NA,NA,NA,NA,NA,NA,NA,NA,NA,NA,NA,NA,NA,NA,NA,NA,NA,NA,NA,NA,NA,NA,NA,NA,NA,NA,NA,NA,NA,NA,NA,NA,NA,NA,NA,NA,NA,NA,NA,NA,NA,NA,NA,NA,NA,NA,NA,NA,NA,NA,NA,NA,NA,NA,NA,NA,NA,NA,NA,NA,NA,NA,NA,NA,NA,NA,NA,NA,NA,NA,NA,NA,NA,NA,NA,NA,NA,NA,NA,NA,NA,NA,NA,NA,NA,NA,NA,NA,NA,NA,NA,NA,NA,NA,NA,NA,NA,NA,NA,NA,NA,NA,NA,NA,NA,NA,NA,NA,NA,NA,NA,NA,NA,NA,NA,NA,NA,NA,NA,NA,NA,NA,NA
9,2016,"07427348","g____r_",1,2202.64463449498,4,19,14,0,201,"E","A","1","A","1","0","E","1","2","A","E","0","A","1","A","A","2","B","1","E","2","E","B",-104745.197440888,"B","B","E",-99425.4336095635,256111.449309497,47667.9312586416,"B",81116.6015122334,68223.0523510135,-26653.9841642065,-86271.7826807637,-123672.372041947,-5242.81998027123,105862.912065675,-33712.363660549,78532.3877500222,114717.643061141,-15234.7471467777,98963.404509116,160551.225860876,25892.6906744085,-18904.1954246275,-35318.7774343969,-28562.3295074507,132960.138971766,60361.9624300741,11139.4145354625,94330.2332609611,112955.199856135,9297.57077639997,20248.5061826906,61158.4156284967,70501.5073976733,52563.8599812467,211534.115873543,-51888.3076119637,302414.293144556,38218.334478057,7349.03553617321,83921.0321742065,239447.174602404,54703.2367218872,87529.9519831235,86247.9927227979,149882.170289576,-62218.4475059019,153817.182761247,-41817.7450213863,-32274.6562816418,67728.7119471038,52269.6241308558,37423.9332539725,11157.0266167061,7831.45188204882,51842.4770489105,-4453.41112439561,83714.9917166729,-89676.8331504532,213999.532606358,14837.7370992494,119832.038595586,143317.300788191,93192.2781977353,77118.1206617332,167885.527482072,10087.2745146386,83436.3579248723,177198.839063263,-274029.228356073,101138.895226315,65940.1518749811,-25243.9208514117,72552.6639861273,123308.435912199,3159.79641446017,78329.1866204306,10278.0553905478,-21145.6414186084,-58201.9728439445,-113350.3679215,115512.976042589,-102832.795241534,48186.6647092068,93413.6018365564,87013.6343781671,7912.05675105821,-30922.0711838817,-118843.65938609,-106447.29134923,7066.12247707711,-31619.3609913731,13728.3270979712,225629.862294028,-25851.1876210276,33304.3766779355,25245.5443382364,36616.3997560778,-11027.2825141057,10205.4862918252,157720.407153983,76190.0890466937,391389.436095676,-195746.314092358,148758.380813266,-188430.412152461,102953.607840859,-11785.5504007546,137352.782426006,-23856.472758343,-29706.3139217342,-13451.0835354902,101268.511294217,-2477.10334320095,210560.54630691,-49739.5445494101,200527.436102552,-55577.2380406438,218792.662158061,88395.2463222706,110890.56902647,61855.4696168037,154209.581353471,48585.9186523896,39621.9237404412,192884.530527236,67922.9676426804,-99175.9357573681,82636.3806990128,119671.163772426,-16771.0380172193,-31849.9331740942,-154532.087882712,145196.46018704,-14604.2337324594,-83364.6848899378,43388.3957574215,178524.39019918,7564.48999869074,84166.0230840544,-213112.062962919,99704.6609041662,152305.263906389,102728.212285666,117453.366719503,-67283.1055067644,9178.87354371136,-106845.972511621,95021.4452110128,75750.028601041,-43767.4498059029,54855.7387786205,74315.9611100599,-22695.7706586549,160482.86086754,54838.1624601751,59348.497140329,10977.6681043487,17076.923025879,204228.657445693,80685.5131477752,72216.9013213834,-118534.795521226,60783.6980697654,-17910.796650034,-182267.623031935,49748.871341877,228708.086266694,21431.7465504697,-49574.7736021916,-105544.325908342,-29664.3204517438,-183508.475948062,-66958.1223080383,194123.513083221,183939.500329753,182101.441728163,-127483.449939027,306858.116545333,-45217.653306057,61260.7128894157,-30937.9650396074,-71906.933899956,162913.828271988,236826.332405201,131952.528600007,21019.9530163903,-105816.057041693,59951.396463915,102550.120863152,102886.38770687,209026.464208779,14605.9448439429,47873.6017106658,64282.1254419093,-42265.1832965121,50966.2833018034,-93694.1621462757,55302.7678405481,75741.9466127719,107225.321212761,-63858.5888987766,63522.0982509287,35731.3605255086,15857.3819410407,179087.802233135,28402.2132535525,76357.1834368967,-68207.1376746836,144965.865645654,184787.488485432,184820.544669263,177343.615674479,70437.8888147715,79457.3062736562,77728.1404994528,-13714.0917375877,164207.592131866,-126465.362428968,79051.7803886579,182532.180433252,28743.940904004,130371.547802546,-17565.0479240951,183457.505054225,-43126.8295448256,137055.009415894,-97952.581798659,108563.233413446,40344.2985425083,-26170.9981683681,23425.9818191405,7835.73757503742,30013.2461588779,9926.45555072575,106825.768702949,91030.702634632,-38229.4852148744,17687.2354780709,173443.186543993,-95760.1869784458,-128546.147862014,156228.348113989,-99597.0821978788,-159221.384782304,-49682.4956037482,246984.291993311,43331.5853631258,273661.485308926,27988.8917455781,153419.929488218,-139273.14018385,25179.0697278981,75074.4972770611,142708.401561603,-158157.451313305,109948.810013622,98169.5323346994,37299.1411007747,149000.812710275,64345.4179453128,317804.780575339,147424.436362227,119049.671628444,-78251.4195489055,22921.2294972545,71861.2520000856,167887.864297009,97622.1264784001,-66721.7849858367,-71130.8943425561,32909.4048742699,136666.427553365,47068.875395039,139422.79346079,-100438.339723986,104808.779272747,-66740.9785842684,47305.9238897233,74994.9747639439,-67584.3463344277,-187557.436784082,104102.383040465,172794.585086718,-54313.9916212906,-80549.6543666633,56127.626373626,163085.500828962,-167919.716377503,57806.1731030807,177166.367038939,134415.405911702,6414.43707651123,-14229.656642622,57620.2937096004,119325.291028846,287697.828363345,180112.821015852,202777.223201808,-128454.821766571,-30500.0679964564,22097.8767678571,15776.2398695667,6983.24338141777,-85010.1227487751
9,2017,"09442107","_____r_",1,141.807513231706,4,13,11,1,101,NA,NA,NA,NA,NA,NA,NA,NA,NA,NA,NA,NA,NA,NA,NA,NA,NA,NA,NA,NA,NA,NA,NA,NA,NA,NA,NA,NA,NA,NA,NA,NA,NA,NA,NA,NA,NA,NA,NA,NA,NA,NA,NA,NA,NA,NA,NA,NA,NA,NA,NA,NA,NA,NA,NA,NA,NA,NA,NA,NA,NA,NA,NA,NA,NA,NA,NA,NA,NA,NA,NA,NA,NA,NA,NA,NA,NA,NA,NA,NA,NA,NA,NA,NA,NA,NA,NA,NA,NA,NA,NA,NA,NA,NA,NA,NA,NA,NA,NA,NA,NA,NA,NA,NA,NA,NA,NA,NA,NA,NA,NA,NA,NA,NA,NA,NA,NA,NA,NA,NA,NA,NA,NA,NA,NA,NA,NA,NA,NA,NA,NA,NA,NA,NA,NA,NA,NA,NA,NA,NA,NA,NA,NA,NA,NA,NA,NA,NA,NA,NA,NA,NA,NA,NA,NA,NA,NA,NA,NA,NA,NA,NA,NA,NA,NA,NA,NA,NA,NA,NA,NA,NA,NA,NA,NA,NA,NA,NA,NA,NA,NA,NA,NA,NA,NA,NA,NA,NA,NA,NA,NA,NA,NA,NA,NA,NA,NA,NA,NA,NA,NA,NA,NA,NA,NA,NA,NA,NA,NA,NA,NA,NA,NA,NA,NA,NA,NA,NA,NA,NA,NA,NA,NA,NA,NA,NA,NA,NA,NA,NA,NA,NA,NA,NA,NA,NA,NA,NA,NA,NA,NA,NA,NA,NA,NA,NA,NA,NA,NA,NA,NA,NA,NA,NA,NA,NA,NA,NA,NA,NA,NA,NA,NA,NA,NA,NA,NA,NA,NA,NA,NA,NA,NA,NA,NA,NA,NA,NA,NA,NA,NA,NA,NA,NA,NA,NA,NA,NA,NA,NA,NA,NA,NA,NA,NA,NA,NA,NA,NA,NA,NA,NA,NA,NA,NA,NA,NA,NA,NA,NA,NA,NA,NA,NA,NA,NA,NA,NA,NA,NA,NA,NA,NA,NA,NA,NA,NA,NA
9,2018,"13112317","g____r_",1,241.882410782055,4,18,14,0,101,"1","E","0","1","1","B","A","A","1","0","B","0","B","B","A","0","B","0","A","0","A","0","0",-79130.1424731863,"2","E","E",-46494.6134227434,187866.235764351,-138801.618476237,"2",-73179.213917196,58801.8358028778,11995.1920071007,34817.0273213354,54655.2388088141,-88.784931123686,59308.2172617919,66865.1983073318,85770.0971719117,-29555.7977262228,-31189.5004796473,2042.71569439786,-74546.1468743365,52080.1369887008,34525.6908399406,66652.0681780198,161293.146419916,-53771.8708057255,64683.0577419243,79811.0757599079,160535.620569451,62516.4280566511,-55070.1042287578,105532.617901532,-36304.8883522056,194352.925945329,36078.3621408009,-8107.17860752841,61818.8718380272,52354.9943885471,-51005.695653173,127328.096268326,-193495.371720496,-169292.65296757,-149532.747361196,-12387.8096311132,12291.1271069217,-34551.8609750579,-488.339574533369,116051.66407531,-83518.5220649482,60695.4970292888,-125358.902191966,231392.805382778,59043.6729836313,-65986.7004466007,-20863.6589698255,47328.9491176031,105396.535416057,-69832.7708328223,-17552.5772066299,-762.365649910709,79504.8911107281,124114.80442596,-100142.248611616,2875.12368837653,16090.3586280825,213729.327778944,27558.2062385017,170621.86251802,-74088.7166075395,311306.551786169,73516.3166521505,222081.385411436,-95781.8380621354,66731.5058231904,63434.6180782014,95022.4748862095,-145964.525878504,172926.354506746,116180.30118276,-50131.5620260043,49040.5817284317,-2115.73383456545,-195570.630306817,-72436.6171366453,97551.4425596097,77282.4750929508,73416.3348891562,138539.761016037,13295.099227038,37790.1838254367,147537.86537233,341439.745835966,118299.624369092,-115449.232646343,-137715.57708186,-100982.461300903,38368.7555768266,-21549.2535677878,181881.338818658,5514.70726270349,127275.368954261,45660.3785524095,88836.363172075,106352.68995148,143882.12243874,65001.6180113302,109498.901532271,-39248.3921714227,-16367.9899112946,8350.14000020546,74892.9176179259,-7922.26788830218,80381.8032070122,179050.110358741,105705.908056929,13969.5267503423,134947.473231178,82131.5000917338,-49054.9750006203,123954.515080672,229814.179286845,-2485.24821072644,-29310.8007252161,28576.8528811067,70050.8544135845,86572.8221866199,130347.673378201,18716.276024178,167987.757977111,98436.746273084,56433.5293057949,-17866.6053441294,77429.5282584345,-8154.25372797154,89720.3036446133,852.800583358738,29149.9255611058,204073.976962887,52096.787221763,84117.7532640349,88591.1140192515,123754.099917484,40943.5800544207,146542.746070656,-79431.3921144782,-13764.3743734517,72931.1271375753,31693.1210484898,52126.9858567603,-88066.1883572701,40388.9217609947,-71775.4289310504,122990.193213918,141494.324089719,154450.045995285,-32694.1964891957,54868.8033045001,73450.2826178627,181168.007625215,-27456.839887953,-232058.999078699,79191.6530148485,-78685.7493319102,185031.308351098,142855.796412609,-111596.498346368,-132622.223163083,318828.79949745,-108772.765704088,25245.858944878,51540.0812939383,-94758.1617304441,80252.5623327849,41581.514725466,119792.496986824,-26276.1339325318,46720.1844519306,22086.4012057354,101814.951238253,41298.514243713,-28759.6638831962,117673.964193893,3298.70329221372,-141430.532123908,-121706.695875851,28178.4418081464,-60885.8586176891,64293.288964627,107398.979796624,183810.130472274,73399.739941845,51608.6812992434,139648.718125315,188800.376641569,187178.367156132,-56848.9490297835,-152853.975895703,-31387.0219218485,-35459.1415249651,-100964.298436418,-9919.07141283745,25924.3802823156,-18779.3223319375,-26733.9856396362,-35729.6454639245,135631.85237662,108788.106944265,-58617.2719534561,94765.213211641,-252.666747693176,54295.7618890686,-49302.6249372273,-71051.1328807211,172575.078381696,272832.650459768,206913.151913753,27367.6468131695,221737.610108275,313707.312757815,51940.2790347864,203307.60138167,171634.659744675,43611.9049341744,50248.5053611373,32263.2742646759,-62841.3345131379,30063.8030547939,169456.357311949,80853.234875481,140562.212346541,100916.66294032,-11754.032181875,-152147.986369233,5332.85786937866,59125.3389054025,87837.5281933288,-152603.673420618,-60422.1671795887,79683.7558951369,-10074.2074810214,34111.3718381884,-16069.2677344823,156630.148680253,-69989.1066419603,196240.779245421,87294.0174919888,40839.2044783234,152256.96786159,-39474.4169837091,-155260.709609233,217622.472003205,-87501.3470596739,57821.41109957,-33914.4299327533,90567.5604186913,372026.550069734,319694.313623203,149798.765774822,68733.7084125538,-63728.3775005622,-47599.7240517865,177896.912034046,323345.329441682,154805.628960471,-10786.1710150499,80981.7408755533,207617.654498721,104714.66066354,203438.482229644,-188088.691236876,-24729.5338615985,54954.7686298583,326068.740156124,108909.31490713,134646.976088263,73721.1905589027,150995.411476563,116020.036028166,118628.977822092,52013.2151001888,316375.399622622,-43382.7054058966,48083.3708146902,74448.0897776805,139780.91847093,226550.24449417,61761.6200149502,139447.224659655,-6837.48686373077,139387.585236749,98055.6222092503,73822.9750730431,-84703.2992007336,-24908.0529853955,96061.86730916,176507.69379776,190713.389208017,74485.3128105104,-32983.9406372728,-230537.911396598,194306.398512685,114067.439142549,153281.385840735,114944.123215431,5507.08388113794
9,2019,"01584958","g____r_",3,22.5392128191342,5,13,11,0,101,"2","0","2","E","E","0","B","E","A","E","A","0","A","2","E","B","E","1","1","A","1","0","0",-67131.3444203866,"0","1","E",-46083.489183635,229192.706150007,143283.903718257,"A",100259.312180493,122125.902804097,86966.8423341262,-107153.619962166,-62148.4596373199,31654.8474410221,109611.442902293,-87026.5822224251,161407.807577508,-37162.0810942557,-34774.2488022814,11455.5355304296,32574.3581074343,-5710.0693873974,204455.588975547,238037.374319771,202092.84456443,203810.405027053,48706.2468335732,-87331.5809039628,121771.864243205,-22150.5958755013,-40776.8180563178,18064.1889496966,94973.8139516169,109262.243914176,91274.014608984,51298.7252599126,100009.152186934,148236.651841027,-213943.952467057,57192.9653258419,201195.248199175,77226.905858703,38182.6007770243,51100.0933627797,-61579.5373969254,273523.160288857,121797.838000076,32720.9541504739,139961.039382318,165565.342031958,133106.177665732,111574.913449211,43489.8309871196,96723.1139856085,33265.7633878227,-34635.0118924353,270299.98365982,205537.304244255,122714.125497457,70913.5702076806,17507.5057909852,124908.990905456,31972.5542335558,-14598.855735851,202153.706484993,34572.8536353443,-75099.415634644,-17377.3911803262,196054.131387484,-56008.7890398308,-19922.7512382986,-114640.787812664,51283.939475602,-91393.6022063801,116520.978936989,175695.38861155,86755.7845500666,93671.1268619448,-135733.303018371,133553.636885559,-70971.7865171636,21297.5936587621,93756.7170350089,-186783.718404377,87126.249891289,-95594.081130864,38692.860266804,-54203.4644651113,128980.886413996,201914.690628616,-67410.7663007203,-75224.4161259763,84490.126548859,184977.115094703,99255.5308323231,368362.106451257,155179.794638939,45182.2971858731,-15853.9054893538,-41693.3470402971,125902.152882084,31985.0085667262,129602.645158838,15126.6437483386,8465.23221207597,-53721.8803930789,58076.2704733282,55183.2240123338,16175.3081515607,97363.8501578298,11830.2351913753,-95385.8436755916,46343.7026449209,129839.608662553,212477.846227677,143358.268804013,-94857.0765313981,82230.3720382209,182047.196768551,111147.411788045,-30681.3036252168,-17643.6478433444,96809.3140091168,-101678.435433983,57892.8419358745,177050.153800197,-7601.11343766625,167556.951007706,-48118.9388380551,85076.9986527945,157723.135648236,175059.681957516,279510.551112307,-133548.495864488,108440.797746877,17447.2185750451,44311.468938571,158853.141726274,113399.881411185,194901.926879732,85181.9164122095,41871.9331608207,73300.1500817821,-116997.272446423,196161.721482466,183223.066600111,212286.391037788,-47551.0257560985,68517.9527110408,-65446.0670943775,393595.602873412,142383.723205126,105175.798756958,68490.5070202962,14414.8264531275,258097.455827441,605.342936257555,19384.0274081725,245446.051622882,43456.7023029498,-23001.1518614146,23147.6491746294,7775.47404383655,-139497.078402478,87714.0238128491,-16266.8678556426,-164359.94348826,282364.780613308,161172.154813479,-70145.3590602898,14795.387576192,-48686.3215441285,138821.463516346,131311.517003558,-13954.460490985,59519.8569987071,231087.483280246,115637.902258038,6845.43864988733,104288.344009102,41808.6909828059,-81303.4586230979,211681.843358221,148089.194637206,155127.966148704,-62818.7803815077,68126.4763841002,-41746.0786506366,103601.684467283,-40708.1449516495,109547.624899965,-26642.7588544315,21618.608510827,134733.827328624,169483.934638425,106569.005407031,43052.908523054,84975.2530372022,-45878.3278456461,80925.9893184204,-134664.567961978,27495.5670724141,-2900.1041660588,134685.337699716,110594.206890092,218559.277478664,-18503.8677083262,202320.36933464,2911.14043674597,-45998.0852881403,-18129.8410945015,-9376.42225425643,-69140.2423916799,-89426.3921746924,65944.2179338426,-21572.5718428605,-15505.5743156782,-27762.253701093,89232.7329065451,-48455.8016285071,111478.960220075,-131894.268838379,149836.993676555,-64365.7354311738,171623.35404746,30641.4619917868,41315.9085647367,378529.589736829,114960.036017385,199416.032570102,2338.47780768983,30607.563208477,114656.10339448,-65124.2397451022,21595.5237765019,134025.253528083,96543.7550079366,-102688.992351149,-234104.357744901,138688.023487237,-41627.3456953505,73709.311616695,51399.2732619295,-33845.4405953379,-99919.4889028466,16551.5664760835,98397.1326602388,269677.450648724,-60758.8092238453,-27001.0036730972,192052.054150825,79131.6708608213,-2388.08806266665,109513.361381896,15471.3962695679,40870.0562732176,-71349.2874482536,-46744.5113275108,-14459.9825796741,53638.8036819099,52657.8382563942,-1393.956615764,132527.267537737,20628.4682326598,40695.7577610994,41313.7508922378,-51323.5792521021,14710.6698417417,65734.0046930868,-67485.0570626272,39374.2523967419,31713.8474162939,-114003.517570369,53592.5031338032,-57612.0288762374,36584.4704118161,71479.7351790864,26690.4068173319,128832.351762449,56088.1677759028,94703.0452902409,-42027.6309036196,196920.668635878,73025.4446229407,68578.8485674453,33032.4934698292,52300.106011575,239642.865803057,73961.6805197634,88309.0044348329,163918.371644464,63448.4993512603,213069.060682605,-131935.689026819,-226702.189301405,142283.796606758,-79552.0549979145,-29034.3806211878,17395.189149072,156017.159661889,24182.6680195107,121334.676432281,248263.052292631,39486.7179567157,-27029.4678835658
10,2013,"08285014","g____r_",1,34.5209175802243,4,21,14,0,101,"B","1","A","B","1","A","0","1","1","2","E","A","E","2","2","E","2","2","A","2","1","2","1",-184047.887551163,"A","2","A",-126803.443380061,-35578.6889150887,122823.785839478,"0",218413.494898411,-1374.79456713932,-12476.0082765554,1115.88382326617,-28156.0056158888,26406.6311372387,-18409.6636727432,37412.072918468,48869.6883404262,56668.3525258209,101135.385261154,174406.237699015,-102764.008331669,1162.73023868175,148111.031382776,133913.077204859,-72789.1695740662,111009.584721441,190260.144344893,149682.133479528,-55951.8697981656,110576.033886566,37067.9095911743,-27520.4660139476,82073.4462731544,119583.121962427,127908.292162362,263159.114361062,65068.286794794,12466.3976007552,-148324.997241913,72313.040996735,-32528.5336811969,75320.9887899129,42771.9863896772,48111.0653771745,59836.0733964775,-146802.224687337,38848.4816029558,177746.824767713,36069.4972797245,16328.3181816306,-15383.0458698261,40725.5334639069,151869.620048806,-188412.611483994,15257.654205092,78919.0625578034,36764.0066728211,-91352.7640295751,21754.0447820141,231773.8832045,53319.7448476107,84953.7123521431,61282.4034915262,-129360.023446044,-134061.232095279,153965.521824511,-12025.5060494697,30434.3427343315,117940.741897573,196295.407973578,-77103.0402971781,201449.565932301,309591.01191078,-141942.799591069,-182417.254639824,73741.5752869241,217598.046737255,110509.460607196,115288.504418336,23446.2945633483,69933.1022950111,150796.060298447,138948.408257486,72275.8476485698,41743.932961261,74919.1151938414,109631.801124258,76502.5816051158,65987.5172377464,5551.51445791432,27103.5558729038,71715.4557052634,131034.025972224,-38479.0873263626,131506.228332467,80994.5722205864,76012.0687919591,30894.038091621,112969.751334078,-247636.633276328,-90610.3130397604,-16783.6093164286,-23195.5417066644,79920.7808896228,266190.041354377,-3126.822995437,-61820.7061855419,86545.9146251139,180612.449103899,-48559.2552259084,188853.990102255,149211.713741657,-84928.8074031127,-88178.3038307041,-74262.642300741,-2295.2358721098,121614.293634236,25158.9355849902,-59737.9769836858,-9234.0317130421,-160168.81937523,-132104.324867869,-107778.85187409,114500.206037909,-66504.2725676716,155925.758952226,-55321.7312508423,75691.459152378,-71431.5225556873,176832.872643407,129220.667001877,143648.514745122,109390.372974713,2394.98299843323,61546.6272042002,252883.606344884,177427.189088746,-87247.207586819,82617.6541326143,114219.590254383,266638.97208428,40424.6358737884,152074.576310662,104497.953659964,-144850.430872309,-39706.5487174649,-171119.615882676,-1691.20882665928,-81234.3534440922,198588.513723245,168637.968088017,60516.1150066601,52460.2859041998,195501.724237016,144627.84034988,110516.659663387,-25565.8046141696,141172.67643477,61350.4148046845,-61713.0493555767,-5276.91834906283,54429.6785654807,170961.516656395,-122179.616123108,-51062.2915163528,123735.934057996,37955.4652512262,-123167.892364883,72831.5019615677,120445.479637812,-59159.7275772247,174235.446585345,130822.480828828,119935.193696655,99172.5309569887,53474.0998736244,29729.9737223102,-33207.5527538601,52006.7705723161,-157224.07314291,-105724.590703827,140051.414335177,119427.219156195,-197307.166860696,24643.8825104809,133098.128384975,50806.8147796945,-43311.1294886895,-17463.7899285241,113818.640964283,46833.2583165691,42838.8060446854,-50353.3600453503,75608.2197360085,-183316.506484025,43072.6856979737,137741.469402955,148794.209105315,-18482.8235726649,-9057.07012670466,-22673.6950260031,-85796.9082236876,-38408.5221175567,94561.202026419,9343.28070422904,164192.437317591,-94795.3666977645,-53004.9039098143,-55228.4755749769,190477.428398549,99993.6254933333,-47185.0581184131,-60713.5314178709,-66253.7022270412,14046.4757254928,109387.670525441,99543.8863393408,151381.301929043,99626.1492379952,25734.6012492207,-135537.588345473,-50039.6953471363,-1451.76936959228,84517.843791004,196777.292780937,74143.7837535584,97738.6114700529,72530.7794564365,-83612.356111367,77693.7860978674,47141.6093395847,10545.3721832657,-62743.1945856986,55322.3980859237,-60222.4229283416,-41722.5011514431,1040.0627613051,125614.514525709,4482.69826417819,70854.3898666211,144727.716940975,21749.6315104996,10695.9622711226,149154.223932314,-12594.9562449976,-56963.5978119725,91695.4222833025,142303.595460671,116140.804883242,207854.526293378,3001.45382368859,35102.524513203,244237.531086543,35159.0426650964,74536.4755994376,-34964.270526264,-44887.6714818351,-37065.5008795605,68500.616329722,128857.300695357,69371.7199769306,199675.935426391,116726.518788568,32853.7573419896,80281.2727718224,261178.957589003,-30549.3883609601,101431.48608041,93670.1225310049,345012.46878404,92876.9754190816,49055.5901942487,125740.382605789,-90690.3840132061,104375.072826805,-88447.7279720123,145766.771530359,40292.3168489354,73361.772583503,141949.014808076,64599.7123778222,-82173.0338053106,20709.5747945704,268808.648275179,-31393.949440582,33868.3203353313,-13493.844916369,13826.7625037317,9381.30672620669,-84256.0765024919,-2786.84567443742,157821.187503018,31575.0019314257,-67616.1661873889,-61801.9582333341,-10359.458216381,2813.28048040355,59056.4387740963,-59240.8090981914,124477.283179148,172884.234286915,-63987.1218543252,-36074.3459583356,31774.1660207606,170515.760375356
10,2014,"16951162","_____r_",2,1092.40592902817,1,13,11,0,201,NA,NA,NA,NA,NA,NA,NA,NA,NA,NA,NA,NA,NA,NA,NA,NA,NA,NA,NA,NA,NA,NA,NA,NA,NA,NA,NA,NA,NA,NA,NA,NA,NA,NA,NA,NA,NA,NA,NA,NA,NA,NA,NA,NA,NA,NA,NA,NA,NA,NA,NA,NA,NA,NA,NA,NA,NA,NA,NA,NA,NA,NA,NA,NA,NA,NA,NA,NA,NA,NA,NA,NA,NA,NA,NA,NA,NA,NA,NA,NA,NA,NA,NA,NA,NA,NA,NA,NA,NA,NA,NA,NA,NA,NA,NA,NA,NA,NA,NA,NA,NA,NA,NA,NA,NA,NA,NA,NA,NA,NA,NA,NA,NA,NA,NA,NA,NA,NA,NA,NA,NA,NA,NA,NA,NA,NA,NA,NA,NA,NA,NA,NA,NA,NA,NA,NA,NA,NA,NA,NA,NA,NA,NA,NA,NA,NA,NA,NA,NA,NA,NA,NA,NA,NA,NA,NA,NA,NA,NA,NA,NA,NA,NA,NA,NA,NA,NA,NA,NA,NA,NA,NA,NA,NA,NA,NA,NA,NA,NA,NA,NA,NA,NA,NA,NA,NA,NA,NA,NA,NA,NA,NA,NA,NA,NA,NA,NA,NA,NA,NA,NA,NA,NA,NA,NA,NA,NA,NA,NA,NA,NA,NA,NA,NA,NA,NA,NA,NA,NA,NA,NA,NA,NA,NA,NA,NA,NA,NA,NA,NA,NA,NA,NA,NA,NA,NA,NA,NA,NA,NA,NA,NA,NA,NA,NA,NA,NA,NA,NA,NA,NA,NA,NA,NA,NA,NA,NA,NA,NA,NA,NA,NA,NA,NA,NA,NA,NA,NA,NA,NA,NA,NA,NA,NA,NA,NA,NA,NA,NA,NA,NA,NA,NA,NA,NA,NA,NA,NA,NA,NA,NA,NA,NA,NA,NA,NA,NA,NA,NA,NA,NA,NA,NA,NA,NA,NA,NA,NA,NA,NA,NA,NA,NA,NA,NA,NA,NA,NA,NA,NA,NA,NA,NA,NA,NA,NA,NA,NA
10,2015,"05934636","g____r_",3,1838.97444651266,1,18,11,0,101,"E","B","B","1","1","A","2","0","B","1","B","2","1","E","1","E","2","0","A","2","1","B","0",119740.239849109,"A","0","B",78667.4347508583,26639.2271623375,189033.611269749,"0",-155385.343158045,35485.6374190749,-98423.2973034378,268122.554827368,134990.424768921,68345.18308494,86270.7714434987,161746.075681183,-152079.485361479,114803.699542564,19625.1688318145,5470.82325581319,47264.7932560872,140028.557790175,-62742.6367269925,-19054.3394277626,112335.045982382,-25067.2324947077,209172.695870782,-42087.0264801049,172220.190842843,98635.2684516996,185636.824330965,97113.6301479388,200782.523286321,100552.657291765,34080.114968215,-4688.39370903969,191925.271242799,164665.991900998,-103807.634268036,-38079.6780905447,11553.5229412693,54796.6325369796,-51947.0313654968,-120036.828311743,143698.375760113,-52732.2516335963,91427.4263793649,28007.6622728704,45456.8561596139,26329.5967173373,64004.5305236773,152478.783160179,104221.476355681,135207.993245024,77756.1905039896,56955.0136302533,86242.8188397216,-77035.2602945555,39025.9068859528,85591.9572488562,106027.937100637,164310.347162964,-2771.63587467579,94316.0687565951,-18898.0913237004,-5616.95145540551,156001.567268432,71775.9218831819,83300.0987861468,-51728.3113249656,18469.5816246877,21223.2391993083,101346.987194328,-58114.370772453,136505.712689698,63410.1606722277,139251.348523726,91472.197495517,20523.5546431014,46511.9811252555,-6692.52764705407,89019.1956179597,-77714.9136783298,99507.903636462,65614.3379587991,-21855.8095675679,91286.5101442514,58496.581302227,17284.3286737837,-37083.7710047381,97377.6944621089,-33748.6569225484,108652.549430364,-4047.49958274153,74751.2062023516,41276.1079534465,108178.500245842,24087.3357768797,39943.2445545318,11394.3442098608,40416.4797979487,202836.743777639,56109.9521929751,44199.2216878135,67304.1090157196,-115319.309870272,79329.7498626519,107550.712469494,-36141.2337737913,68850.5184762452,79631.2695757835,123598.697286216,17802.2299690001,107902.556446468,-79734.096362812,-130172.228834124,12298.4172340139,92498.6677215633,-32401.9649720324,-32367.314221815,-95889.6372064322,4884.12440218405,-6755.7212706385,180940.325518863,104145.262546922,87723.3579564025,-114352.716101224,96129.2824388191,75394.4692905515,-1999.60359821324,14932.0456837559,292912.31180439,-86712.2693058531,162753.02639765,115171.539346408,68037.1251217226,130286.214101012,147349.060409314,127148.117753456,181480.034872898,23251.9653209093,180470.997835748,-89060.2169549814,99646.4252691495,85243.3944461079,-46235.7110332365,69157.3728892137,-11815.0096778853,58607.7787733717,154498.852750824,103501.46776838,-56364.66600567,120652.788829433,48990.967037167,51447.3787695641,-43088.3856244317,135511.641970241,95988.3682616739,-177528.942627231,122259.115730547,63197.2921741321,76315.3055269072,102284.023060979,186643.173595418,221682.51322728,42951.1068647576,-37061.0228971119,90791.4900809305,-85993.6196664991,179889.201619351,97055.1432987346,25739.6473357824,42393.9438451858,143289.928700919,274056.998484905,212562.058287414,120523.59770765,-76337.4608552744,126600.849374302,76575.5690282748,-16501.0948804247,81776.2745770675,-8306.55950481587,269255.845534622,66404.6447555789,-115628.683416617,64505.3006025748,-47373.7946461372,262880.146764338,36232.0676351959,224664.560812042,135266.970358616,-74268.5716334858,62431.4444338291,95551.4461779847,48564.5900027999,-46797.6844745967,-15891.1089446233,-178157.062569204,147875.595304159,-55175.9509948107,164197.248615382,16186.1064753948,104022.395677392,241835.902711163,96606.1771761249,78366.2338704724,250417.307643291,131591.310828083,191889.373188876,44630.7259514759,-42365.6305798106,-78518.5104065643,9819.62945703925,49612.3617468035,89441.018613655,-77397.0080706421,-112647.034573664,55188.6675067405,-93400.4030899281,121326.33729211,-33388.8700512722,87626.3773182122,54799.5453087233,63287.7662958028,-25643.1558869003,211641.261670484,-17975.8867640789,-3026.41954813695,286496.971441186,-85913.9140404372,-49371.1769951427,194132.305838289,34401.146060201,-76556.7061856002,102017.469722931,250069.366653307,118510.149941237,94810.2286803382,29758.6062304781,-48778.4662490664,62585.5698063018,111122.542495643,112554.830065028,-39349.7821216043,-84793.4643353768,60494.34123233,-2927.42444323141,41909.1621469949,37483.6063259086,104804.921571597,139414.150573501,139295.336637301,57196.9551720199,169570.041211112,11954.1570357355,-13236.8905786225,94074.5969133522,-146642.811313434,130384.515006783,26034.7499663959,83889.0178897443,96333.5008579992,92785.6167397529,141516.669024794,-71405.1952455132,137108.899644679,-55566.5644706322,104096.760613115,246713.993557465,146834.352166781,20381.0389524903,226731.69945849,-51087.0776406074,200720.659110808,-20045.3341129137,15209.2858157604,175348.513282246,10890.6472922913,73185.1513545559,176126.28794341,60581.7245781625,-41267.188025113,6280.72194817033,141230.627014708,40841.3565101132,118750.555367507,-47995.3122998536,96633.5853360864,79220.5823855325,46296.0283409745,115644.366578731,-67846.5279964634,-97444.0672198032,104667.389323808,97521.8459831209,127836.056650634,109866.802363185,42968.1157383564,95471.9972596295,37967.1675136702,-22010.3102664329,46945.6155184252,-47646.6019607635,40697.9034139645
10,2016,"04513706","_____r_",1,1803.93808236632,1,14,8,1,101,NA,NA,NA,NA,NA,NA,NA,NA,NA,NA,NA,NA,NA,NA,NA,NA,NA,NA,NA,NA,NA,NA,NA,NA,NA,NA,NA,NA,NA,NA,NA,NA,NA,NA,NA,NA,NA,NA,NA,NA,NA,NA,NA,NA,NA,NA,NA,NA,NA,NA,NA,NA,NA,NA,NA,NA,NA,NA,NA,NA,NA,NA,NA,NA,NA,NA,NA,NA,NA,NA,NA,NA,NA,NA,NA,NA,NA,NA,NA,NA,NA,NA,NA,NA,NA,NA,NA,NA,NA,NA,NA,NA,NA,NA,NA,NA,NA,NA,NA,NA,NA,NA,NA,NA,NA,NA,NA,NA,NA,NA,NA,NA,NA,NA,NA,NA,NA,NA,NA,NA,NA,NA,NA,NA,NA,NA,NA,NA,NA,NA,NA,NA,NA,NA,NA,NA,NA,NA,NA,NA,NA,NA,NA,NA,NA,NA,NA,NA,NA,NA,NA,NA,NA,NA,NA,NA,NA,NA,NA,NA,NA,NA,NA,NA,NA,NA,NA,NA,NA,NA,NA,NA,NA,NA,NA,NA,NA,NA,NA,NA,NA,NA,NA,NA,NA,NA,NA,NA,NA,NA,NA,NA,NA,NA,NA,NA,NA,NA,NA,NA,NA,NA,NA,NA,NA,NA,NA,NA,NA,NA,NA,NA,NA,NA,NA,NA,NA,NA,NA,NA,NA,NA,NA,NA,NA,NA,NA,NA,NA,NA,NA,NA,NA,NA,NA,NA,NA,NA,NA,NA,NA,NA,NA,NA,NA,NA,NA,NA,NA,NA,NA,NA,NA,NA,NA,NA,NA,NA,NA,NA,NA,NA,NA,NA,NA,NA,NA,NA,NA,NA,NA,NA,NA,NA,NA,NA,NA,NA,NA,NA,NA,NA,NA,NA,NA,NA,NA,NA,NA,NA,NA,NA,NA,NA,NA,NA,NA,NA,NA,NA,NA,NA,NA,NA,NA,NA,NA,NA,NA,NA,NA,NA,NA,NA,NA,NA,NA,NA,NA,NA,NA,NA,NA,NA,NA,NA,NA,NA
10,2017,"10141607","g____r_",1,9.38137087396062,4,15,13,0,101,"B","0","0","2","A","A","2","E","B","0","0","B","0","1","1","2","B","A","A","2","E","0","0",126367.420590727,"1","B","2",-149487.774592344,280138.079060378,29961.3810912492,"1",-12941.7294719732,89023.5663530305,211938.052743864,100801.788439208,226379.090266236,147289.702481064,203415.249499743,120367.183613463,111790.518228358,-6911.03531616164,-7931.33013331414,21892.7396493026,49014.8817229317,198701.144991899,80838.240761918,79985.2297593908,103561.412157915,285517.659822754,150238.125537987,30350.234880374,2360.18132106112,-695.08364584596,29600.4427269403,204762.130396232,43555.3094082651,-17956.2553079928,147201.113562952,28529.8785743975,238879.266169194,155074.235926998,-25192.0452028961,63114.2744175004,55025.2745855196,187737.115716548,87513.7924653013,46264.8551809587,34706.166636342,-142148.17478628,-30311.1502605359,120657.886330948,915.568412347515,-61783.3504682659,165713.893643176,79600.6642676339,34805.6202922056,62931.6029993893,56511.6099486909,179861.591749265,76452.5995396771,-91088.8629601918,14051.3884712283,64503.8156117657,-76974.5851533741,111233.249429769,40780.612792752,87108.1352060959,197561.712992177,8962.93872346087,47033.8779174929,1945.92227029665,-213305.506622094,69248.7061586932,-82464.0806210456,19239.5874223804,-97608.0045336287,246875.786853386,43227.0392942658,131982.536255627,134450.03268865,-64765.3986161579,289623.101945679,6561.72412319193,-156766.705758123,237173.38162189,60957.4798514608,-39053.8330417644,9506.53341571988,-11216.097250419,-131818.531006627,298736.040849256,68223.5236212336,110136.953980243,161728.596144337,102353.757263466,28729.6756523355,-85811.8091517601,-62081.2333430763,287648.576202904,-21296.9425753466,226345.582329057,141400.264603567,65311.3593146106,70819.6519967043,217043.462424653,133379.739367579,56881.6479780341,105006.048970867,86811.5907166609,-9932.95917239862,57325.0138681246,-139389.697258931,-158520.375644193,149518.637366785,49308.8358918859,96409.3691406398,-53440.1719026414,164067.791342997,52404.2789174259,149270.759065805,119920.38368248,37356.8644933787,139729.199374676,124549.086118359,13324.6269742497,81047.0098913246,246666.107551471,21587.2930917925,25223.4145478009,-61060.5109795129,-158912.984338882,-124114.13817897,150533.898998118,102367.900862249,-92644.2612357335,-128472.116448817,44282.1289989483,-21066.8737504251,127968.430464798,38555.0540875344,-39483.3372072844,239859.149547137,-52918.9776723688,123354.186311832,-107285.697651987,119956.917336076,29619.7275515224,-37486.1562175778,-126306.855865245,-20051.8239992601,-70787.6395249144,-23023.8354478465,191508.20862098,188887.306778173,261267.661732412,149729.151666973,77170.3050505158,58924.8185024203,87223.6127169958,77627.0446157745,35213.4359896371,-65501.6883830773,121991.330965696,-120526.311937012,-103152.986453284,-7249.98243420196,-61313.3595232359,-30993.9349846685,32852.2769922795,-16713.9373793203,25008.6660369512,203118.553103373,46971.8758181419,58905.6716880801,131671.032444901,39309.6489293662,60912.7936000942,-37531.6864769831,47741.8666287974,120354.785657871,95999.5427663309,17739.4466631065,185025.156685239,-157924.310908913,203337.332143329,202421.543508777,75789.7512329105,-25415.5518648522,184301.446093981,256997.28642321,-117074.181587428,166353.483604097,-47732.4748231282,88211.0587995964,91171.8729682129,-124558.818349169,6293.42357345919,-97272.4778318589,187504.511976011,161370.723893191,48201.6841884978,143240.978591295,-40875.0308020057,-43183.0934462944,187070.051533561,-60223.014609264,9590.96813461876,-22557.6423443862,4039.92681451476,92793.5297481734,-144244.780331284,82944.6522724882,107569.546953693,-203380.554047777,40355.9126533414,173238.88736185,199132.937580247,-70264.1837461827,-71519.2633369422,-55129.8394528689,175270.646645557,18914.2444421369,86633.5371160672,24372.9730644385,65667.0405608276,-48794.4601232591,496.541402087627,21252.7741263676,35352.5302091613,-12278.734790837,-39080.8544973296,33645.1436365984,-44323.4560503614,-17302.4771245647,99445.4314432676,62499.068325989,-15811.1304693632,-228363.635291103,7851.7857461819,72721.7884883845,7360.27676230343,-18337.6204500502,109661.80144604,15199.1875593354,194182.622461278,133653.312058712,230564.076059104,125988.368048467,75768.528848232,-35750.7707823031,43221.0140537366,15489.2967361987,-18478.6601554043,-33776.2514297758,93932.429497047,171747.213431173,-267588.286855083,220356.948378808,127920.710084857,58543.548854262,10393.2736438151,52596.0273070556,102241.958637327,-39115.7757434427,89826.949459219,200061.900778171,-56424.9189696739,32438.5506217115,-39378.5109070578,-23750.9257344198,-4813.59412536577,39385.1439224658,-57039.9033444861,-191662.803422978,29798.8438076665,-17014.7199700163,-87701.0395472847,178039.268780275,291638.801654621,22345.7212060235,123354.742505351,26108.6260242433,-85058.2456512056,-15783.6223460625,25573.4028124727,67344.4519198196,233020.456215554,113695.504040686,31703.0930734773,22461.8769551411,-72441.4252465053,-15431.6335345201,-103643.20441024,-96479.0176163767,132140.852579942,183379.30459221,119277.16090836,260321.724881795,104701.015342458,104126.113871834,102800.620879043,76042.4735655893,82882.5077362435,201627.283758581,121190.30507257,-156465.630450073,66202.5351290213,76095.8833260703
10,2018,"09718544","g____r_",1,8954.58873117106,4,21,16,0,101,"B","0","A","A","0","E","1","E","1","E","A","0","2","A","B","B","A","0","A","0","A","B","A",-48594.1931773877,"E","A","1",138860.644968452,135714.168916303,133343.158710374,"B",121079.583945904,108704.091324688,223840.701714576,15194.2357016797,134564.164703257,60932.8938462714,-55419.254415773,-26851.6246105203,38718.0019696171,-9757.65355321152,-95363.2314997888,-11203.3024284734,86616.6013748668,-46738.4878632267,154052.490218357,89438.6589048353,79735.3967063331,-90903.3975870715,-23547.2799695046,96586.731416755,74642.2656159889,14941.2645373418,-23030.5636162874,-286510.402273871,-27949.8391052853,72010.1068616167,209748.367848942,-122504.281157778,129920.63513107,-54232.0132512294,163454.234103063,77774.096700016,-24862.4482335382,960.776287938781,104156.537468539,43541.8257729248,130281.140380497,-148289.964223577,-137291.426517817,1929.86970678263,-19080.972547595,47024.8383811479,236584.966116118,131455.724801387,190787.547001611,182029.385824533,124984.799461623,141.909138770199,260557.577863459,247343.141500967,-33306.6896681738,-56132.4338313636,-95768.3997997637,21252.9323296934,40188.896254719,203454.676187917,-42124.6001909965,120765.574700143,36717.8823620599,15322.1512253703,-114156.150313579,-20913.583316867,-86592.9104893941,144796.538855744,31949.2949086175,11111.0563330601,170427.599857384,173961.139258497,-65240.7133500899,119823.382186154,-35956.0002183891,-2604.56937829829,-410.204395235873,1151.37302787969,54851.7072018481,236530.31594311,-80651.1692503407,136349.531521784,-77947.8748460869,50081.6865016847,-45527.3410321129,110414.640266405,-3024.81443289211,130572.106214109,-40979.2764738538,172424.838143859,91252.0116526059,91118.2641831053,-13930.0069824822,-88100.5641958891,-29718.4409665905,-6954.77790488565,216911.786900964,-74342.8631447565,-75837.1698595322,-100404.589473779,87805.3639101437,144678.445993334,-9660.1083302862,-40154.4598671304,91531.9464347585,23222.8625773107,10106.4750737093,125526.513361853,252472.59383713,79415.4986615896,84266.9197374913,74705.704483627,-1358.8937308007,237447.644886226,74387.5559823823,142123.912914489,-43484.7619713899,-23069.6446681948,-150938.732009559,176834.947683739,31208.3127430236,110715.341678474,107975.724166149,-187765.154087956,178232.825213783,107442.37975736,-16892.8000234632,123257.83528707,168844.874490346,154992.314734307,50768.1933912555,91379.6564963635,167588.258636102,116911.094389599,-9873.58036615109,31205.4842781663,28406.7167393766,95760.5557462523,-50366.0110412177,193375.799401798,271853.964012061,192072.556645093,5287.8597814583,43411.2883303711,78689.7641742058,-44010.4509240079,-65061.3429255,170484.804595613,232119.172803819,172965.977026296,39684.0636064745,237280.720656063,96945.9654604124,215591.971075524,133724.752420227,78012.7045561332,19332.1375063917,73886.9936985114,97992.9808930888,174611.073725615,-53474.9334251628,7220.90395251532,18820.6054341349,56213.995750322,60140.3846459728,166467.361195982,95850.3542331826,-206348.190723713,-48439.6883900876,58185.7562226869,22880.2287293646,189068.328235347,42239.656425659,175015.766724275,-82787.8077687912,-168313.365651376,-30031.8605839055,24754.3735592976,-91068.4760213601,135864.905377749,-90973.4361382232,-37572.9960206856,-49280.0914411247,7529.45530607818,-110713.124077184,45719.3422209702,8426.99358033905,43019.0959359653,-42275.6628456482,-52589.8347506823,112341.972742019,-216051.514321071,25535.6179891776,15598.9909775022,-47676.7771172873,-129285.120734085,-38698.8789165898,69176.3959368439,132154.13150377,-85191.1690708865,49699.8737865185,92591.508033044,157823.774653023,-115899.480796894,134193.119015377,210798.282358586,62534.5722444515,139198.269466633,3348.97470714145,119927.942547949,147275.478905726,143837.439931229,59363.4978115576,91987.4400075182,84270.8108490538,-45973.2264143695,-8099.99721398143,-24853.7233200104,51486.9064670088,70172.1714742635,59679.0013178529,-16222.4222545885,-7641.25707945719,561.006856507905,55395.2112930713,3357.24318017549,187036.934361297,179798.658168832,-4047.89973424115,183011.394412754,-131146.92641885,-42746.9048028747,180957.423887767,73933.8385438652,62693.8840411621,69185.0420122555,73805.1776664571,-31153.6488271161,121090.586521773,-40384.2838334453,191912.860424751,63564.7086607397,-135998.833238315,53702.5158952173,133528.832280934,21869.4687041666,69076.2717802062,36222.2985193257,-139236.101126662,-93804.512740259,-142902.079449776,288379.355482269,18786.0677036939,4889.66710391203,-40424.4007970624,42226.6830515756,127413.324662732,53602.4718319492,111061.342705022,212570.374457087,34941.8044600536,-19.119268644572,146642.578307861,-276468.987166411,-69914.7241101763,207992.193852752,-35764.9188207684,-124325.767760276,-29905.9797218619,-33588.3036845291,141193.776108867,86884.1192000329,191771.279067405,157822.83122521,49231.4677057296,66839.3983026273,88308.4085491988,76032.0151070429,20389.4902846277,128594.323687973,118255.959729706,35191.9302417313,-63250.0859829766,63289.6118349663,69460.0217737593,212455.306275236,-100231.193209898,164618.033486552,123264.496480148,-31498.9239417384,158597.50661979,33271.4270913049,60756.4655084856,-64498.7648539652,175976.893734642,53616.4997467995,115555.386616572,16535.0150477933,16011.2714319235,133820.909633482,-28560.2709471633
10,2019,"04901923","_____r_",1,1134.27125724084,4,20,15,0,201,NA,NA,NA,NA,NA,NA,NA,NA,NA,NA,NA,NA,NA,NA,NA,NA,NA,NA,NA,NA,NA,NA,NA,NA,NA,NA,NA,NA,NA,NA,NA,NA,NA,NA,NA,NA,NA,NA,NA,NA,NA,NA,NA,NA,NA,NA,NA,NA,NA,NA,NA,NA,NA,NA,NA,NA,NA,NA,NA,NA,NA,NA,NA,NA,NA,NA,NA,NA,NA,NA,NA,NA,NA,NA,NA,NA,NA,NA,NA,NA,NA,NA,NA,NA,NA,NA,NA,NA,NA,NA,NA,NA,NA,NA,NA,NA,NA,NA,NA,NA,NA,NA,NA,NA,NA,NA,NA,NA,NA,NA,NA,NA,NA,NA,NA,NA,NA,NA,NA,NA,NA,NA,NA,NA,NA,NA,NA,NA,NA,NA,NA,NA,NA,NA,NA,NA,NA,NA,NA,NA,NA,NA,NA,NA,NA,NA,NA,NA,NA,NA,NA,NA,NA,NA,NA,NA,NA,NA,NA,NA,NA,NA,NA,NA,NA,NA,NA,NA,NA,NA,NA,NA,NA,NA,NA,NA,NA,NA,NA,NA,NA,NA,NA,NA,NA,NA,NA,NA,NA,NA,NA,NA,NA,NA,NA,NA,NA,NA,NA,NA,NA,NA,NA,NA,NA,NA,NA,NA,NA,NA,NA,NA,NA,NA,NA,NA,NA,NA,NA,NA,NA,NA,NA,NA,NA,NA,NA,NA,NA,NA,NA,NA,NA,NA,NA,NA,NA,NA,NA,NA,NA,NA,NA,NA,NA,NA,NA,NA,NA,NA,NA,NA,NA,NA,NA,NA,NA,NA,NA,NA,NA,NA,NA,NA,NA,NA,NA,NA,NA,NA,NA,NA,NA,NA,NA,NA,NA,NA,NA,NA,NA,NA,NA,NA,NA,NA,NA,NA,NA,NA,NA,NA,NA,NA,NA,NA,NA,NA,NA,NA,NA,NA,NA,NA,NA,NA,NA,NA,NA,NA,NA,NA,NA,NA,NA,NA,NA,NA,NA,NA,NA,NA,NA,NA,NA,NA,NA,NA
